marketplace_listing_title,vehicle_exterior_color,vehicle_fuel_type,vehicle_make_display_name,vehicle_model_display_name,vehicle_transmission_type,kms,price,state,year
2010 BMW series 3,blue,DIESEL,BMW,SERIES 3,AUTOMATIC,172321,5800,QLD,2010
2014 Audi A6,white,DIESEL,AUDI,A6,AUTOMATIC,125187,18499,QLD,2014
2008 Honda Accord,black,PETROL,HONDA,ACCORD,AUTOMATIC,157000,6900,QLD,2008
2024 Ford Ranger,white,PETROL,FORD,RANGER,AUTOMATIC,28500,85000,QLD,2024
2018 Kia Picanto,white,PETROL,KIA,PICANTO,AUTOMATIC,229479,8500,QLD,2018
2020 Renault Master,white,DIESEL,RENAULT,MASTER,AUTOMATIC,111000,24000,QLD,2020
2015 Toyota Corolla,blue,PETROL,TOYOTA,COROLLA,AUTOMATIC,177000,14500,QLD,2015
2015 Ford Ranger,white,DIESEL,FORD,RANGER,AUTOMATIC,220000,6000,QLD,2015
2010 Suzuki Swift,white,PETROL,SUZUKI,SWIFT,AUTOMATIC,229700,6900,QLD,2010
2012 Nissan Navara,grey,DIESEL,NISSAN,NAVARA,MANUAL,230000,11000,QLD,2012
2011 Holden Commodore,white,OTHER,HOLDEN,COMMODORE,AUTOMATIC,184000,10000,QLD,2011
2002 Holden Ute,gold,OTHER,HOLDEN,UTE,MANUAL,207000,17000,QLD,2002
2013 Subaru Impreza,white,PETROL,SUBARU,IMPREZA,AUTOMATIC,140000,9500,QLD,2013
2016 Kia Rio,charcoal,PETROL,KIA,RIO,MANUAL,87000,8000,QLD,2016
2020 Volkswagen Polo,black,PETROL,VOLKSWAGEN,POLO,AUTOMATIC,81886,13500,QLD,2020
2015 Mercedes-Benz s400h,silver,PETROL,MERCEDES-BENZ,S400H,AUTOMATIC,56000,37500,QLD,2015
2011 Hyundai i30,white,DIESEL,HYUNDAI,I30,MANUAL,245000,4500,QLD,2011
2003 Ford Fairlane,white,PETROL,FORD,FAIRLANE,AUTOMATIC,700000,15900,QLD,2003
2009 Land Rover TDV8 range rover sport,red,DIESEL,LAND-ROVER,RANGE ROVER SPORT,AUTOMATIC,171000,27990,QLD,2009
2026 Mazda RX-8,silver,OTHER,MAZDA,RX-8,MANUAL,500,29500,QLD,2026
2009 Toyota Landcruiser 200,white,OTHER,TOYOTA,LANDCRUISER,AUTOMATIC,303000,55000,QLD,2009
2016 Ford Kuga,black,DIESEL,FORD,KUGA,AUTOMATIC,137630,6000,QLD,2016
2015 Ford Ranger,grey,DIESEL,FORD,RANGER,MANUAL,192000,29999,QLD,2015
1999 Toyota Hilux,white,DIESEL,TOYOTA,HILUX,MANUAL,471353,7000,QLD,1999
2015 Hyundai Ix35,white,PETROL,HYUNDAI,IX35,AUTOMATIC,192980,13500,QLD,2015
2010 Holden Commodore,black,PETROL,HOLDEN,COMMODORE,MANUAL,265000,14000,QLD,2010
2012 Suzuki Swift,black,PETROL,SUZUKI,SWIFT,MANUAL,173457,4750,QLD,2012
2017 Audi RS3,white,PETROL,AUDI,RS3,AUTOMATIC,94077,54990,QLD,2017
2014 Toyota Camry,white,PETROL,TOYOTA,CAMRY,AUTOMATIC,195000,11000,QLD,2014
2006 Holden Commodore,black,PETROL,HOLDEN,COMMODORE,AUTOMATIC,203000,4300,QLD,2006
2019 Toyota Corolla,black,HYBRID,TOYOTA,COROLLA,AUTOMATIC,101626,16500,QLD,2019
2006 Ford Falcon,silver,PETROL,FORD,FALCON,AUTOMATIC,182000,3500,QLD,2006
2021 Mercedes-Benz gle 63s,white,PETROL,MERCEDES-BENZ,GLE,AUTOMATIC,50000,147599,QLD,2021
2017 Ford Ranger,white,DIESEL,FORD,RANGER,MANUAL,279950,15950,QLD,2017
2006 Holden Rodeo,white,PETROL,HOLDEN,RODEO,AUTOMATIC,182000,5500,QLD,2006
2021 Subaru AWD Outback ,white,PETROL,SUBARU,OUTBACK,AUTOMATIC,79000,27000,QLD,2021
2015 Mazda BT-50,blue,DIESEL,MAZDA,BT-50,AUTOMATIC,190000,15000,QLD,2015
2021 Ford raptor,grey,DIESEL,FORD,RAPTOR,AUTOMATIC,57346,65000,QLD,2021
2008 Holden Commodore,black,PETROL,HOLDEN,COMMODORE,AUTOMATIC,206250,3000,QLD,2008
2016 Lexus Lexus NX 200t,white,PETROL,LEXUS,NX,AUTOMATIC,177000,26990,QLD,2016
2009 Toyota Hilux,silver,PETROL,TOYOTA,HILUX,MANUAL,315000,8800,QLD,2009
2010 Ford Falcon,black,PETROL,FORD,FALCON,AUTOMATIC,274630,3200,QLD,2010
2020 Volkswagen Caddy,black,DIESEL,VOLKSWAGEN,CADDY,AUTOMATIC,123456,5000,QLD,2020
2015 Toyota kluger,silver,PETROL,TOYOTA,KLUGER,AUTOMATIC,168000,20000,QLD,2015
2001 Hyundai Sonata,red,PETROL,HYUNDAI,SONATA,AUTOMATIC,103581,3200,QLD,2001
2017 Land Rover Discovery Sport,grey,DIESEL,LAND-ROVER,DISCOVERY SPORT,AUTOMATIC,92000,17000,QLD,2017
2022 Kia Sportage,green,PETROL,KIA,SPORTAGE,AUTOMATIC,51577,32000,QLD,2022
1998 Holden  Commodore ss 304,blue,PETROL,HOLDEN,COMMODORE,AUTOMATIC,335000,4500,QLD,1998
2013 Toyota Corolla,white,PETROL,TOYOTA,COROLLA,AUTOMATIC,80870,17000,QLD,2013
2014 Land Rover Discovery,silver,DIESEL,LAND-ROVER,DISCOVERY,AUTOMATIC,155800,23800,QLD,2014
2004 Honda Accord,grey,PETROL,HONDA,ACCORD,AUTOMATIC,183454,5400,QLD,2004
"2024 Ford everest sport wagon 7st 5dr spts auto 10sp, fulltime 4wd dr 3.0dt",grey,DIESEL,FORD,EVEREST,AUTOMATIC,32001,57990,QLD,2024
2014 Ford Ranger,silver,DIESEL,FORD,RANGER,AUTOMATIC,144449,23000,QLD,2014
2014 Honda vezel / hrv 1.5l hybrid,white,HYBRID,HONDA,E,AUTOMATIC,125640,16995,QLD,2014
2012 Toyota Corolla,black,PETROL,TOYOTA,COROLLA,AUTOMATIC,101928,10500,QLD,2012
2018 Mazda bt-50 4x4,white,DIESEL,MAZDA,BT-50,MANUAL,222000,21000,QLD,2018
2019 Mercedes-Benz GLS350 d AMG Line,grey,DIESEL,MERCEDES-BENZ,GLS,AUTOMATIC,61882,61800,QLD,2019
2013 Mitsubishi triton glxr,grey,DIESEL,MITSUBISHI,TRITON,AUTOMATIC,207000,16500,QLD,2013
2003 Nissan Pulsar,brown,PETROL,NISSAN,PULSAR,AUTOMATIC,200000,3000,QLD,2003
2024 Toyota  Hilux 4x4,white,DIESEL,TOYOTA,HILUX,AUTOMATIC,9000,45000,QLD,2024
2022 Ford Ranger Raptor Only 17000kms,orange,PETROL,FORD,RANGER,AUTOMATIC,17000,78800,QLD,2022
2012 Toyota Landcruiser Prado,white,OTHER,TOYOTA,LANDCRUISER,AUTOMATIC,293000,26000,QLD,2012
1989 Toyota Cressida,silver,PETROL,TOYOTA,CRESSIDA,AUTOMATIC,221710,11000,QLD,1989
2012 Ford Focus ,white,PETROL,FORD,FOCUS,AUTOMATIC,112440,9500,QLD,2012
2018 LDV g10 mini bus ,grey,PETROL,LDV,G10,AUTOMATIC,67303,22500,QLD,2018
2005 Subaru Impreza,blue,PETROL,SUBARU,IMPREZA,MANUAL,380000,6000,QLD,2005
2021 Toyota hilux rogue,white,DIESEL,TOYOTA,HILUX,AUTOMATIC,99000,59999,QLD,2021
1999 Holden Commodore,grey,PETROL,HOLDEN,COMMODORE,AUTOMATIC,281000,3500,QLD,1999
2013 Toyota Estima Hybrid,grey,HYBRID,TOYOTA,ESTIMA,AUTOMATIC,100537,26990,QLD,2013
2016 Nissan juke ti-s turbo awd,grey,PETROL,NISSAN,JUKE,AUTOMATIC,85100,15000,QLD,2016
2006 Ford Fiesta,red,PETROL,FORD,FIESTA,MANUAL,159386,3900,QLD,2006
2005 Ford  Bf xr6 falcon,black,PETROL,FORD,FALCON,AUTOMATIC,300,123456,QLD,2005
1997 Mitsubishi Pajero,white,PETROL,MITSUBISHI,PAJERO,MANUAL,365500,5300,QLD,1997
2022 Haval Jolion ,grey,PETROL,HAVAL,JOLION,AUTOMATIC,51851,22990,QLD,2022
2024 Hyundai i30,white,PETROL,HYUNDAI,I30,AUTOMATIC,5000,23500,QLD,2024
2014 Hyundai Accent,white,PETROL,HYUNDAI,ACCENT,AUTOMATIC,179919,8000,QLD,2014
2013 Toyota estima,grey,HYBRID,TOYOTA,ESTIMA,AUTOMATIC,100481,26990,QLD,2013
2019 Honda Civic,white,PETROL,HONDA,CIVIC,AUTOMATIC,89000,20999,QLD,2019
2023 Kia Rio,blue,PETROL,KIA,RIO,AUTOMATIC,36397,22500,QLD,2023
2015 Honda CR-V,blue,PETROL,HONDA,CR-V,AUTOMATIC,208259,15990,QLD,2015
"2007 Lexus rx400h hybrid auto suv luxury. new 3 months rego, rwc, clear ppsr & 1 year extended warranty inc",white,HYBRID,LEXUS,RX,AUTOMATIC,322198,8940,QLD,2007
2003 MINI Cooper,grey,OTHER,MINI,COOPER,MANUAL,250000,7000,QLD,2003
2017 Holden Astra,white,PETROL,HOLDEN,ASTRA,AUTOMATIC,152000,12550,QLD,2017
2005 Jeep Grand Cherokee,black,DIESEL,JEEP,GRAND CHEROKEE,AUTOMATIC,225000,3500,QLD,2005
2013 Mazda CX-5,white,PETROL,MAZDA,CX-5,AUTOMATIC,133000,12600,QLD,2013
2008 Holden Commodore,green,PETROL,HOLDEN,COMMODORE,AUTOMATIC,278941,5000,QLD,2008
2016 Hyundai Santa Fe,blue,DIESEL,HYUNDAI,SANTA FE,AUTOMATIC,120000,22000,QLD,2016
2002 Toyota Landcruiser Prado,grey,DIESEL,TOYOTA,LANDCRUISER,AUTOMATIC,458000,6500,QLD,2002
2005 Hyundai Getz SXI AUTO REGO & RWC GETZ,black,PETROL,HYUNDAI,GETZ,AUTOMATIC,260000,2999,QLD,2005
2010 Toyota RAV4,red,PETROL,TOYOTA,RAV4,MANUAL,380000,6000,QLD,2010
2022 Ford Ranger,white,DIESEL,FORD,RANGER,AUTOMATIC,790000,51000,QLD,2022
2024 Kia ev6,silver,ELECTRIC,KIA,EV6,AUTOMATIC,6200,48000,QLD,2024
1997 Chevrolet Silverado,red,PETROL,CHEVROLET,SILVERADO,AUTOMATIC,50000,51000,QLD,1997
2017 BMW X4,black,DIESEL,BMW,X4,AUTOMATIC,69405,41000,QLD,2017
2024 Jeep Grand Cherokee,white,PETROL,JEEP,GRAND CHEROKEE,AUTOMATIC,26000,76000,QLD,2024
2018 Toyota Yaris,red,OTHER,TOYOTA,YARIS,AUTOMATIC,92000,17500,QLD,2018
2021 Isuzu dmax,white,DIESEL,ISUZU,DMAX,AUTOMATIC,71000,60000,QLD,2021
2022 Toyota Yaris,white,PETROL,TOYOTA,YARIS,AUTOMATIC,52313,29000,QLD,2022
2019 BMW X7 m50d,grey,DIESEL,BMW,M5,AUTOMATIC,52500,72000,QLD,2019
2008 Renault Scenic,red,PETROL,RENAULT,SCENIC,AUTOMATIC,123000,2500,QLD,2008
2019 Mitsubishi ASX,white,PETROL,MITSUBISHI,ASX,AUTOMATIC,83000,20500,QLD,2019
2020 LDV g10,white,DIESEL,LDV,G10,AUTOMATIC,70000,21500,QLD,2020
2019 BMW X4,white,PETROL,BMW,X4,AUTOMATIC,106000,41500,QLD,2019
2022 Chevrolet Silverado,silver,PETROL,CHEVROLET,SILVERADO,AUTOMATIC,54000,102000,QLD,2022
2022 Volvo XC40,grey,PETROL,VOLVO,XC40,AUTOMATIC,46600,41500,QLD,2022
2011 Mitsubishi Lancer,blue,PETROL,MITSUBISHI,LANCER,AUTOMATIC,193000,5000,QLD,2011
2017 Isuzu D-Max,white,DIESEL,ISUZU,D-MAX,AUTOMATIC,244000,27500,QLD,2017
2014 Ford Focus,white,PETROL,FORD,FOCUS,AUTOMATIC,138000,9500,QLD,2014
2018 Hyundai Tucson,grey,DIESEL,HYUNDAI,TUCSON,AUTOMATIC,324000,15750,QLD,2018
2019 Kia Picanto,silver,PETROL,KIA,PICANTO,MANUAL,119000,11399,QLD,2019
2002 Isuzu NKR,white,DIESEL,ISUZU,NKR,MANUAL,348000,12000,QLD,2002
2017 Ford Ranger,silver,DIESEL,FORD,RANGER,AUTOMATIC,150000,30000,QLD,2017
2022 MG ZS,white,PETROL,MG,ZS,AUTOMATIC,53078,18000,QLD,2022
1992 Toyota Hilux,purple,PETROL,TOYOTA,HILUX,AUTOMATIC,25500,4000,QLD,1992
2009 Toyota Crown Athlete GRS204,grey,PETROL,TOYOTA,CROWN,AUTOMATIC,73000,16250,QLD,2009
2003 Toyota Camry,blue,PETROL,TOYOTA,CAMRY,AUTOMATIC,177600,4800,QLD,2003
2014 Toyota kluger,gold,PETROL,TOYOTA,KLUGER,AUTOMATIC,214000,18000,QLD,2014
2022 Suzuki Vitara,turquoise,PETROL,SUZUKI,VITARA,MANUAL,47000,22950,QLD,2022
2019 Mercedes-Benz A180,black,PETROL,MERCEDES-BENZ,A-CLASS,AUTOMATIC,85000,29200,QLD,2019
2013 Holden cruze,black,PETROL,HOLDEN,CRUZE,AUTOMATIC,171117,7000,QLD,2013
1972 Ford Fairmont,red,PETROL,FORD,FAIRMONT,MANUAL,10000,195000,QLD,1972
2023 Mazda BT-50,black,DIESEL,MAZDA,BT-50,MANUAL,53200,55000,QLD,2023
2012 Ford Ranger,white,DIESEL,FORD,RANGER,MANUAL,180067,20000,QLD,2012
2020 Volkswagen Tiguan,white,PETROL,VOLKSWAGEN,TIGUAN,AUTOMATIC,70800,22888,QLD,2020
2015 Hyundai Tucson,black,PETROL,HYUNDAI,TUCSON,AUTOMATIC,211000,18881,QLD,2015
2012 Hyundai i30,silver,PETROL,HYUNDAI,I30,AUTOMATIC,118000,9999,QLD,2012
2020 Isuzu D-Max,silver,DIESEL,ISUZU,D-MAX,AUTOMATIC,219000,38000,QLD,2020
2010 Toyota Corolla,silver,PETROL,TOYOTA,COROLLA,MANUAL,303000,4500,QLD,2010
2019 Ford Ranger extra cab 4x4 automatic NO DEPOSIT FINANCE FROM $110 per week,white,DIESEL,FORD,RANGER,AUTOMATIC,297057,21999,QLD,2019
2019 Volkswagen Polo,black,OTHER,VOLKSWAGEN,POLO,AUTOMATIC,66360,14000,QLD,2019
2016 Nissan XTRAIL ST 4WD AUTO REGO&RWC ,blue,PETROL,NISSAN,XTRAIL ST 4WD AUTO REGO&RWC,AUTOMATIC,151545,10900,QLD,2016
2016 Honda Odyssey,white,DIESEL,HONDA,ODYSSEY,AUTOMATIC,220000,8900,QLD,2016
2010 Ford Mondeo,brown,PETROL,FORD,MONDEO,AUTOMATIC,215000,7000,QLD,2010
2011 Kia Cerato,silver,PETROL,KIA,CERATO,AUTOMATIC,229900,4099,QLD,2011
"2021 Toyota yaris mxpa10r ascent sport hatchback 5dr cvt 1sp, 1.5i",white,PETROL,TOYOTA,YARIS,AUTOMATIC,27887,17990,QLD,2021
2011 Ford Fiesta,silver,PETROL,FORD,FIESTA,AUTOMATIC,166000,5900,QLD,2011
2017 Ford Focus,white,PETROL,FORD,FOCUS,AUTOMATIC,43493,16000,QLD,2017
2011 Nissan 370Z,silver,OTHER,NISSAN,370Z,MANUAL,167000,23900,QLD,2011
2017 Mitsubishi Triton ,silver,DIESEL,MITSUBISHI,TRITON,AUTOMATIC,186663,23999,QLD,2017
2001 Nissan patrol ute,white,DIESEL,NISSAN,PATROL,AUTOMATIC,46000,52000,QLD,2001
2007 Toyota Hilux,white,PETROL,TOYOTA,HILUX,AUTOMATIC,19100,22500,QLD,2007
2016 FIAT Ducato,white,OTHER,FIAT,DUCATO,AUTOMATIC,182000,23000,QLD,2016
2005 Nissan Patrol,blue,DIESEL,NISSAN,PATROL,MANUAL,425000,35000,QLD,2005
2014 Toyota Hilux,white,DIESEL,TOYOTA,HILUX,MANUAL,239500,19750,QLD,2014
2015 Hyundai Tucson,red,PETROL,HYUNDAI,TUCSON,AUTOMATIC,278469,10500,QLD,2015
2013 Volkswagen Golf,silver,PETROL,VOLKSWAGEN,GOLF,AUTOMATIC,202153,7650,QLD,2013
2014 Ford Focus,grey,PETROL,FORD,FOCUS,AUTOMATIC,174000,9000,QLD,2014
2008 Nissan Navara,red,DIESEL,NISSAN,NAVARA,MANUAL,230000,9700,QLD,2008
2011 Nissan Navara,burgundy,DIESEL,NISSAN,NAVARA,MANUAL,305000,6000,QLD,2011
1998 Ford Falcon,white,PETROL,FORD,FALCON,AUTOMATIC,311680,5500,QLD,1998
2011 Audi A1,black,DIESEL,AUDI,A1,MANUAL,92500,10200,QLD,2011
2013 Holden Commodore,blue,PETROL,HOLDEN,COMMODORE,MANUAL,35000,48000,QLD,2013
2018 Ford raptor,grey,DIESEL,FORD,RAPTOR,AUTOMATIC,160000,48000,QLD,2018
2013 Ford Fiesta,silver,PETROL,FORD,FIESTA,AUTOMATIC,72000,10300,QLD,2013
2006 Subaru Impreza,silver,PETROL,SUBARU,IMPREZA,MANUAL,224005,3800,QLD,2006
2025 Toyota RAV4,grey,HYBRID,TOYOTA,RAV4,AUTOMATIC,600,58000,QLD,2025
2014 Volkswagen Jetta,gold,PETROL,VOLKSWAGEN,JETTA,AUTOMATIC,131000,9490,QLD,2014
2016 Land Rover Discovery Sport,white,PETROL,LAND-ROVER,DISCOVERY SPORT,AUTOMATIC,134500,22000,QLD,2016
2015 Kia Sorento,grey,DIESEL,KIA,SORENTO,AUTOMATIC,129835,21490,QLD,2015
2007 Nissan Patrol,white,DIESEL,NISSAN,PATROL,MANUAL,269000,14000,QLD,2007
2021 Nissan navara np300,grey,DIESEL,NISSAN,NAVARA,AUTOMATIC,52000,48000,QLD,2021
2011 Holden Ute,silver,OTHER,HOLDEN,UTE,MANUAL,133000,14000,QLD,2011
2002 Toyota Corolla,white,PETROL,TOYOTA,COROLLA,AUTOMATIC,136800,3400,QLD,2002
2007 Holden Astra,black,PETROL,HOLDEN,ASTRA,AUTOMATIC,181000,2500,QLD,2007
2018 Ford Mustang,blue,PETROL,FORD,MUSTANG,MANUAL,102000,55000,QLD,2018
2014 Audi A5,black,OTHER,AUDI,A5,AUTOMATIC,85800,19900,QLD,2014
2018 Audi A3 40TFSI S-LINE QUATTRO 2.0L TURBO AUTO MY19 3 YEARS WARRANTY,white,PETROL,AUDI,A3,AUTOMATIC,103000,25000,QLD,2018
2006 Hyundai Getz,red,PETROL,HYUNDAI,GETZ,MANUAL,230363,3500,QLD,2006
2012 Mazda CX-9,turquoise,PETROL,MAZDA,CX-9,AUTOMATIC,220000,4700,QLD,2012
2008 Hyundai Tucson,blue,OTHER,HYUNDAI,TUCSON,AUTOMATIC,200000,4800,QLD,2008
2015 Ford Ranger,blue,DIESEL,FORD,RANGER,AUTOMATIC,260677,20000,QLD,2015
2011 BMW X1,white,DIESEL,BMW,X1,AUTOMATIC,215000,7000,NSW,2011
1982 Holden Commodore,green,PETROL,HOLDEN,COMMODORE,AUTOMATIC,161000,9000,NSW,1982
2018 Mitsubishi ASX,blue,PETROL,MITSUBISHI,ASX,AUTOMATIC,60000,20000,SA,2018
2017 Mazda CX-5,white,PETROL,MAZDA,CX-5,AUTOMATIC,90000,25000,NSW,2017
2014 Nissan MURANO Ti WAGON,grey,PETROL,NISSAN,MURANO,AUTOMATIC,219617,7990,SA,2014
2018 Toyota Corolla,silver,HYBRID,TOYOTA,COROLLA,AUTOMATIC,240000,14500,SA,2018
2022 Ford Courier,white,DIESEL,FORD,COURIER,AUTOMATIC,87000,34000,SA,2022
2012 Volkswagen Passat,grey,PETROL,VOLKSWAGEN,PASSAT,AUTOMATIC,153000,11600,SA,2012
2020 Volkswagen AMAROK TDI580 ULTIMATE 4x4 Auto,black,DIESEL,VOLKSWAGEN,AMAROK,AUTOMATIC,128089,44990,SA,2020
2019 Toyota Hiace,white,DIESEL,TOYOTA,HIACE,MANUAL,115000,43000,SA,2019
2022 Jeep gladiator,grey,PETROL,JEEP,GLADIATOR,AUTOMATIC,82000,62000,SA,2022
2009 Toyota Kluger,silver,PETROL,TOYOTA,KLUGER,AUTOMATIC,237000,8500,SA,2009
1977 Ford F-150,red,PETROL,FORD,F-150,AUTOMATIC,89965,35000,SA,1977
2012 Honda Civic,blue,PETROL,HONDA,CIVIC,MANUAL,117300,9250,SA,2012
2005 Volkswagen Caddy,grey,DIESEL,VOLKSWAGEN,CADDY,MANUAL,40000,4000,SA,2005
2024 Toyota RAV4,grey,PETROL,TOYOTA,RAV4,AUTOMATIC,68500,52000,SA,2024
2017 Renault Trafic,white,DIESEL,RENAULT,TRAFIC,MANUAL,159000,17500,SA,2017
2011 Holden Cruze,silver,PETROL,HOLDEN,CRUZE,AUTOMATIC,119000,5000,SA,2011
2008 Mitsubishi Lancer,black,PETROL,MITSUBISHI,LANCER,AUTOMATIC,260000,5000,SA,2008
2023 MG ZS,white,PETROL,MG,ZS,AUTOMATIC,21000,19000,SA,2023
2013 Subaru XV ,green,PETROL,SUBARU,XV,AUTOMATIC,281093,8888,SA,2013
2008 Holden Caprice,grey,OTHER,HOLDEN,CAPRICE,AUTOMATIC,230000,8950,SA,2008
2025 Porsche Macan,white,PETROL,PORSCHE,MACAN,AUTOMATIC,300,144999,SA,2025
2020 Ford Mustang,silver,PETROL,FORD,MUSTANG,AUTOMATIC,25000,63400,VIC,2020
2013 Holden Captiva,red,DIESEL,HOLDEN,CAPTIVA,AUTOMATIC,176000,5250,VIC,2013
2009 Toyota Aurion,white,PETROL,TOYOTA,AURION,AUTOMATIC,201000,6300,VIC,2009
2016 Renault Kangoo,red,PETROL,RENAULT,KANGOO,AUTOMATIC,90000,11990,VIC,2016
2015 Holden Commodore,silver,PETROL,HOLDEN,COMMODORE,AUTOMATIC,180000,10500,VIC,2015
2013 BMW 116i,white,PETROL,BMW,SERIES 1,AUTOMATIC,103296,13500,VIC,2013
2010 Nissan 370Z,black,OTHER,NISSAN,370Z,MANUAL,148000,22000,VIC,2010
2014 Hyundai Ix35,silver,OTHER,HYUNDAI,IX35,AUTOMATIC,222902,10000,VIC,2014
2025 Isuzu MU-X,grey,DIESEL,ISUZU,MU-X,AUTOMATIC,9220,58900,VIC,2025
2015 Toyota Kluger GX,grey,PETROL,TOYOTA,KLUGER,AUTOMATIC,159057,21800,VIC,2015
2011 Volvo V60,black,PETROL,VOLVO,V60,AUTOMATIC,88000,9500,VIC,2011
2018 Ford Ranger,white,DIESEL,FORD,RANGER,AUTOMATIC,124500,19990,VIC,2018
2021 Ford Everest,white,DIESEL,FORD,EVEREST,AUTOMATIC,171000,27000,VIC,2021
2016 Volkswagen Scirocco,blue,PETROL,VOLKSWAGEN,SCIROCCO,AUTOMATIC,142123,21000,VIC,2016
2008 Holden Calais,gold,PETROL,HOLDEN,CALAIS,AUTOMATIC,209000,5200,VIC,2008
2017 Toyota C-HR,grey,HYBRID,TOYOTA,C-HR,AUTOMATIC,95200,22000,VIC,2017
2014 Mercedes-Benz CLA 200,grey,PETROL,MERCEDES-BENZ,A-CLASS,AUTOMATIC,94500,19500,WA,2014
2017 Holden Captiva,grey,DIESEL,HOLDEN,CAPTIVA,AUTOMATIC,155000,9000,WA,2017
2013 Mercedes-Benz A200,black,PETROL,MERCEDES-BENZ,A-CLASS,AUTOMATIC,149000,11600,VIC,2013
2007 Hyundai Elantra,gold,PETROL,HYUNDAI,ELANTRA,AUTOMATIC,265310,3200,WA,2007
2009 Ford Focus,blue,PETROL,FORD,FOCUS,AUTOMATIC,186000,9500,WA,2009
2015 Toyota Yaris,blue,PETROL,TOYOTA,YARIS,MANUAL,153000,13000,WA,2015
2013 Jeep Wrangler Unlimited,black,PETROL,JEEP,WRANGLER,AUTOMATIC,195000,18000,WA,2013
2005 Nissan Pulsar,white,PETROL,NISSAN,PULSAR,AUTOMATIC,225000,3600,WA,2005
2014 Volkswagen Golf,silver,PETROL,VOLKSWAGEN,GOLF,AUTOMATIC,147000,8950,WA,2014
2003 Holden Monaro CV8,blue,PETROL,HOLDEN,MONARO,AUTOMATIC,74500,44887,WA,2003
2007 Subaru liberty,grey,PETROL,SUBARU,LIBERTY,AUTOMATIC,233694,6500,WA,2007
2002 Holden Commodore,white,OTHER,HOLDEN,COMMODORE,AUTOMATIC,300000,6000,WA,2002
2019 Honda CR-V,grey,PETROL,HONDA,CR-V,AUTOMATIC,77700,19000,WA,2019
2016 Mercedes-Benz gle 250d,white,DIESEL,MERCEDES-BENZ,GLE,AUTOMATIC,170000,23000,WA,2016
2022 Toyota Camry,white,HYBRID,TOYOTA,CAMRY,AUTOMATIC,75000,31800,WA,2022
2015 Toyota Landcruiser Prado,silver,DIESEL,TOYOTA,LANDCRUISER,AUTOMATIC,186000,39900,WA,2015
2008 Jaguar X-TYPE,silver,PETROL,JAGUAR,X-TYPE,AUTOMATIC,108000,8000,WA,2008
2023 Ford Everest,white,DIESEL,FORD,EVEREST,AUTOMATIC,72000,77000,WA,2023
2020 MG HS Essance SAS23,red,PETROL,MG,HS,AUTOMATIC,54756,18000,WA,2020
1997 Holden Commodore,yellow,PETROL,HOLDEN,COMMODORE,AUTOMATIC,169000,43000,WA,1997
2013 Ford Territory,silver,PETROL,FORD,TERRITORY,AUTOMATIC,128000,13500,QLD,2013
2004 Toyota Landcruiser 100,grey,DIESEL,TOYOTA,LANDCRUISER,AUTOMATIC,420000,37500,QLD,2004
2016 Holden Holden Colorado,red,OTHER,HOLDEN,COLORADO,AUTOMATIC,160075,21999,QLD,2016
2019 Škoda Karoq,white,PETROL,ŠKODA,KAROQ,AUTOMATIC,80000,19000,QLD,2019
2011 Ford Ranger,silver,DIESEL,FORD,RANGER,MANUAL,212000,14000,QLD,2011
2008 Hyundai Elantra,silver,PETROL,HYUNDAI,ELANTRA,AUTOMATIC,166000,5800,QLD,2008
2013 Suzuki Grand Vitara,white,PETROL,SUZUKI,GRAND VITARA,AUTOMATIC,135000,16500,QLD,2013
2018 Kia Optima,grey,PETROL,KIA,OPTIMA,AUTOMATIC,184000,12500,QLD,2018
2008 Nissan Navara,grey,OTHER,NISSAN,NAVARA,AUTOMATIC,220000,9990,QLD,2008
2015 Nissan Navara,orange,DIESEL,NISSAN,NAVARA,AUTOMATIC,182180,22500,QLD,2015
2006 Lexus is350 japanese import,red,OTHER,LEXUS,ES,AUTOMATIC,90000,17500,QLD,2006
2019 Toyota Kluger,white,PETROL,TOYOTA,KLUGER,AUTOMATIC,113054,35000,QLD,2019
2019 Volkswagen Amarok,blue,DIESEL,VOLKSWAGEN,AMAROK,AUTOMATIC,91153,38900,QLD,2019
1974 Mercedes-Benz 450SEL,silver,PETROL,MERCEDES-BENZ,450SEL,AUTOMATIC,329000,8900,QLD,1974
2014 Holden Calais,black,PETROL,HOLDEN,CALAIS,AUTOMATIC,158000,19800,QLD,2014
2010 Isuzu DMAX,black,DIESEL,ISUZU,DMAX,MANUAL,340000,15000,QLD,2010
2018 Mercedes-Benz Other,black,PETROL,MERCEDES-BENZ,OTHER,AUTOMATIC,46000,25000,QLD,2018
2021 Škoda Karoq,white,PETROL,ŠKODA,KAROQ,AUTOMATIC,80000,17999,QLD,2021
2014 Toyota Hiace,black,DIESEL,TOYOTA,HIACE,AUTOMATIC,87000,33000,QLD,2014
2021 Toyota Corolla,white,OTHER,TOYOTA,COROLLA,AUTOMATIC,75960,22500,QLD,2021
2008 Land Rover Discovery,blue,PETROL,LAND-ROVER,DISCOVERY,AUTOMATIC,198654,15000,QLD,2008
2010 Volkswagen Eos,blue,PETROL,VOLKSWAGEN,EOS,AUTOMATIC,183000,5800,NSW,2010
2015 Mitsubishi Outlander,grey,PETROL,MITSUBISHI,OUTLANDER,AUTOMATIC,120000,16000,NSW,2015
2020 Volkswagen Golf,white,PETROL,VOLKSWAGEN,GOLF,AUTOMATIC,99500,36000,NSW,2020
2015 Audi Q5,white,PETROL,AUDI,Q5,AUTOMATIC,156792,12900,NSW,2015
2010 Volkswagen Polo,blue,PETROL,VOLKSWAGEN,POLO,MANUAL,150000,2990,NSW,2010
2014 Alfa Romeo Giulietta,silver,PETROL,ALFA-ROMEO,GIULIETTA,AUTOMATIC,98300,6500,NSW,2014
2012 Mazda CX-5,blue,DIESEL,MAZDA,CX-5,AUTOMATIC,118000,10500,NSW,2012
2016 Jeep Cherokee,black,PETROL,JEEP,CHEROKEE,AUTOMATIC,129313,13000,NSW,2016
2001 Ford F-250,white,DIESEL,FORD,F-250,AUTOMATIC,398000,34000,NSW,2001
2012 Toyota Corolla,white,PETROL,TOYOTA,COROLLA,AUTOMATIC,193000,8490,WA,2012
2010 Ford Falcon,white,PETROL,FORD,FALCON,AUTOMATIC,179000,13500,NSW,2010
2014 Hyundai Hyundai iLOAD,grey,DIESEL,HYUNDAI,ILOAD,AUTOMATIC,249000,11000,NSW,2014
2012 Ford g6e,black,PETROL,FORD,G6E,AUTOMATIC,186000,12750,NSW,2012
2018 Toyota Crown,silver,HYBRID,TOYOTA,CROWN,AUTOMATIC,112000,30000,NSW,2018
2015 Hyundai Ix35,white,OTHER,HYUNDAI,IX35,AUTOMATIC,131000,11700,QLD,2015
2020 Suzuki Swift,red,PETROL,SUZUKI,SWIFT,AUTOMATIC,120000,15500,NSW,2020
2009 HSV Club Sport,black,PETROL,HSV,CLUB SPORT,AUTOMATIC,145000,50000,QLD,2009
2019 Volvo fm450,white,DIESEL,VOLVO,FM450,AUTOMATIC,970000,75000,NSW,2019
2012 Volkswagen amarok tdi400 trendline 2h manual 4mot my12.5 dual cab,blue,DIESEL,VOLKSWAGEN,AMAROK,MANUAL,246000,10900,SA,2012
2012 Porsche Cayenne,white,HYBRID,PORSCHE,CAYENNE,AUTOMATIC,80100,29900,NSW,2012
1998 Toyota 105 series landcruiser,grey,DIESEL,TOYOTA,LANDCRUISER,MANUAL,689235,12000,QLD,1998
2010 Ford Xr5 Mondeo,grey,PETROL,FORD,MONDEO,MANUAL,180000,7250,VIC,2010
2020 Hyundai Kona,white,PETROL,HYUNDAI,KONA,AUTOMATIC,75000,19500,QLD,2020
2017 Mitsubishi ASX,white,PETROL,MITSUBISHI,ASX,AUTOMATIC,105000,16900,VIC,2017
2013 Volkswagen Golf,white,PETROL,VOLKSWAGEN,GOLF,MANUAL,250000,6000,QLD,2013
2018 Isuzu D-Max,blue,DIESEL,ISUZU,D-MAX,AUTOMATIC,298000,15999,VIC,2018
2011 Holden caprice v,black,OTHER,HOLDEN,CAPRICE,AUTOMATIC,497095,9990,VIC,2011
2004 Nissan Patrol,white,DIESEL,NISSAN,PATROL,MANUAL,472000,19000,WA,2004
2020 Toyota Yaris,white,PETROL,TOYOTA,YARIS,MANUAL,25100,43000,WA,2020
2025 Toyota Hilux,silver,DIESEL,TOYOTA,HILUX,AUTOMATIC,563,72888,WA,2025
2014 Isuzu dmax,blue,DIESEL,ISUZU,DMAX,MANUAL,246000,26000,WA,2014
2005 Toyota Hilux,white,DIESEL,TOYOTA,HILUX,MANUAL,306000,21000,VIC,2005
2013 Nissan Navara,silver,DIESEL,NISSAN,NAVARA,AUTOMATIC,480000,12500,WA,2013
2010 Kia Cerato,silver,PETROL,KIA,CERATO,MANUAL,257000,6000,WA,2010
2008 BMW X5,silver,PETROL,BMW,X5,AUTOMATIC,181540,12200,WA,2008
2012 Audi A5,white,PETROL,AUDI,A5,AUTOMATIC,175000,9500,WA,2012
2009 Ford Falcon,charcoal,PETROL,FORD,FALCON,MANUAL,250000,12000,WA,2009
2016 Nissan X-Trail,white,PETROL,NISSAN,X-TRAIL,AUTOMATIC,188505,13999,WA,2016
2007 Toyota Corolla Hatchback,beige,PETROL,TOYOTA,COROLLA,AUTOMATIC,234000,5900,WA,2007
2008 Ford Falcon,grey,PETROL,FORD,FALCON,AUTOMATIC,180000,5000,WA,2008
2010 Hyundai i45,white,PETROL,HYUNDAI,I45,AUTOMATIC,150000,7000,WA,2010
2003 Toyota Estima,grey,PETROL,TOYOTA,ESTIMA,AUTOMATIC,175000,7000,WA,2003
2019 Mitsubishi Outlander,silver,DIESEL,MITSUBISHI,OUTLANDER,AUTOMATIC,207000,14490,WA,2019
2007 Kia  Sorento ,black,PETROL,KIA,SORENTO,AUTOMATIC,330000,3000,WA,2007
2017 Honda Accord,silver,PETROL,HONDA,ACCORD,AUTOMATIC,151510,16000,VIC,2017
2014 Jeep Wrangler Unlimited,white,PETROL,JEEP,WRANGLER,AUTOMATIC,100700,26800,VIC,2014
2017 Toyota Hiace Welcab TRH200,white,PETROL,TOYOTA,HIACE,AUTOMATIC,79649,39990,WA,2017
2016 Land Rover Discovery Sport,blue,DIESEL,LAND-ROVER,DISCOVERY SPORT,AUTOMATIC,167500,6500,VIC,2016
2011 Hyundai Ix35,white,PETROL,HYUNDAI,IX35,AUTOMATIC,159000,9990,VIC,2011
2022 Hyundai staria load,white,DIESEL,HYUNDAI,STARIA,AUTOMATIC,118000,22995,VIC,2022
2019 Honda Civic,grey,PETROL,HONDA,CIVIC,AUTOMATIC,90000,34000,VIC,2019
2007 Kia Rio,green,PETROL,KIA,RIO,AUTOMATIC,171000,5500,VIC,2007
2008 Nissan Dualis,blue,PETROL,NISSAN,DUALIS,MANUAL,351000,3250,VIC,2008
2010 Hyundai Santa Fe,grey,DIESEL,HYUNDAI,SANTA FE,AUTOMATIC,339845,3000,VIC,2010
2002 Toyota Corolla,red,PETROL,TOYOTA,COROLLA,AUTOMATIC,240000,4250,VIC,2002
2010 BMW 320i m sport,black,PETROL,BMW,320I M SPORT,AUTOMATIC,199000,7000,SA,2010
2002 Holden Ute,black,PETROL,HOLDEN,UTE,AUTOMATIC,270000,20000,SA,2002
2018 Ford transit custom,yellow,DIESEL,FORD,TRANSIT CUSTOM,AUTOMATIC,198000,22000,SA,2018
2004 Ford Escape,silver,PETROL,FORD,ESCAPE,AUTOMATIC,243976,4490,SA,2004
1999 Toyota Landcruiser 100,green,DIESEL,TOYOTA,LANDCRUISER,MANUAL,620000,17000,SA,1999
2021 Toyota Camry,white,HYBRID,TOYOTA,CAMRY,AUTOMATIC,93860,30000,SA,2021
2018 Mitsubishi Outlander ES,white,OTHER,MITSUBISHI,OUTLANDER,AUTOMATIC,185000,15900,SA,2018
2022 Toyota kluger 2022,blue,HYBRID,TOYOTA,KLUGER,AUTOMATIC,36000,52000,SA,2022
1974 Ford Falcon,red,PETROL,FORD,FALCON,AUTOMATIC,208584,107500,SA,1974
2012 Toyota RAV4,silver,PETROL,TOYOTA,RAV4,AUTOMATIC,284000,6000,NSW,2012
2015 Mitsubishi Mirage,silver,PETROL,MITSUBISHI,MIRAGE,AUTOMATIC,147000,9500,WA,2015
1990 Suzuki Vitara,white,PETROL,SUZUKI,VITARA,AUTOMATIC,248000,8290,SA,1990
2010 Subaru Forester X SatNav Edition MY10 SN2222B,white,PETROL,SUBARU,FORESTER,AUTOMATIC,242161,6995,NSW,2010
2009 Renault scenic 7 seat rwc & rego,silver,OTHER,RENAULT,SCENIC,AUTOMATIC,112443,4999,VIC,2009
2009 Mazda CX-9,black,OTHER,MAZDA,CX-9,AUTOMATIC,278000,4500,NSW,2009
2006 Holden Commodore,orange,PETROL,HOLDEN,COMMODORE,AUTOMATIC,235000,5500,NSW,2006
2017 Nissan Navara,white,DIESEL,NISSAN,NAVARA,AUTOMATIC,174000,14500,NSW,2017
2007 Mitsubishi Outlander,gold,PETROL,MITSUBISHI,OUTLANDER,AUTOMATIC,240485,4990,NSW,2007
2017 Hyundai Hyundai iLOAD,white,DIESEL,HYUNDAI,ILOAD,AUTOMATIC,346200,15950,NSW,2017
2008 Nissan 370gt,white,PETROL,NISSAN,370GT,AUTOMATIC,95000,16000,NSW,2008
2017 Toyota C-HR,black,PETROL,TOYOTA,C-HR,AUTOMATIC,190000,23000,NSW,2017
2009 Hyundai Getz,white,PETROL,HYUNDAI,GETZ,MANUAL,92030,5500,NSW,2009
2015 Hyundai Santa Fe,grey,DIESEL,HYUNDAI,SANTA FE,AUTOMATIC,305000,12000,NSW,2015
2016 Volkswagen Tiguan,white,PETROL,VOLKSWAGEN,TIGUAN,AUTOMATIC,246000,12000,NSW,2016
2016 Kia Sorento,white,DIESEL,KIA,SORENTO,AUTOMATIC,294582,14500,NSW,2016
2011 Volkswagen Tiguan,silver,DIESEL,VOLKSWAGEN,TIGUAN,AUTOMATIC,16825,7990,QLD,2011
2011 Hyundai i30,grey,DIESEL,HYUNDAI,I30,AUTOMATIC,210229,4000,NSW,2011
1998 Lexus GS300,white,PETROL,LEXUS,GS,AUTOMATIC,346000,6000,QLD,1998
2020 Ford Ranger,grey,DIESEL,FORD,RANGER,AUTOMATIC,105000,54800,QLD,2020
2017 Nissan Qashqai,grey,PETROL,NISSAN,QASHQAI,AUTOMATIC,153000,15000,NSW,2017
1973 Ford Falcon,yellow,PETROL,FORD,FALCON,MANUAL,12345,130000,QLD,1973
2021 Toyota Hilux,charcoal,DIESEL,TOYOTA,HILUX,AUTOMATIC,75000,57500,QLD,2021
2023 Mercedes-Benz GLC300,black,OTHER,MERCEDES-BENZ,GLC,AUTOMATIC,37400,81500,QLD,2023
2019 Ford everest titanium 4x4,black,DIESEL,FORD,EVEREST,AUTOMATIC,127014,34500,QLD,2019
2012 Nissan dualis ti awd,white,PETROL,NISSAN,DUALIS,AUTOMATIC,89093,9700,QLD,2012
1971 Volkswagen Beetle,red,PETROL,VOLKSWAGEN,BEETLE,MANUAL,7000,15000,QLD,1971
2015 Nissan JUKE,grey,PETROL,NISSAN,JUKE,AUTOMATIC,157180,9999,QLD,2015
2015 Jeep Cherokee,white,DIESEL,JEEP,CHEROKEE,AUTOMATIC,169000,13200,QLD,2015
2009 Hyundai i30,red,PETROL,HYUNDAI,I30,AUTOMATIC,255000,4490,QLD,2009
2017 Suzuki Swift,black,PETROL,SUZUKI,SWIFT,AUTOMATIC,105000,12000,QLD,2017
2015 Toyota Camry,white,PETROL,TOYOTA,CAMRY,AUTOMATIC,383960,10000,QLD,2015
2016 Holden Captiva,blue,PETROL,HOLDEN,CAPTIVA,AUTOMATIC,108100,7000,QLD,2016
2006 Toyota Camry,gold,PETROL,TOYOTA,CAMRY,AUTOMATIC,144107,10500,QLD,2006
2016 Toyota Hiace,black,PETROL,TOYOTA,HIACE,AUTOMATIC,142455,25999,QLD,2016
2014 Lexus IS300H F SPORT,red,HYBRID,LEXUS,IS,AUTOMATIC,183000,21000,QLD,2014
2023 Nissan Pathfinder,white,PETROL,NISSAN,PATHFINDER,AUTOMATIC,29000,60000,QLD,2023
2013 Toyota Landcruiser 200,grey,DIESEL,TOYOTA,LANDCRUISER,AUTOMATIC,252000,52000,QLD,2013
2019 Nissan Xtrail,silver,PETROL,NISSAN,X-TRAIL,AUTOMATIC,163710,17990,SA,2019
2025 Toyota Alphard,white,OTHER,TOYOTA,ALPHARD,AUTOMATIC,388,120000,NSW,2025
2004 Land Rover range rover hse l322,blue,PETROL,LAND-ROVER,RANGE ROVER,AUTOMATIC,195000,6750,VIC,2004
2019 Mitsubishi Outlander,white,PETROL,MITSUBISHI,OUTLANDER,AUTOMATIC,150000,22000,WA,2019
2008 Toyota Landcruiser Prado,grey,DIESEL,TOYOTA,LANDCRUISER,AUTOMATIC,278000,18000,SA,2008
2004 Subaru Forester,blue,PETROL,SUBARU,FORESTER,AUTOMATIC,354000,4500,WA,2004
2012 Kia Rio,grey,PETROL,KIA,RIO,AUTOMATIC,112374,7500,WA,2012
2006 Audi A4,black,PETROL,AUDI,A4,AUTOMATIC,210617,4800,QLD,2006
2009 Ford Falcon,white,OTHER,FORD,FALCON,AUTOMATIC,272200,10000,WA,2009
2021 Mazda CX-3 MAXX SPORT,blue,PETROL,MAZDA,CX-3,AUTOMATIC,35000,18990,WA,2021
2011 Nissan Qashqai,silver,PETROL,NISSAN,QASHQAI,MANUAL,292902,3400,WA,2011
2019 Mitsubishi Outlander,black,PETROL,MITSUBISHI,OUTLANDER,AUTOMATIC,81167,18900,SA,2019
2015 Honda Civic,grey,OTHER,HONDA,CIVIC,AUTOMATIC,76321,20000,WA,2015
2018 Holden Holden Colorado,white,DIESEL,HOLDEN,COLORADO,AUTOMATIC,196434,26000,WA,2018
2015 Jeep cherokee limited 4x4,black,PETROL,JEEP,CHEROKEE,AUTOMATIC,182305,8500,WA,2015
2005 Hyundai Tiburon,silver,PETROL,HYUNDAI,TIBURON,MANUAL,255000,5000,WA,2005
2007 Ford Falcon,blue,OTHER,FORD,FALCON,AUTOMATIC,270000,7000,WA,2007
2016 Hyundai Accent,white,PETROL,HYUNDAI,ACCENT,AUTOMATIC,110000,10990,WA,2016
"2018 Holden trax ls automatic $9,999",silver,PETROL,HOLDEN,TRAX,AUTOMATIC,130000,9999,WA,2018
2014 BMW X5,black,DIESEL,BMW,X5,AUTOMATIC,204000,20000,WA,2014
2009 Volkswagen Golf,red,PETROL,VOLKSWAGEN,GOLF,AUTOMATIC,166272,10990,WA,2009
2013 Volkswagen Amarok,green,DIESEL,VOLKSWAGEN,AMAROK,MANUAL,202000,15500,WA,2013
2009 Holden Commodore,black,PETROL,HOLDEN,COMMODORE,AUTOMATIC,240000,18000,WA,2009
2017 Holden Holden Colorado,white,DIESEL,HOLDEN,COLORADO,MANUAL,222000,16500,VIC,2017
2019 Audi A4,white,PETROL,AUDI,A4,AUTOMATIC,280000,15000,VIC,2019
2018 Nissan Navara ST NPS300,black,DIESEL,NISSAN,NAVARA,MANUAL,70000,31500,WA,2018
2023 Volkswagen Golf,grey,PETROL,VOLKSWAGEN,GOLF,AUTOMATIC,57500,31000,VIC,2023
2010 Nissan Navara,white,DIESEL,NISSAN,NAVARA,AUTOMATIC,260000,11500,VIC,2010
2017 Ford Ranger,black,OTHER,FORD,RANGER,AUTOMATIC,250000,40000,VIC,2017
2015 Honda Grace/ city Hybrid Grey ,grey,HYBRID,HONDA,CITY,AUTOMATIC,82000,13999,VIC,2015
2013 Holden Captiva,black,DIESEL,HOLDEN,CAPTIVA,AUTOMATIC,162000,5500,VIC,2013
2019 Kia Rio,white,PETROL,KIA,RIO,AUTOMATIC,124000,15000,VIC,2019
2009 Mazda CX-9,black,PETROL,MAZDA,CX-9,AUTOMATIC,131000,12000,VIC,2009
2013 Nissan Murano,black,PETROL,NISSAN,MURANO,AUTOMATIC,225000,8700,VIC,2013
2020 Ford Ranger,white,DIESEL,FORD,RANGER,AUTOMATIC,105000,27800,VIC,2020
2002 BMW 325i,purple,OTHER,BMW,SERIES 3,AUTOMATIC,178000,7500,VIC,2002
1986 Jaguar xj12 sovereign,silver,PETROL,JAGUAR,XJ,AUTOMATIC,145000,40000,VIC,1986
2008 Hyundai Hyundai iLOAD,white,DIESEL,HYUNDAI,ILOAD,AUTOMATIC,181000,9500,VIC,2008
2016 Honda Civic,grey,PETROL,HONDA,CIVIC,AUTOMATIC,149000,19000,VIC,2016
2021 Toyota Hilux,white,PETROL,TOYOTA,HILUX,AUTOMATIC,118500,30000,NSW,2021
2016 Jeep Grand Cherokee,black,DIESEL,JEEP,GRAND CHEROKEE,AUTOMATIC,188728,25000,NSW,2016
2007 Subaru Impreza,black,PETROL,SUBARU,IMPREZA,MANUAL,245000,5000,NSW,2007
2014 Ford Focus,black,PETROL,FORD,FOCUS,AUTOMATIC,131176,10000,NSW,2014
2014 Toyota Corolla,red,OTHER,TOYOTA,COROLLA,AUTOMATIC,184000,12700,NSW,2014
2007 Ford Escape,black,PETROL,FORD,ESCAPE,AUTOMATIC,266000,6200,NSW,2007
2018 Ford Ranger,black,OTHER,FORD,RANGER,AUTOMATIC,238000,32000,NSW,2018
2010 Volkswagen Eos,silver,PETROL,VOLKSWAGEN,EOS,AUTOMATIC,83300,8990,NSW,2010
2017 Kia Cerato,black,PETROL,KIA,CERATO,AUTOMATIC,132000,15550,NSW,2017
2008 Toyota Corolla,red,OTHER,TOYOTA,COROLLA,AUTOMATIC,300000,5900,NSW,2008
2023 Volkswagen Crafter,white,DIESEL,VOLKSWAGEN,CRAFTER,MANUAL,47517,49700,NSW,2023
2017 Audi A4 Luxury Sunroof ,white,OTHER,AUDI,A4,AUTOMATIC,100817,21950,NSW,2017
2018 Suzuki Swift,charcoal,PETROL,SUZUKI,SWIFT,AUTOMATIC,122000,15500,NSW,2018
2014 Hyundai Veloster,white,PETROL,HYUNDAI,VELOSTER,MANUAL,208000,7000,NSW,2014
2017 Land Rover discovery hse td6,red,DIESEL,LAND-ROVER,DISCOVERY,AUTOMATIC,137000,29990,NSW,2017
2014 Nissan X-Trail,black,PETROL,NISSAN,X-TRAIL,MANUAL,116900,12000,NSW,2014
2016 Nissan Navara,black,DIESEL,NISSAN,NAVARA,MANUAL,186377,17990,NSW,2016
2021 Mitsubishi Mitsubishi Express,white,DIESEL,MITSUBISHI,EXPRESS,AUTOMATIC,30000,25000,NSW,2021
2014 Kia Rio,black,PETROL,KIA,RIO,MANUAL,120000,8900,SA,2014
1994 Holden 1994 Holden v8 statesman ,gold,PETROL,HOLDEN,STATESMAN,AUTOMATIC,3042,10000,SA,1994
2007 Ford territory awd,white,PETROL,FORD,TERRITORY,AUTOMATIC,183000,4200,SA,2007
2012 Subaru Forester,grey,PETROL,SUBARU,FORESTER,AUTOMATIC,255258,6999,SA,2012
2014 Toyota Camry,white,PETROL,TOYOTA,CAMRY,AUTOMATIC,400,6500,NSW,2014
2009 Hyundai i30,blue,PETROL,HYUNDAI,I30,AUTOMATIC,325803,3300,SA,2009
2006 Mitsubishi Lancer,white,OTHER,MITSUBISHI,LANCER,AUTOMATIC,212000,4500,SA,2006
2013 BMW X6,white,DIESEL,BMW,X6,AUTOMATIC,181000,18000,SA,2013
2018 Toyota CROWN Hybrid G-Executive,white,HYBRID,TOYOTA,CROWN,AUTOMATIC,92518,39990,SA,2018
2023 Hyundai i30,white,PETROL,HYUNDAI,I30,AUTOMATIC,30000,30000,SA,2023
1997 Ford Explorer,white,PETROL,FORD,EXPLORER,AUTOMATIC,296523,3500,SA,1997
2007 Volkswagen Golf,silver,PETROL,VOLKSWAGEN,GOLF,MANUAL,220000,5500,SA,2007
2023 Mazda cx-3 maxx sport,silver,PETROL,MAZDA,CX-3,MANUAL,22564,22990,SA,2023
2017 Mazda BT-50,black,DIESEL,MAZDA,BT-50,AUTOMATIC,142000,28000,SA,2017
2010 Nissan Tiida,white,PETROL,NISSAN,TIIDA,AUTOMATIC,127000,6000,SA,2010
1970 Holden Holden Kingswood,white,PETROL,HOLDEN,HOLDEN KINGSWOOD,MANUAL,100000,8499,SA,1970
2017 Lexus Lexus NX 200t,red,PETROL,LEXUS,NX,AUTOMATIC,84500,28500,QLD,2017
2010 Ford Falcon,black,PETROL,FORD,FALCON,AUTOMATIC,157000,10000,QLD,2010
2014 Toyota Hiace,white,PETROL,TOYOTA,HIACE,MANUAL,438518,11500,QLD,2014
2013 Toyota Camry,red,PETROL,TOYOTA,CAMRY,AUTOMATIC,161218,9499,SA,2013
2020 Porsche Macan,grey,PETROL,PORSCHE,MACAN,AUTOMATIC,60000,72000,QLD,2020
2025 Volkswagen Volkswagen 1600,green,PETROL,VOLKSWAGEN,VOLKSWAGEN 1600,MANUAL,300,29000,QLD,2025
2018 Mitsubishi Pajero,white,DIESEL,MITSUBISHI,PAJERO,AUTOMATIC,76400,45000,QLD,2018
1971 Ford Ford Capri,green,OTHER,FORD,FORD CAPRI,MANUAL,66153,23999,QLD,1971
2009 Subaru Forester,blue,PETROL,SUBARU,FORESTER,MANUAL,182476,3000,QLD,2009
2019 Nissan X-TRAIL,orange,PETROL,NISSAN,X-TRAIL,AUTOMATIC,67000,22999,QLD,2019
2011 Holden Captiva,silver,PETROL,HOLDEN,CAPTIVA,AUTOMATIC,225000,5000,QLD,2011
"2016 Ford Ranger XL PX MkII 4X4 3.2L 🔥 297,739kms",white,DIESEL,FORD,RANGER,AUTOMATIC,297739,13999,NSW,2016
2013 BMW X3,silver,DIESEL,BMW,X3,AUTOMATIC,183355,12600,QLD,2013
2017 Mazda CX-3,blue,PETROL,MAZDA,CX-3,AUTOMATIC,90465,21990,QLD,2017
2004 Holden Commodore,grey,PETROL,HOLDEN,COMMODORE,AUTOMATIC,488871,3500,SA,2004
2001 Honda Prelude,grey,OTHER,HONDA,PRELUDE,MANUAL,213000,13999,QLD,2001
2012 Volkswagen Touareg,white,DIESEL,VOLKSWAGEN,TOUAREG,AUTOMATIC,198000,15750,VIC,2012
2022 Volkswagen Golf,grey,OTHER,VOLKSWAGEN,GOLF,AUTOMATIC,51000,37000,SA,2022
2020 Mazda CX-8,white,DIESEL,MAZDA,CX-8,AUTOMATIC,171306,28000,SA,2020
2011 Honda CR-V,silver,PETROL,HONDA,CR-V,AUTOMATIC,212000,11800,VIC,2011
1985 Holden Calais,brown,PETROL,HOLDEN,CALAIS,AUTOMATIC,100000,30000,SA,1985
2019 Ford RANGER XLS 4X4,white,DIESEL,FORD,RANGER,AUTOMATIC,146859,23950,NSW,2019
2006 Mercedes-Benz Mercedes-Benz C230,silver,PETROL,MERCEDES-BENZ,MERCEDES-BENZ C230,AUTOMATIC,155000,8000,SA,2006
2009 Toyota Corolla,red,PETROL,TOYOTA,COROLLA,MANUAL,230000,4450,VIC,2009
2006 Honda CR-V,black,OTHER,HONDA,CR-V,MANUAL,200000,4000,VIC,2006
2016 Holden Captiva,white,PETROL,HOLDEN,CAPTIVA,AUTOMATIC,121963,9000,VIC,2016
2012 Holden cruze,burgundy,PETROL,HOLDEN,CRUZE,MANUAL,200000,2500,VIC,2012
2012 Toyota Hiace,white,PETROL,TOYOTA,HIACE,MANUAL,215000,28000,VIC,2012
2012 Mazda CX-9,grey,OTHER,MAZDA,CX-9,AUTOMATIC,318000,5000,VIC,2012
2008 Honda Jazz,white,OTHER,HONDA,JAZZ,AUTOMATIC,237000,4999,VIC,2008
2023 Mazda BT-50,white,DIESEL,MAZDA,BT-50,AUTOMATIC,52300,48000,VIC,2023
2004 Holden Commodore,blue,OTHER,HOLDEN,COMMODORE,AUTOMATIC,190000,123456,VIC,2004
2018 Mercedes-Benz Vito,white,DIESEL,MERCEDES-BENZ,VITO,AUTOMATIC,191000,24500,VIC,2018
2002 Toyota Landcruiser,grey,DIESEL,TOYOTA,LANDCRUISER,AUTOMATIC,425000,11500,VIC,2002
2017 Holden Astra,silver,OTHER,HOLDEN,ASTRA,AUTOMATIC,160000,11500,VIC,2017
2014 Ford Focus,white,PETROL,FORD,FOCUS,AUTOMATIC,125000,8100,VIC,2014
2011 Toyota Corolla,white,PETROL,TOYOTA,COROLLA,MANUAL,117000,7500,VIC,2011
2015 Toyota Camry,black,PETROL,TOYOTA,CAMRY,AUTOMATIC,593000,8000,VIC,2015
2011 Honda Odyssey,black,PETROL,HONDA,ODYSSEY,AUTOMATIC,206196,11000,SA,2011
2008 Toyota Camry,blue,PETROL,TOYOTA,CAMRY,AUTOMATIC,214000,6250,SA,2008
1991 Toyota Cressida,silver,PETROL,TOYOTA,CRESSIDA,MANUAL,300000,30000,SA,1991
1990 Toyota Hilux,beige,DIESEL,TOYOTA,HILUX,MANUAL,216000,9000,SA,1990
1965 Ford Falcon,white,OTHER,FORD,FALCON,AUTOMATIC,12345,39995,SA,1965
2013 Ford Focus,silver,PETROL,FORD,FOCUS,MANUAL,224000,11300,SA,2013
2008 Subaru Forester,blue,PETROL,SUBARU,FORESTER,AUTOMATIC,371000,4200,SA,2008
2013 Holden Commodore,grey,OTHER,HOLDEN,COMMODORE,AUTOMATIC,187000,10500,SA,2013
2013 BMW 320i,red,PETROL,BMW,SERIES 3,AUTOMATIC,94031,15000,SA,2013
2021 Toyota HILUX SR 4X4,white,DIESEL,TOYOTA,HILUX,AUTOMATIC,110763,43950,NSW,2021
2007 Mitsubishi Lancer,blue,PETROL,MITSUBISHI,LANCER,AUTOMATIC,265000,4000,SA,2007
2023 Nissan z,white,PETROL,NISSAN,Z,MANUAL,21500,65000,NSW,2023
2012 Subaru XV,red,OTHER,SUBARU,XV,AUTOMATIC,154300,9500,NSW,2012
1993 Toyota Hilux,blue,DIESEL,TOYOTA,HILUX,MANUAL,294989,10000,SA,1993
2014 Toyota Corolla,blue,PETROL,TOYOTA,COROLLA,AUTOMATIC,144800,14800,NSW,2014
2000 Holden Commodore,blue,OTHER,HOLDEN,COMMODORE,AUTOMATIC,12345,34500,NSW,2000
2010 Audi A4,white,DIESEL,AUDI,A4,AUTOMATIC,200539,6500,SA,2010
2014 Subaru Impreza,blue,PETROL,SUBARU,IMPREZA,MANUAL,237000,4000,NSW,2014
2021 Toyota Corolla,white,HYBRID,TOYOTA,COROLLA,AUTOMATIC,117000,19999,NSW,2021
2020 Toyota Alphard,white,OTHER,TOYOTA,ALPHARD,AUTOMATIC,59000,59990,VIC,2020
2014 Toyota Hilux,white,DIESEL,TOYOTA,HILUX,AUTOMATIC,370000,24000,NSW,2014
2001 Lexus GS300,blue,PETROL,LEXUS,GS,AUTOMATIC,198000,15000,NSW,2001
2014 Nissan Nissan Silvia,black,OTHER,NISSAN,NISSAN SILVIA,AUTOMATIC,185000,8500,NSW,2014
2016 Holden Holden Colorado,white,OTHER,HOLDEN,COLORADO,AUTOMATIC,115000,30990,NSW,2016
2004 Ford Falcon,green,PETROL,FORD,FALCON,AUTOMATIC,11111,4000,NSW,2004
2007 Lexus Lexus IS 250,silver,PETROL,LEXUS,IS,AUTOMATIC,174000,11000,NSW,2007
2014 Toyota Corolla,black,PETROL,TOYOTA,COROLLA,AUTOMATIC,190000,13500,NSW,2014
1998 Toyota Hiace,white,DIESEL,TOYOTA,HIACE,MANUAL,384600,6000,NSW,1998
2016 MINI countryman r60 my15 cooper s,silver,PETROL,MINI,COUNTRYMAN,MANUAL,115873,21999,NSW,2016
2013 Holden Barina,blue,PETROL,HOLDEN,BARINA,MANUAL,169939,2500,QLD,2013
2014 Nissan Navara,white,DIESEL,NISSAN,NAVARA,AUTOMATIC,249000,24975,QLD,2014
2007 BMW 130i,white,OTHER,BMW,SERIES 1,MANUAL,140000,39999,QLD,2007
2014 Mercedes-Benz GL63,grey,PETROL,MERCEDES-BENZ,CLA,AUTOMATIC,77000,53999,QLD,2014
2020 Hyundai Hyundai iLOAD,white,DIESEL,HYUNDAI,ILOAD,AUTOMATIC,179000,23500,QLD,2020
2011 Toyota Hilux,white,DIESEL,TOYOTA,HILUX,MANUAL,397000,17000,QLD,2011
2015 Mercedes-Benz A class,grey,PETROL,MERCEDES-BENZ,A-CLASS,AUTOMATIC,183000,15000,QLD,2015
2005 Ford Falcon,black,OTHER,FORD,FALCON,AUTOMATIC,200000,2500,QLD,2005
2025 Holden Holden HQ,white,OTHER,HOLDEN,HOLDEN HQ,AUTOMATIC,100000,5000,QLD,2025
2010 Mazda CX-7,white,PETROL,MAZDA,CX-7,AUTOMATIC,180000,4000,QLD,2010
2022 LDV deliver 9 turbo diesel auto,white,DIESEL,LDV,DELIVER 9,AUTOMATIC,98773,27999,QLD,2022
2019 Ford Ranger,black,OTHER,FORD,RANGER,AUTOMATIC,164000,38000,QLD,2019
2017 Toyota Fortuner,white,DIESEL,TOYOTA,FORTUNER,AUTOMATIC,120000,43500,QLD,2017
2017 Isuzu D-Max Auto 4X4 Service Ute ARB GVM Upgrade,white,DIESEL,ISUZU,D-MAX,AUTOMATIC,149123,29990,QLD,2017
2004 Hyundai Accent,black,PETROL,HYUNDAI,ACCENT,AUTOMATIC,210000,3600,QLD,2004
2012 MINI Coupe,black,PETROL,MINI,MINI,MANUAL,52000,21990,WA,2012
2008 Suzuki Swift,brown,PETROL,SUZUKI,SWIFT,AUTOMATIC,214000,5000,WA,2008
2008 Suzuki Swift,white,PETROL,SUZUKI,SWIFT,MANUAL,197372,6000,NSW,2008
2014 Jeep Grand Cherokee,white,PETROL,JEEP,GRAND CHEROKEE,AUTOMATIC,198000,5000,NSW,2014
2012 Suzuki sx4 awd 2.0l 6sp manual low kms,white,PETROL,SUZUKI,SX4,MANUAL,119829,6990,WA,2012
2002 Holden Commodore,green,PETROL,HOLDEN,COMMODORE,MANUAL,300000,5500,WA,2002
2019 Subaru WRX STI Premium ,blue,PETROL,SUBARU,WRX,MANUAL,86742,47888,WA,2019
2011 Volkswagen Golf,grey,OTHER,VOLKSWAGEN,GOLF,AUTOMATIC,145000,7200,VIC,2011
2014 Holden TRAX ,blue,PETROL,HOLDEN,TRAX,AUTOMATIC,121000,8999,VIC,2014
2012 Hyundai Santa Fe,grey,DIESEL,HYUNDAI,SANTA FE,AUTOMATIC,260000,9000,WA,2012
2017 Mercedes-Benz cla-class,white,PETROL,MERCEDES-BENZ,A-CLASS,AUTOMATIC,118142,25000,VIC,2017
2009 Mitsubishi Pajero,grey,PETROL,MITSUBISHI,PAJERO,AUTOMATIC,145701,7000,QLD,2009
2012 Jeep Compass,black,PETROL,JEEP,COMPASS,AUTOMATIC,200645,5500,WA,2012
2014 Toyota Camry,silver,HYBRID,TOYOTA,CAMRY,AUTOMATIC,300000,16500,NSW,2014
2021 Hyundai i30,white,PETROL,HYUNDAI,I30,AUTOMATIC,124500,20400,VIC,2021
2013 BMW 320d,white,DIESEL,BMW,SERIES 3,AUTOMATIC,145000,18000,VIC,2013
2007 HSV Club Sport,grey,PETROL,HSV,CLUB SPORT,AUTOMATIC,201000,40000,VIC,2007
2009 Toyota Hilux,white,DIESEL,TOYOTA,HILUX,AUTOMATIC,165000,21000,VIC,2009
2016 Volkswagen Golf,white,PETROL,VOLKSWAGEN,GOLF,AUTOMATIC,158700,15000,VIC,2016
2020 Honda CR-V,white,PETROL,HONDA,CR-V,AUTOMATIC,150000,20999,VIC,2020
2016 Volkswagen Jetta,white,PETROL,VOLKSWAGEN,JETTA,MANUAL,140000,7500,VIC,2016
1988 BMW 325i,silver,PETROL,BMW,SERIES 3,MANUAL,122000,29880,NSW,1988
2006 Subaru liberty gt spec b,black,PETROL,SUBARU,LIBERTY,MANUAL,232000,11500,VIC,2006
2018 Volkswagen Passat 206TSI DSG 4MOTION R-Line,black,PETROL,VOLKSWAGEN,PASSAT,AUTOMATIC,109000,27999,SA,2018
2005 Holden vz storm ute 6 speed manual,silver,PETROL,HOLDEN,UTE,MANUAL,200000,12990,VIC,2005
2016 Toyota Landcruiser Prado,grey,DIESEL,TOYOTA,LANDCRUISER,AUTOMATIC,190000,37000,VIC,2016
2009 Subaru Forester,grey,PETROL,SUBARU,FORESTER,MANUAL,243000,4000,VIC,2009
2008 Subaru impreza wrx sti,silver,PETROL,SUBARU,IMPREZA,MANUAL,200000,23990,VIC,2008
2021 Audi SQ5 TDI,grey,DIESEL,AUDI,SQ5,AUTOMATIC,30000,71999,SA,2021
2019 Mercedes-Benz Mercedes-Benz 250SE,red,PETROL,MERCEDES-BENZ,MERCEDES-BENZ 250SE,AUTOMATIC,99266,29500,VIC,2019
2013 Hyundai veloster sr turbo,red,PETROL,HYUNDAI,VELOSTER,MANUAL,140000,9500,SA,2013
2008 Toyota Camry,silver,PETROL,TOYOTA,CAMRY,AUTOMATIC,182000,7500,SA,2008
2012 Ford Falcon,white,OTHER,FORD,FALCON,AUTOMATIC,270000,4000,SA,2012
2017 Mercedes-Benz glc43 amg,black,PETROL,MERCEDES-BENZ,GLC,AUTOMATIC,71000,50888,SA,2017
2012 Honda Accord,charcoal,PETROL,HONDA,ACCORD,AUTOMATIC,85162,14800,SA,2012
2008 Toyota Aurion,blue,PETROL,TOYOTA,AURION,AUTOMATIC,214632,6499,SA,2008
2011 Toyota FJ Cruiser,yellow,PETROL,TOYOTA,FJ CRUISER,AUTOMATIC,310000,24900,QLD,2011
2009 Toyota Hilux,silver,DIESEL,TOYOTA,HILUX,MANUAL,275000,24999,QLD,2009
2009 Suzuki Jimny,white,PETROL,SUZUKI,JIMNY,AUTOMATIC,52000,18250,SA,2009
2000 Nissan Nissan Skyline GT-R,white,PETROL,NISSAN,GT-R,AUTOMATIC,121000,25000,QLD,2000
2011 Toyota Rukus,grey,PETROL,TOYOTA,RUKUS,AUTOMATIC,218000,7000,QLD,2011
"2011 Nissan Navara ST-X D40 4X4 🔥 173,800kms",white,DIESEL,NISSAN,NAVARA,AUTOMATIC,173800,13990,NSW,2011
2018 Mercedes-Benz CLA 45 AMG,black,PETROL,MERCEDES-BENZ,A-CLASS,AUTOMATIC,90000,48000,QLD,2018
1999 Toyota Landcruiser,grey,PETROL,TOYOTA,LANDCRUISER,AUTOMATIC,288000,13000,WA,1999
1955 Ford Fairlane,red,PETROL,FORD,FAIRLANE,AUTOMATIC,300,95000,WA,1955
2005 Nissan X-Trail,gold,PETROL,NISSAN,X-TRAIL,AUTOMATIC,400000,4500,WA,2005
2015 MINI Cooper S F56 Manual,orange,PETROL,MINI,COOPER,MANUAL,90256,16985,WA,2015
2010 Toyota Hilux,white,DIESEL,TOYOTA,HILUX,MANUAL,220000,10000,WA,2010
2008 Land Rover Range Rover Sport,grey,DIESEL,LAND-ROVER,RANGE ROVER SPORT,AUTOMATIC,250000,10000,WA,2008
2005 Volkswagen Golf,white,DIESEL,VOLKSWAGEN,GOLF,AUTOMATIC,202000,5700,QLD,2005
2015 Nissan Micra,blue,OTHER,NISSAN,MICRA,AUTOMATIC,169000,8750,WA,2015
2014 Ford Ranger,grey,DIESEL,FORD,RANGER,AUTOMATIC,169477,30000,WA,2014
2003 Holden Commodore,black,PETROL,HOLDEN,COMMODORE,AUTOMATIC,224680,22000,VIC,2003
2009 Subaru SUBARU  IMPREZA 5 DOOR HATCHBACK,white,PETROL,SUBARU,IMPREZA,MANUAL,245530,5999,WA,2009
2011 Hyundai  Getz,silver,PETROL,HYUNDAI,GETZ,AUTOMATIC,209248,4888,WA,2011
2015 Nissan NAVARA ST D23 AUTO 4X2 DUAL CAB,white,DIESEL,NISSAN,NAVARA,AUTOMATIC,197000,19999,SA,2015
2013 Ford Territory 7st Titanium 2.7L auto,brown,DIESEL,FORD,TERRITORY,AUTOMATIC,243050,8990,WA,2013
2010 Nissan Navara ST-X(4x4) 2.5L auto T/D,black,DIESEL,NISSAN,NAVARA,AUTOMATIC,102100,14990,WA,2010
2008 Holden Viva,blue,PETROL,HOLDEN,VIVA,AUTOMATIC,192658,3900,WA,2008
2000 Mazda MX-5,turquoise,PETROL,MAZDA,MX-5,MANUAL,244000,13000,WA,2000
2007 Holden Commodore,orange,OTHER,HOLDEN,COMMODORE,AUTOMATIC,315000,12000,WA,2007
2019 Toyota  RAV4 GX MXAA52R 5D WAGON 2.0L Cyl 4 PETROL CONTINUOUS VARIABLE,white,PETROL,TOYOTA,RAV4,AUTOMATIC,46800,29999,WA,2019
2008 Toyota Aurion,blue,PETROL,TOYOTA,AURION,AUTOMATIC,239400,4990,WA,2008
2009 Hyundai Getz,green,OTHER,HYUNDAI,GETZ,AUTOMATIC,190376,5499,WA,2009
2014 BMW X4,black,DIESEL,BMW,X4,AUTOMATIC,128675,24999,WA,2014
2016 Honda odyssey VTi-L,silver,PETROL,HONDA,ODYSSEY,AUTOMATIC,142000,19990,WA,2016
2006 Nissan X-Trail,black,PETROL,NISSAN,X-TRAIL,AUTOMATIC,305000,3000,WA,2006
2011 Mitsubishi Lancer,silver,PETROL,MITSUBISHI,LANCER,AUTOMATIC,58358,51990,WA,2011
2023 Suzuki Swift,white,PETROL,SUZUKI,SWIFT,AUTOMATIC,72000,17999,WA,2023
2011 Subaru Outback,white,PETROL,SUBARU,OUTBACK,AUTOMATIC,193000,11000,WA,2011
2021 Mazda BT-50,grey,DIESEL,MAZDA,BT-50,AUTOMATIC,46000,37500,WA,2021
2021 Toyota RAV4 Hybrid,white,HYBRID,TOYOTA,RAV4,AUTOMATIC,169500,32999,WA,2021
2009 Volkswagen Tiguan,white,PETROL,VOLKSWAGEN,TIGUAN,AUTOMATIC,236000,5000,WA,2009
1984 Toyota Corona,white,OTHER,TOYOTA,CORONA,MANUAL,150000,6000,VIC,1984
2004 Hyundai Elantra,gold,PETROL,HYUNDAI,ELANTRA,AUTOMATIC,216000,3500,WA,2004
2006 Toyota Corolla,blue,PETROL,TOYOTA,COROLLA,AUTOMATIC,139000,7200,NSW,2006
2022 Mercedes-Benz a-class,blue,PETROL,MERCEDES-BENZ,A-CLASS,AUTOMATIC,44504,43000,QLD,2022
2013 Honda CR-V,black,PETROL,HONDA,CR-V,AUTOMATIC,212000,10500,NSW,2013
2004 Toyota RAV4,black,PETROL,TOYOTA,RAV4,AUTOMATIC,271000,8500,NSW,2004
2000 Nissan Patrol,grey,DIESEL,NISSAN,PATROL,MANUAL,405000,11500,SA,2000
2021 Ford Ranger,white,DIESEL,FORD,RANGER,AUTOMATIC,90000,38500,SA,2021
2010 Ford Fiesta,green,PETROL,FORD,FIESTA,MANUAL,99800,6500,VIC,2010
2016 Suzuki Ignis,red,PETROL,SUZUKI,IGNIS,AUTOMATIC,134429,13000,SA,2016
2010 Toyota Aurion,silver,PETROL,TOYOTA,AURION,AUTOMATIC,106000,11200,SA,2010
2020 Ford Ranger,charcoal,DIESEL,FORD,RANGER,AUTOMATIC,116000,48000,SA,2020
2006 Nissan Pathfinder,grey,DIESEL,NISSAN,PATHFINDER,AUTOMATIC,272000,11500,WA,2006
2008 Mitsubishi Magna,orange,PETROL,MITSUBISHI,MAGNA,AUTOMATIC,178970,3800,WA,2008
2014 Hyundai Ix35,white,PETROL,HYUNDAI,IX35,AUTOMATIC,242500,8000,WA,2014
2015 Mercedes-Benz GLE250d,white,DIESEL,MERCEDES-BENZ,E-CLASS,AUTOMATIC,138000,31990,WA,2015
1965 Ford Mustang,red,PETROL,FORD,MUSTANG,AUTOMATIC,12345,55000,WA,1965
2012 Hyundai i30,red,DIESEL,HYUNDAI,I30,AUTOMATIC,167000,3000,WA,2012
2017 Toyota Prius,silver,HYBRID,TOYOTA,PRIUS,AUTOMATIC,134000,28000,WA,2017
2013 Suzuki Vitara,white,PETROL,SUZUKI,VITARA,MANUAL,270000,6500,WA,2013
2016 Ford Ranger,grey,DIESEL,FORD,RANGER,AUTOMATIC,169000,27500,WA,2016
2007 HSV GTS,charcoal,PETROL,HSV,GTS,AUTOMATIC,186000,40990,WA,2007
2015 Renault Megane,white,PETROL,RENAULT,MEGANE,AUTOMATIC,143000,11900,WA,2015
2025 Isuzu D-Max,white,DIESEL,ISUZU,D-MAX,AUTOMATIC,300,51888,WA,2025
2019 Hyundai Tucson,white,PETROL,HYUNDAI,TUCSON,AUTOMATIC,101500,20000,WA,2019
2015 Hyundai iMax,silver,PETROL,HYUNDAI,IMAX,AUTOMATIC,161000,22500,WA,2015
2023 Chevrolet Silverado,black,PETROL,CHEVROLET,SILVERADO,AUTOMATIC,31000,122990,WA,2023
2018 Jaguar xjr575,blue,PETROL,JAGUAR,XJ,AUTOMATIC,41590,160000,WA,2018
2017 Toyota Camry,white,OTHER,TOYOTA,CAMRY,AUTOMATIC,132850,17500,WA,2017
2007 Holden Captiva,gold,PETROL,HOLDEN,CAPTIVA,AUTOMATIC,270000,3000,WA,2007
2015 Volkswagen Amarok,silver,DIESEL,VOLKSWAGEN,AMAROK,AUTOMATIC,140259,21000,WA,2015
2022 Kia stonic,white,PETROL,KIA,STONIC,AUTOMATIC,68000,19750,WA,2022
2016 Toyota Camry,blue,PETROL,TOYOTA,CAMRY,AUTOMATIC,156015,14000,SA,2016
2011 Toyota Aurion,grey,PETROL,TOYOTA,AURION,AUTOMATIC,129000,11000,SA,2011
2015 Hyundai i30,silver,PETROL,HYUNDAI,I30,AUTOMATIC,215000,10000,SA,2015
2008 Toyota Crown,silver,PETROL,TOYOTA,CROWN,AUTOMATIC,120000,17999,SA,2008
2023 Hyundai i30n,grey,PETROL,HYUNDAI,I30,MANUAL,28000,39000,SA,2023
2000 Holden Commodore,black,PETROL,HOLDEN,COMMODORE,AUTOMATIC,236000,8500,SA,2000
2020 Toyota Hilux,grey,DIESEL,TOYOTA,HILUX,AUTOMATIC,167000,70000,SA,2020
2016 BMW 125i,white,PETROL,BMW,SERIES 1,AUTOMATIC,94000,22000,SA,2016
2014 Holden Barina ,silver,PETROL,HOLDEN,BARINA,MANUAL,189570,4000,SA,2014
1992 Ford Maverick,silver,PETROL,FORD,MAVERICK,MANUAL,261000,9500,SA,1992
2021 MG ZS,grey,PETROL,MG,ZS,AUTOMATIC,52000,15200,SA,2021
2013 Mitsubishi Challenger,white,DIESEL,MITSUBISHI,CHALLENGER,AUTOMATIC,189000,15000,SA,2013
2018 Isuzu MU-X,red,DIESEL,ISUZU,MU-X,AUTOMATIC,98700,40990,SA,2018
2014 Hyundai i30,silver,PETROL,HYUNDAI,I30,MANUAL,117000,9900,SA,2014
2018 Mitsubishi ASX,white,PETROL,MITSUBISHI,ASX,AUTOMATIC,139000,15500,SA,2018
2016 Honda Odyssey,white,HYBRID,HONDA,ODYSSEY,AUTOMATIC,170000,20900,VIC,2016
2003 Ford F-250,black,DIESEL,FORD,F-250,AUTOMATIC,160000,190000,VIC,2003
2016 Honda HR-V,silver,OTHER,HONDA,HR-V,AUTOMATIC,99650,19500,SA,2016
2016 Renault Captur,black,PETROL,RENAULT,CAPTUR,AUTOMATIC,129000,8900,SA,2016
2004 Toyota RAV4,black,PETROL,TOYOTA,RAV4,AUTOMATIC,229000,7200,VIC,2004
2009 Toyota Corolla,blue,PETROL,TOYOTA,COROLLA,AUTOMATIC,153000,8000,VIC,2009
1970 Holden Monaro,blue,OTHER,HOLDEN,MONARO,MANUAL,18257,45000,VIC,1970
2024 Toyota C-HR,white,HYBRID,TOYOTA,C-HR,AUTOMATIC,14000,47099,SA,2024
2010 Subaru Impreza,blue,PETROL,SUBARU,IMPREZA,AUTOMATIC,156684,24500,VIC,2010
2022 Haval jolion ultra hybrid,white,HYBRID,HAVAL,JOLION,AUTOMATIC,123000,26500,VIC,2022
2011 Nissan Patrol,white,DIESEL,NISSAN,PATROL,MANUAL,260000,19000,VIC,2011
2024 Haval jolion,black,PETROL,HAVAL,JOLION,AUTOMATIC,54000,23999,VIC,2024
2016 BMW X5,white,DIESEL,BMW,X5,AUTOMATIC,88000,34500,VIC,2016
2015 Kia Cerato,white,PETROL,KIA,CERATO,AUTOMATIC,125000,7500,VIC,2015
2015 Kia Sportage,orange,DIESEL,KIA,SPORTAGE,AUTOMATIC,92000,13000,VIC,2015
2002 Toyota Corolla,grey,PETROL,TOYOTA,COROLLA,AUTOMATIC,17200,5600,VIC,2002
2021 Ford Ranger,grey,DIESEL,FORD,RANGER,AUTOMATIC,82000,38000,QLD,2021
2022 Nissan Patrol,silver,PETROL,NISSAN,PATROL,AUTOMATIC,53200,80000,QLD,2022
2011 Škoda Superb,white,PETROL,ŠKODA,SUPERB,AUTOMATIC,270000,3000,VIC,2011
2017 Renault Trafic,white,DIESEL,RENAULT,TRAFIC,MANUAL,158000,17500,QLD,2017
1982 Daihatsu Charade,yellow,PETROL,DAIHATSU,CHARADE,AUTOMATIC,78000,3700,QLD,1982
2020 Kia sorento sport,grey,DIESEL,KIA,SORENTO,AUTOMATIC,140000,26000,QLD,2020
2019 Toyota Landcruiser 200,white,DIESEL,TOYOTA,LANDCRUISER,AUTOMATIC,96000,100000,QLD,2019
1979 Holden gemini td,grey,PETROL,HOLDEN,GEMINI,MANUAL,80000,4500,QLD,1979
2013 Land Rover Defender,black,DIESEL,LAND-ROVER,DEFENDER,MANUAL,173000,50000,QLD,2013
2016 Mercedes-Benz C250,red,PETROL,MERCEDES-BENZ,C-CLASS,AUTOMATIC,95000,23650,QLD,2016
2023 Isuzu d-max x-rider,white,DIESEL,ISUZU,D-MAX,AUTOMATIC,20000,45000,QLD,2023
2016 Nissan Navara,white,DIESEL,NISSAN,NAVARA,AUTOMATIC,191000,30000,QLD,2016
2018 BMW X1,blue,DIESEL,BMW,X1,AUTOMATIC,59000,17200,QLD,2018
2019 Toyota landcruiser ,white,OTHER,TOYOTA,LANDCRUISER,AUTOMATIC,109100,73990,QLD,2019
2024 Kia Picanto,silver,PETROL,KIA,PICANTO,AUTOMATIC,21690,16500,QLD,2024
2017 Holden Captiva,red,PETROL,HOLDEN,CAPTIVA,AUTOMATIC,157300,8000,NSW,2017
2011 Toyota RAV4,white,PETROL,TOYOTA,RAV4,AUTOMATIC,136000,15400,QLD,2011
2009 Volvo XC60,grey,PETROL,VOLVO,XC60,AUTOMATIC,258000,6500,NSW,2009
2007 Volkswagen Golf,silver,DIESEL,VOLKSWAGEN,GOLF,AUTOMATIC,78000,6800,NSW,2007
2012 Toyota Landcruiser,white,DIESEL,TOYOTA,LANDCRUISER,MANUAL,106000,80000,NSW,2012
2012 Volkswagen Golf,grey,PETROL,VOLKSWAGEN,GOLF,AUTOMATIC,143400,9000,NSW,2012
2014 Audi S3,red,PETROL,AUDI,S3,AUTOMATIC,117000,22900,NSW,2014
2023 Toyota Hilux,black,DIESEL,TOYOTA,HILUX,AUTOMATIC,18500,85000,NSW,2023
2008 Toyota Camry,silver,OTHER,TOYOTA,CAMRY,AUTOMATIC,236313,6800,NSW,2008
2011 Holden Commodore,silver,PETROL,HOLDEN,COMMODORE,AUTOMATIC,325849,2500,VIC,2011
2021 Hyundai i30,white,PETROL,HYUNDAI,I30,AUTOMATIC,7000,21500,NSW,2021
2014 Audi A4,black,PETROL,AUDI,A4,AUTOMATIC,137754,14500,NSW,2014
2021 BMW X7,white,DIESEL,BMW,X7,AUTOMATIC,61000,87800,NSW,2021
2013 BMW 320i M sport,black,PETROL,BMW,320I M SPORT,AUTOMATIC,179000,14900,NSW,2013
2013 Volkswagen Beetle,black,PETROL,VOLKSWAGEN,BEETLE,AUTOMATIC,115000,14800,NSW,2013
2019 BMW X5,black,DIESEL,BMW,X5,AUTOMATIC,71723,59990,NSW,2019
2015 Volkswagen Tiguan,brown,PETROL,VOLKSWAGEN,TIGUAN,AUTOMATIC,11500,12300,NSW,2015
2013 Mazda BT-50,white,DIESEL,MAZDA,BT-50,MANUAL,272000,11500,NSW,2013
2023 Volkswagen Tiguan,grey,PETROL,VOLKSWAGEN,TIGUAN,AUTOMATIC,26000,32000,NSW,2023
2003 Subaru Impreza,white,PETROL,SUBARU,IMPREZA,MANUAL,399188,2999,NSW,2003
2017 Toyota Corolla,white,PETROL,TOYOTA,COROLLA,AUTOMATIC,135100,17999,NSW,2017
2018 Volvo XC60,white,OTHER,VOLVO,XC60,AUTOMATIC,118000,23750,NSW,2018
2011 Hyundai iMax MY11 SN2370F,white,PETROL,HYUNDAI,IMAX,AUTOMATIC,209521,12995,NSW,2011
2011 Volkswagen Jetta,black,PETROL,VOLKSWAGEN,JETTA,AUTOMATIC,195302,6900,VIC,2011
2010 Holden Commodore,grey,PETROL,HOLDEN,COMMODORE,AUTOMATIC,200000,5000,NSW,2010
2016 Ford Ranger,red,DIESEL,FORD,RANGER,AUTOMATIC,269455,20000,QLD,2016
2018 Mercedes-Benz Glc 43 amg,silver,PETROL,MERCEDES-BENZ,C-CLASS,AUTOMATIC,72000,47500,NSW,2018
2001 Audi A4,grey,PETROL,AUDI,A4,MANUAL,270000,3500,SA,2001
2013 Hyundai Elantra,black,PETROL,HYUNDAI,ELANTRA,AUTOMATIC,214000,7000,QLD,2013
2017 Toyota Camry,white,PETROL,TOYOTA,CAMRY,AUTOMATIC,49900,20500,NSW,2017
2012 Nissan Dualis+2,red,PETROL,NISSAN,DUALIS,AUTOMATIC,147000,12999,QLD,2012
2023 Hyundai i30 sedan elite,grey,PETROL,HYUNDAI,I30,AUTOMATIC,35000,29000,WA,2023
2021 Porsche Macan,silver,PETROL,PORSCHE,MACAN,AUTOMATIC,21000,101000,NSW,2021
2013 Hyundai i20,white,PETROL,HYUNDAI,I20,MANUAL,100300,8500,WA,2013
2010 Nissan Navara,grey,DIESEL,NISSAN,NAVARA,MANUAL,211677,13500,WA,2010
2004 Toyota Landcruiser 100,white,DIESEL,TOYOTA,LANDCRUISER,MANUAL,528000,25000,WA,2004
2019 Holden Holden Colorado,white,DIESEL,HOLDEN,COLORADO,AUTOMATIC,82680,25999,WA,2019
2015 Volkswagen GOLF GTI,red,PETROL,VOLKSWAGEN,GOLF,AUTOMATIC,225000,13995,WA,2015
2003 Toyota Kluger,white,PETROL,TOYOTA,KLUGER,AUTOMATIC,230000,4500,WA,2003
2017 Mercedes-Benz Mercedes-Benz X250,white,DIESEL,MERCEDES-BENZ,MERCEDES-BENZ X250,AUTOMATIC,110000,17000,WA,2017
2023 Ford ranger wildtrak,white,DIESEL,FORD,RANGER,AUTOMATIC,54000,54950,WA,2023
2018 Toyota Landcruiser,white,DIESEL,TOYOTA,LANDCRUISER,MANUAL,140000,79995,WA,2018
2011 Hyundai i30,grey,PETROL,HYUNDAI,I30,AUTOMATIC,208986,5500,WA,2011
2013 Alfa Romeo Giulietta,red,PETROL,ALFA-ROMEO,GIULIETTA,MANUAL,142000,5500,WA,2013
2021 Suzuki Jimny,grey,PETROL,SUZUKI,JIMNY,MANUAL,23500,29000,QLD,2021
2009 Toyota Hiace,white,PETROL,TOYOTA,HIACE,AUTOMATIC,92547,32000,WA,2009
2016 Volkswagen transporter,white,DIESEL,VOLKSWAGEN,TRANSPORTER,MANUAL,220000,15100,WA,2016
2012 Subaru Impreza,black,PETROL,SUBARU,IMPREZA,AUTOMATIC,119000,10000,WA,2012
2019 Toyota Corolla Fielder,silver,HYBRID,TOYOTA,COROLLA,AUTOMATIC,159000,16000,WA,2019
2017 Holden VF Commodore,white,PETROL,HOLDEN,COMMODORE,AUTOMATIC,171886,35987,WA,2017
2012 Jeep Cherokee,white,PETROL,JEEP,CHEROKEE,AUTOMATIC,152342,10000,WA,2012
2021 Nissan Navara,white,DIESEL,NISSAN,NAVARA,AUTOMATIC,80000,35000,WA,2021
2004 Holden Commodore,grey,PETROL,HOLDEN,COMMODORE,AUTOMATIC,250000,3000,NSW,2004
2017 Ford Mustang,yellow,PETROL,FORD,MUSTANG,AUTOMATIC,54000,55000,WA,2017
2015 Toyota Hilux,white,DIESEL,TOYOTA,HILUX,MANUAL,272000,30500,QLD,2015
2008 Holden Ute,black,PETROL,HOLDEN,UTE,AUTOMATIC,177000,18750,QLD,2008
2019 Holden Holden Colorado,white,DIESEL,HOLDEN,COLORADO,AUTOMATIC,160000,25000,QLD,2019
2011 Hyundai Accent,silver,PETROL,HYUNDAI,ACCENT,MANUAL,286292,4200,QLD,2011
2019 Toyota Hilux,grey,OTHER,TOYOTA,HILUX,MANUAL,229000,34999,QLD,2019
2014 BMW M6,blue,PETROL,BMW,SERIES 6,AUTOMATIC,124000,69000,QLD,2014
2007 Hyundai i30,charcoal,DIESEL,HYUNDAI,I30,MANUAL,343000,2500,QLD,2007
2013 Nissan Navara,white,DIESEL,NISSAN,NAVARA,MANUAL,250000,4000,QLD,2013
2012 Jaguar XF,red,PETROL,JAGUAR,XF,AUTOMATIC,183000,8850,QLD,2012
2015 Škoda Octavia,black,PETROL,ŠKODA,OCTAVIA,AUTOMATIC,137000,19500,QLD,2015
2013 Mazda BT-50,silver,DIESEL,MAZDA,BT-50,AUTOMATIC,255000,14000,QLD,2013
2023 Ford Ranger,blue,DIESEL,FORD,RANGER,AUTOMATIC,10370,65550,QLD,2023
2015 MINI Cooper S,white,OTHER,MINI,COOPER,AUTOMATIC,97037,20999,QLD,2015
2007 Subaru Forester,silver,PETROL,SUBARU,FORESTER,AUTOMATIC,245000,3400,SA,2007
2011 Jeep Cherokee,black,PETROL,JEEP,CHEROKEE,AUTOMATIC,161000,7500,SA,2011
2007 Toyota Camry,white,PETROL,TOYOTA,CAMRY,AUTOMATIC,205000,7300,SA,2007
2014 BMW X3,silver,DIESEL,BMW,X3,AUTOMATIC,87900,20300,SA,2014
2010 Audi A4,white,OTHER,AUDI,A4,AUTOMATIC,145000,9900,SA,2010
2016 Ford Everest,silver,DIESEL,FORD,EVEREST,AUTOMATIC,151500,34950,SA,2016
2020 Ford Ranger,black,DIESEL,FORD,RANGER,AUTOMATIC,157000,45000,SA,2020
2003 Honda Jazz,blue,PETROL,HONDA,JAZZ,AUTOMATIC,253600,4000,SA,2003
2022 LDV D90,white,DIESEL,LDV,D90,AUTOMATIC,82000,32499,SA,2022
2009 Holden Commodore,silver,OTHER,HOLDEN,COMMODORE,AUTOMATIC,159000,8000,SA,2009
2004 Toyota Hiace,white,PETROL,TOYOTA,HIACE,MANUAL,290000,10900,SA,2004
2002 Honda CR-V,blue,OTHER,HONDA,CR-V,AUTOMATIC,180000,7500,SA,2002
2022 Kia Sportage,white,DIESEL,KIA,SPORTAGE,AUTOMATIC,50000,45000,VIC,2022
2015 Volkswagen Golf,white,PETROL,VOLKSWAGEN,GOLF,MANUAL,77800,12888,VIC,2015
2016 Subaru XV,blue,PETROL,SUBARU,XV,AUTOMATIC,119000,16990,SA,2016
1998 Toyota Landcruiser,white,PETROL,TOYOTA,LANDCRUISER,AUTOMATIC,400000,16000,VIC,1998
2016 Toyota Corolla,white,PETROL,TOYOTA,COROLLA,AUTOMATIC,178000,17999,VIC,2016
1998 Toyota Landcruiser,charcoal,PETROL,TOYOTA,LANDCRUISER,AUTOMATIC,365000,19500,VIC,1998
2018 Toyota Hilux,white,DIESEL,TOYOTA,HILUX,AUTOMATIC,151000,53500,VIC,2018
2004 Nissan Patrol,green,DIESEL,NISSAN,PATROL,MANUAL,312000,35000,VIC,2004
2015 Ford Ranger,white,DIESEL,FORD,RANGER,AUTOMATIC,103886,19500,SA,2015
2018 Mitsubishi triton,black,DIESEL,MITSUBISHI,TRITON,MANUAL,98000,27500,VIC,2018
2010 Honda Jazz,white,OTHER,HONDA,JAZZ,AUTOMATIC,200000,6900,SA,2010
1969 Volkswagen Beetle killmark Ferrari Dino kit,yellow,PETROL,VOLKSWAGEN,BEETLE,MANUAL,1234,6999,VIC,1969
2006 Holden Commodore,white,PETROL,HOLDEN,COMMODORE,AUTOMATIC,212000,2800,VIC,2006
2017 Mitsubishi Triton,white,PETROL,MITSUBISHI,TRITON,MANUAL,229000,10990,VIC,2017
2014 Volkswagen Golf,silver,PETROL,VOLKSWAGEN,GOLF,AUTOMATIC,122000,11500,VIC,2014
2011 Volkswagen transporter (tdi),silver,DIESEL,VOLKSWAGEN,TRANSPORTER,AUTOMATIC,496000,5000,VIC,2011
1992 Holden Commodore,blue,OTHER,HOLDEN,COMMODORE,MANUAL,219000,20000,VIC,1992
2020 Volkswagen Caddy,silver,PETROL,VOLKSWAGEN,CADDY,AUTOMATIC,40124,33000,VIC,2020
2005 Holden Commodore,white,PETROL,HOLDEN,COMMODORE,AUTOMATIC,184329,4999,NSW,2005
2011 BMW X3,white,DIESEL,BMW,X3,AUTOMATIC,260000,8499,VIC,2011
2012 Hyundai i30,silver,DIESEL,HYUNDAI,I30,MANUAL,198000,5000,NSW,2012
2014 Holden Commodore,black,PETROL,HOLDEN,COMMODORE,AUTOMATIC,203000,14500,VIC,2014
2017 Audi Q7,white,DIESEL,AUDI,Q7,AUTOMATIC,162000,32500,NSW,2017
2017 Jeep grand cherokee wk2,red,DIESEL,JEEP,GRAND CHEROKEE,AUTOMATIC,166463,14950,NSW,2017
2019 Hyundai Hyundai iLOAD,white,DIESEL,HYUNDAI,ILOAD,AUTOMATIC,173242,22000,NSW,2019
2005 Nissan Murano,black,PETROL,NISSAN,MURANO,AUTOMATIC,185078,3250,NSW,2005
2016 Subaru Forester TS STI,black,PETROL,SUBARU,FORESTER,AUTOMATIC,142000,22000,NSW,2016
2007 Holden Commodore,white,PETROL,HOLDEN,COMMODORE,AUTOMATIC,236777,27500,NSW,2007
2006 Nissan Tiida,white,PETROL,NISSAN,TIIDA,AUTOMATIC,188218,5900,VIC,2006
2004 Honda CR-V,black,OTHER,HONDA,CR-V,AUTOMATIC,115533,8500,NSW,2004
2014 Jeep Wrangler,white,PETROL,JEEP,WRANGLER,AUTOMATIC,115000,20000,NSW,2014
2008 Volkswagen Golf,grey,DIESEL,VOLKSWAGEN,GOLF,AUTOMATIC,279000,3900,NSW,2008
1995 Holden Commodore,black,OTHER,HOLDEN,COMMODORE,MANUAL,142000,25000,NSW,1995
2018 Toyota RAV4,white,PETROL,TOYOTA,RAV4,AUTOMATIC,90000,30500,NSW,2018
2005 Mitsubishi Challenger ,grey,PETROL,MITSUBISHI,CHALLENGER,AUTOMATIC,387000,5500,NSW,2005
2007 Toyota Hilux,white,DIESEL,TOYOTA,HILUX,AUTOMATIC,340000,12500,NSW,2007
1999 Toyota Hilux,white,DIESEL,TOYOTA,HILUX,MANUAL,243000,4500,QLD,1999
2009 Holden Barina,white,PETROL,HOLDEN,BARINA,AUTOMATIC,213097,4500,VIC,2009
2024 Ford Ranger,white,DIESEL,FORD,RANGER,AUTOMATIC,28000,47000,VIC,2024
2022 Ford Ranger,white,DIESEL,FORD,RANGER,AUTOMATIC,71000,58990,VIC,2022
2015 Toyota Hilux,white,DIESEL,TOYOTA,HILUX,AUTOMATIC,140300,35000,VIC,2015
1967 Volkswagen Beetle,brown,OTHER,VOLKSWAGEN,BEETLE,MANUAL,77065,4500,QLD,1967
2000 Toyota Avalon,grey,PETROL,TOYOTA,AVALON,AUTOMATIC,300,2500,VIC,2000
2011 Toyota FJ Cruiser,white,OTHER,TOYOTA,FJ CRUISER,AUTOMATIC,65000,42000,VIC,2011
2016 Audi SQ5,silver,DIESEL,AUDI,SQ5,AUTOMATIC,111000,24999,NSW,2016
2003 Toyota Landcruiser Prado,burgundy,PETROL,TOYOTA,LANDCRUISER,AUTOMATIC,394000,11750,SA,2003
2007 BMW X5,beige,PETROL,BMW,X5,AUTOMATIC,150000,7250,VIC,2007
2021 Ssangyong Musso XLV Ultimate,white,DIESEL,SSANGYONG,MUSSO,AUTOMATIC,105000,30000,SA,2021
2020 Holden equinox 1.5l,white,PETROL,HOLDEN,EQUINOX,AUTOMATIC,66000,14000,SA,2020
2014 Subaru Forester,charcoal,PETROL,SUBARU,FORESTER,AUTOMATIC,83000,18000,VIC,2014
2024 Isuzu d-max x-terrain auto 4x4,red,DIESEL,ISUZU,D-MAX,AUTOMATIC,29448,64500,SA,2024
2017 Kia Picanto,white,PETROL,KIA,PICANTO,AUTOMATIC,79158,14000,SA,2017
2001 Nissan Patrol,white,DIESEL,NISSAN,PATROL,MANUAL,35500,14000,SA,2001
2010 Subaru Forester,white,DIESEL,SUBARU,FORESTER,MANUAL,174000,9800,SA,2010
2013 Nissan Navara,white,DIESEL,NISSAN,NAVARA,MANUAL,195000,13500,SA,2013
2013 Nissan Navara,white,DIESEL,NISSAN,NAVARA,MANUAL,270000,8500,SA,2013
2000 Nissan Patrol,gold,DIESEL,NISSAN,PATROL,MANUAL,380000,12500,SA,2000
2020 Mercedes-Benz Vito 116CDI LWB,white,DIESEL,MERCEDES-BENZ,VITO,AUTOMATIC,181000,24990,SA,2020
2012 Subaru Impreza,silver,PETROL,SUBARU,IMPREZA,MANUAL,163000,5500,SA,2012
2016 Volkswagen Caddy,white,DIESEL,VOLKSWAGEN,CADDY,MANUAL,120000,3200,SA,2016
1999 Honda Odyssey,gold,PETROL,HONDA,ODYSSEY,AUTOMATIC,189000,3500,SA,1999
2012 Toyota Yaris,blue,PETROL,TOYOTA,YARIS,AUTOMATIC,177085,8000,SA,2012
2016 Holden Cruze LOW KM LONG REGO ,black,PETROL,HOLDEN,CRUZE,AUTOMATIC,165000,5750,NSW,2016
1974 Ford F-350,beige,PETROL,FORD,F-350,MANUAL,30964,23000,SA,1974
2018 Mazda CX-3,charcoal,PETROL,MAZDA,CX-3,AUTOMATIC,111000,19999,SA,2018
2015 Nissan Pathfinder,white,PETROL,NISSAN,PATHFINDER,AUTOMATIC,173000,11000,NSW,2015
2005 Subaru WRX,grey,PETROL,SUBARU,WRX,MANUAL,263000,28000,NSW,2005
2009 Toyota rav4 cv my09 sn2363m,white,PETROL,TOYOTA,RAV4,AUTOMATIC,295404,5995,NSW,2009
2005 Subaru Forester,blue,PETROL,SUBARU,FORESTER,AUTOMATIC,256000,5000,NSW,2005
2002 Toyota Landcruiser Prado,blue,PETROL,TOYOTA,LANDCRUISER,AUTOMATIC,199000,17000,NSW,2002
2019 Ford Mustang,grey,PETROL,FORD,MUSTANG,AUTOMATIC,12000,69900,NSW,2019
2015 Audi Q7,white,DIESEL,AUDI,Q7,AUTOMATIC,106000,21000,NSW,2015
2008 Hyundai Tucson,grey,PETROL,HYUNDAI,TUCSON,MANUAL,288000,3350,NSW,2008
2005 Mazda Tribute,silver,PETROL,MAZDA,TRIBUTE,AUTOMATIC,126500,2850,NSW,2005
2014 Toyota Hilux,silver,DIESEL,TOYOTA,HILUX,MANUAL,187000,39000,NSW,2014
2011 Audi Q5,white,PETROL,AUDI,Q5,AUTOMATIC,160000,10990,NSW,2011
2015 Suzuki sx4 s-cross,green,PETROL,SUZUKI,S-CROSS,MANUAL,124000,11000,NSW,2015
2009 Toyota Kluger,black,PETROL,TOYOTA,KLUGER,AUTOMATIC,340200,9500,NSW,2009
2011 Toyota Hilux,white,DIESEL,TOYOTA,HILUX,AUTOMATIC,247000,23000,NSW,2011
2021 Toyota Landcruiser,beige,DIESEL,TOYOTA,LANDCRUISER,MANUAL,80000,179900,NSW,2021
2010 Holden Barina,black,PETROL,HOLDEN,BARINA,MANUAL,137500,4500,NSW,2010
1988 Toyota Crown,white,PETROL,TOYOTA,CROWN,AUTOMATIC,129396,22500,NSW,1988
2019 Renault Master,white,OTHER,RENAULT,MASTER,AUTOMATIC,216000,30000,QLD,2019
2013 Hyundai i20,blue,PETROL,HYUNDAI,I20,AUTOMATIC,212843,3799,QLD,2013
2019 Toyota Landcruiser 200 Series VX ,grey,DIESEL,TOYOTA,LANDCRUISER,AUTOMATIC,142958,95000,QLD,2019
2012 Mazda CX-5,black,OTHER,MAZDA,CX-5,AUTOMATIC,190000,8900,QLD,2012
2002 Toyota Landcruiser 100,white,DIESEL,TOYOTA,LANDCRUISER,AUTOMATIC,999999,123456,QLD,2002
2006 Nissan Elgrand,black,OTHER,NISSAN,ELGRAND,AUTOMATIC,222000,9900,NSW,2006
2012 Mitsubishi Triton,white,DIESEL,MITSUBISHI,TRITON,MANUAL,216926,12990,QLD,2012
"2018 Ford ranger px mkiii my19 xlt pick-up double cab 4dr spts auto 6sp, 4x4 970kg 3.2dt",white,DIESEL,FORD,RANGER,AUTOMATIC,214986,21990,QLD,2018
2010 Nissan Pathfinder,white,DIESEL,NISSAN,PATHFINDER,AUTOMATIC,265550,5000,QLD,2010
2010 Mitsubishi Lancer,grey,PETROL,MITSUBISHI,LANCER,MANUAL,295000,3300,QLD,2010
2013 BMW X1,silver,DIESEL,BMW,X1,AUTOMATIC,196381,9995,QLD,2013
1986 Toyota Celica,white,PETROL,TOYOTA,CELICA,MANUAL,250000,4000,QLD,1986
2018 Mazda BT-50,blue,DIESEL,MAZDA,BT-50,AUTOMATIC,146300,22500,QLD,2018
2012 Mitsubishi Lancer,silver,PETROL,MITSUBISHI,LANCER,AUTOMATIC,250000,7800,QLD,2012
2013 Isuzu skip bin trucks,white,DIESEL,ISUZU,TRUCK,MANUAL,500000,85000,QLD,2013
2005 Toyota Camry,gold,PETROL,TOYOTA,CAMRY,AUTOMATIC,198462,5500,QLD,2005
2023 Lexus is500 first edition v8 f sport,white,PETROL,LEXUS,IS,AUTOMATIC,10543,94890,QLD,2023
1995 Volkswagen Golf,black,PETROL,VOLKSWAGEN,GOLF,MANUAL,260000,6000,QLD,1995
2018 Nissan X-Trail,silver,PETROL,NISSAN,X-TRAIL,AUTOMATIC,132124,20000,WA,2018
2018 Holden Astra,silver,PETROL,HOLDEN,ASTRA,AUTOMATIC,109000,9000,WA,2018
2018 Honda shuttle,white,HYBRID,HONDA,E,AUTOMATIC,105000,19990,WA,2018
2007 Holden Commodore,orange,PETROL,HOLDEN,COMMODORE,AUTOMATIC,300000,3000,QLD,2007
2018 Mercedes-Benz Mercedes-Benz X250,grey,DIESEL,MERCEDES-BENZ,MERCEDES-BENZ X250,AUTOMATIC,180000,31500,WA,2018
2014 Ford Focus,silver,PETROL,FORD,FOCUS,AUTOMATIC,128000,9400,WA,2014
2015 Toyota Hilux,white,DIESEL,TOYOTA,HILUX,MANUAL,300000,12345,WA,2015
2003 BMW Z4,black,PETROL,BMW,Z4,MANUAL,140000,12000,WA,2003
2013 Ford Focus,grey,PETROL,FORD,FOCUS,AUTOMATIC,144000,6300,WA,2013
2003 Subaru WRX MY04,black,PETROL,SUBARU,WRX,MANUAL,249000,9500,WA,2003
2007 Subaru Impreza,red,PETROL,SUBARU,IMPREZA,MANUAL,18758,6500,WA,2007
2013 Honda Civic,red,PETROL,HONDA,CIVIC,AUTOMATIC,138311,12500,WA,2013
2010 Honda Jazz,grey,PETROL,HONDA,JAZZ,AUTOMATIC,322556,5000,WA,2010
2013 Holden Calais,silver,PETROL,HOLDEN,CALAIS,AUTOMATIC,121000,23990,WA,2013
2012 Suzuki Grand Vitara,red,PETROL,SUZUKI,GRAND VITARA,MANUAL,215000,11888,WA,2012
1984 Toyota Landcruiser,white,PETROL,TOYOTA,LANDCRUISER,MANUAL,8632,80000,WA,1984
2006 Honda Accord,white,PETROL,HONDA,ACCORD,MANUAL,235000,5500,WA,2006
2006 Nissan Pathfinder,red,DIESEL,NISSAN,PATHFINDER,AUTOMATIC,376100,5000,WA,2006
2018 Mazda CX-5,black,DIESEL,MAZDA,CX-5,AUTOMATIC,182500,20000,VIC,2018
2007 Honda CR-V,grey,PETROL,HONDA,CR-V,AUTOMATIC,154000,8888,VIC,2007
2009 Audi TT,grey,PETROL,AUDI,TT,MANUAL,150000,14000,WA,2009
2021 Toyota Hilux,white,DIESEL,TOYOTA,HILUX,MANUAL,140000,21000,VIC,2021
2015 Renault Clio,black,PETROL,RENAULT,CLIO,AUTOMATIC,94400,8500,WA,2015
2013 Volvo XC60,black,PETROL,VOLVO,XC60,AUTOMATIC,136500,9500,VIC,2013
2012 Mercedes-Benz E250,white,OTHER,MERCEDES-BENZ,E-CLASS,AUTOMATIC,145000,13999,VIC,2012
2018 Nissan Navara,grey,DIESEL,NISSAN,NAVARA,AUTOMATIC,188250,28000,WA,2018
2009 Nissan Patrol,grey,DIESEL,NISSAN,PATROL,MANUAL,412000,6800,WA,2009
2015 Volkswagen Amarok,white,DIESEL,VOLKSWAGEN,AMAROK,MANUAL,170000,13999,VIC,2015
1996 Land Rover  Range rover P38 ,white,PETROL,LAND-ROVER,RANGE ROVER,AUTOMATIC,348700,7000,VIC,1996
2012 Ford Focus,red,PETROL,FORD,FOCUS,MANUAL,256247,4500,VIC,2012
2013 Audi A6,white,PETROL,AUDI,A6,AUTOMATIC,180000,12000,QLD,2013
2010 Mitsubishi Outlander,gold,PETROL,MITSUBISHI,OUTLANDER,AUTOMATIC,206000,8000,VIC,2010
2012 Volkswagen Jetta,grey,DIESEL,VOLKSWAGEN,JETTA,AUTOMATIC,210000,7990,VIC,2012
2004 Ford Falcon,silver,PETROL,FORD,FALCON,AUTOMATIC,207000,2500,VIC,2004
2007 BMW M3,grey,OTHER,BMW,SERIES 3,MANUAL,196000,50000,VIC,2007
2006 BMW X3,silver,PETROL,BMW,X3,AUTOMATIC,200000,3750,VIC,2006
2010 Nissan Nissan Skyline GT-R,black,PETROL,NISSAN,GT-R,AUTOMATIC,204000,13990,SA,2010
2009 Ford Mondeo,grey,PETROL,FORD,MONDEO,AUTOMATIC,298000,3450,VIC,2009
2001 Audi TT Quatro Turbo,silver,PETROL,AUDI,TT,MANUAL,150000,7500,SA,2001
2018 Honda Odyssey,silver,OTHER,HONDA,ODYSSEY,AUTOMATIC,120000,22900,VIC,2018
2013 Mitsubishi MIRAGE LS MY14 1.2L SN2423I,white,PETROL,MITSUBISHI,MIRAGE,MANUAL,227807,3995,NSW,2013
2008 Volkswagen Golf,silver,PETROL,VOLKSWAGEN,GOLF,MANUAL,279000,6500,NSW,2008
2011 Hyundai Hyundai iLOAD,silver,PETROL,HYUNDAI,ILOAD,MANUAL,229000,9500,WA,2011
2015 Holden Colorado 7 LT (4X4),white,DIESEL,HOLDEN,COLORADO,AUTOMATIC,278100,16400,NSW,2015
2007 Toyota Camry,blue,PETROL,TOYOTA,CAMRY,AUTOMATIC,222360,7850,WA,2007
2016 Toyota Yaris,white,PETROL,TOYOTA,YARIS,MANUAL,210288,9200,VIC,2016
2014 Kia Carnival,white,PETROL,KIA,CARNIVAL,AUTOMATIC,211298,10000,QLD,2014
2013 Mazda CX-5,red,DIESEL,MAZDA,CX-5,AUTOMATIC,167000,9500,QLD,2013
2012 Nissan Navara,silver,DIESEL,NISSAN,NAVARA,MANUAL,280000,11000,NSW,2012
2016 Toyota Landcruiser 200,silver,DIESEL,TOYOTA,LANDCRUISER,AUTOMATIC,155000,85000,NSW,2016
2021 Jeep Cherokee Trailhawk,white,PETROL,JEEP,CHEROKEE,AUTOMATIC,82000,25000,NSW,2021
2013 Mazda CX-9,silver,OTHER,MAZDA,CX-9,AUTOMATIC,130000,12500,NSW,2013
1997 Mitsubishi other,green,PETROL,MITSUBISHI,OTHER,MANUAL,313497,3000,NSW,1997
2014 Volkswagen Golf,grey,PETROL,VOLKSWAGEN,GOLF,AUTOMATIC,203100,10700,NSW,2014
2005 Hyundai Elantra,green,OTHER,HYUNDAI,ELANTRA,AUTOMATIC,250000,6900,NSW,2005
2011 Nissan Navara,black,DIESEL,NISSAN,NAVARA,MANUAL,325837,11000,NSW,2011
2011 Toyota Camry Sportivo ACV40R White Auto,white,PETROL,TOYOTA,CAMRY,AUTOMATIC,270000,5500,NSW,2011
2018 Toyota Yaris,silver,HYBRID,TOYOTA,YARIS,AUTOMATIC,121280,12899,NSW,2018
2009 Kia Rio,white,PETROL,KIA,RIO,AUTOMATIC,175000,5995,NSW,2009
2007 Nissan Maxima,black,PETROL,NISSAN,MAXIMA,AUTOMATIC,182500,5000,NSW,2007
2012 Renault Kangoo,grey,PETROL,RENAULT,KANGOO,AUTOMATIC,139000,5500,NSW,2012
2008 Mazda CX-7,black,PETROL,MAZDA,CX-7,AUTOMATIC,100200,8250,NSW,2008
2009 Toyota CROWN MAJESTA C,white,PETROL,TOYOTA,CROWN,AUTOMATIC,84150,21000,NSW,2009
2005 Toyota Corolla,blue,PETROL,TOYOTA,COROLLA,AUTOMATIC,151365,6300,NSW,2005
2020 Toyota Hilux,charcoal,DIESEL,TOYOTA,HILUX,MANUAL,149000,50000,NSW,2020
2007 Hyundai Getz,black,OTHER,HYUNDAI,GETZ,AUTOMATIC,158700,4200,WA,2007
2014 Holden Holden Colorado,white,DIESEL,HOLDEN,COLORADO,MANUAL,208000,11000,WA,2014
2004 Toyota Camry,brown,PETROL,TOYOTA,CAMRY,AUTOMATIC,328450,3500,WA,2004
2012 Holden Barina,burgundy,PETROL,HOLDEN,BARINA,MANUAL,193901,5300,WA,2012
2009 Toyota Camry - Touring,silver,PETROL,TOYOTA,CAMRY,AUTOMATIC,106600,10000,WA,2009
2012 Hyundai Veloster,orange,PETROL,HYUNDAI,VELOSTER,MANUAL,118000,11000,WA,2012
2010 Toyota Corolla,grey,PETROL,TOYOTA,COROLLA,AUTOMATIC,278000,7500,WA,2010
2014 Toyota Hilux,white,DIESEL,TOYOTA,HILUX,AUTOMATIC,245000,22000,WA,2014
2019 Lexus LS500H ,black,HYBRID,LEXUS,LS,AUTOMATIC,16500,79900,WA,2019
2009 Volkswagen Caddy,white,PETROL,VOLKSWAGEN,CADDY,MANUAL,266400,7200,WA,2009
2007 Nissan X-Trail,beige,PETROL,NISSAN,X-TRAIL,MANUAL,250000,6000,WA,2007
2008 Jaguar XF 2.7 Turbo Diesel Auto Luxury,silver,DIESEL,JAGUAR,XF,AUTOMATIC,152682,10990,WA,2008
2004 Holden Caprice,white,OTHER,HOLDEN,CAPRICE,AUTOMATIC,259000,14999,WA,2004
2016 BMW X5,grey,PETROL,BMW,X5,AUTOMATIC,97000,45000,WA,2016
2010 Audi A3,blue,PETROL,AUDI,A3,AUTOMATIC,130000,8500,WA,2010
2016 Mazda BT-50,white,DIESEL,MAZDA,BT-50,MANUAL,264000,13000,SA,2016
1981 Ford Ford Cortina,blue,OTHER,FORD,FORD CORTINA,MANUAL,247110,6000,SA,1981
2017 Toyota Camry,white,HYBRID,TOYOTA,CAMRY,AUTOMATIC,900,23000,SA,2017
1999 Land Rover Defender,white,DIESEL,LAND-ROVER,DEFENDER,MANUAL,330000,29500,WA,1999
2022 Hyundai i30 N-premium ✅ ,white,PETROL,HYUNDAI,I30,AUTOMATIC,26943,39900,WA,2022
2016 Nissan JUKE,red,PETROL,NISSAN,JUKE,AUTOMATIC,75000,13500,SA,2016
2017 Holden Astra,black,PETROL,HOLDEN,ASTRA,AUTOMATIC,87181,13500,SA,2017
2022 Toyota Corolla,white,HYBRID,TOYOTA,COROLLA,AUTOMATIC,134500,28900,SA,2022
2002 Toyota Hilux,white,PETROL,TOYOTA,HILUX,MANUAL,199000,6500,SA,2002
2020 Suzuki Jimny,white,PETROL,SUZUKI,JIMNY,MANUAL,21200,33000,SA,2020
2009 Subaru Tribeca,black,PETROL,SUBARU,TRIBECA,AUTOMATIC,270000,5800,SA,2009
2010 Nissan gu patrol,silver,DIESEL,NISSAN,PATROL,MANUAL,225000,29888,SA,2010
2019 Toyota Landcruiser Prado,black,DIESEL,TOYOTA,LANDCRUISER,AUTOMATIC,225000,40000,SA,2019
2000 Holden Commodore,red,PETROL,HOLDEN,COMMODORE,MANUAL,123123,6500,SA,2000
2010 Subaru Forester,grey,DIESEL,SUBARU,FORESTER,MANUAL,27000,4000,SA,2010
2004 Mitsubishi Magna,white,OTHER,MITSUBISHI,MAGNA,AUTOMATIC,260000,3000,SA,2004
2006 Citroën C4,gold,PETROL,CITROËN,C4,AUTOMATIC,106776,5000,VIC,2006
2013 Volkswagen Polo,white,PETROL,VOLKSWAGEN,POLO,AUTOMATIC,161000,14500,VIC,2013
1996 Toyota Toyota Mark II,white,PETROL,TOYOTA,TOYOTA MARK II,AUTOMATIC,178000,25000,VIC,1996
2013 Toyota Corolla,black,OTHER,TOYOTA,COROLLA,MANUAL,109000,12500,SA,2013
2014 Mitsubishi ASX,red,PETROL,MITSUBISHI,ASX,AUTOMATIC,129000,14990,VIC,2014
1999 Nissan Patrol,gold,DIESEL,NISSAN,PATROL,MANUAL,381000,32500,VIC,1999
2015 Toyota Hilux,silver,DIESEL,TOYOTA,HILUX,MANUAL,300000,28000,SA,2015
2005 Mitsubishi Pajero,grey,PETROL,MITSUBISHI,PAJERO,AUTOMATIC,320000,15500,VIC,2005
2010 Ford Falcon,white,OTHER,FORD,FALCON,AUTOMATIC,280000,4900,VIC,2010
2013 Toyota Landcruiser 200,black,DIESEL,TOYOTA,LANDCRUISER,AUTOMATIC,204500,74500,VIC,2013
2016 Toyota Corolla,silver,PETROL,TOYOTA,COROLLA,AUTOMATIC,235000,18000,VIC,2016
2016 Nissan Qashqai,silver,PETROL,NISSAN,QASHQAI,MANUAL,151000,12250,VIC,2016
2010 Toyota Camry,red,PETROL,TOYOTA,CAMRY,AUTOMATIC,72600,14500,VIC,2010
2015 Toyota kluger,grey,PETROL,TOYOTA,KLUGER,AUTOMATIC,195000,18000,VIC,2015
2015 Toyota Camry,grey,HYBRID,TOYOTA,CAMRY,AUTOMATIC,157000,20000,VIC,2015
2016 Toyota Camry,white,HYBRID,TOYOTA,CAMRY,AUTOMATIC,362000,13999,VIC,2016
2009 Hyundai Getz,blue,PETROL,HYUNDAI,GETZ,AUTOMATIC,211304,6790,VIC,2009
2020 Volkswagen T-Cross 85TSI Life,turquoise,PETROL,VOLKSWAGEN,T-CROSS,AUTOMATIC,99000,19999,SA,2020
2017 Toyota Camry,red,PETROL,TOYOTA,CAMRY,AUTOMATIC,124800,16400,SA,2017
2005 Hyundai Getz,grey,PETROL,HYUNDAI,GETZ,AUTOMATIC,126000,4800,WA,2005
2012 Holden Ute,black,PETROL,HOLDEN,UTE,AUTOMATIC,300000,8500,SA,2012
2010 Holden cruze,silver,DIESEL,HOLDEN,CRUZE,AUTOMATIC,100000,3000,NSW,2010
2007 Mazda RX-8,white,PETROL,MAZDA,RX-8,MANUAL,153000,15880,NSW,2007
2017 Hyundai kona wagon highlander os my18,white,PETROL,HYUNDAI,KONA,AUTOMATIC,69337,21977,SA,2017
2009 Volvo XC60,silver,PETROL,VOLVO,XC60,AUTOMATIC,189000,7450,WA,2009
2010 Mercedes-Benz clc-class,white,OTHER,MERCEDES-BENZ,C-CLASS,AUTOMATIC,145000,5900,NSW,2010
2014 Toyota Camry,white,PETROL,TOYOTA,CAMRY,AUTOMATIC,436000,8000,WA,2014
2017 Land Rover Range Rover Velar,white,DIESEL,LAND-ROVER,RANGE ROVER VELAR,AUTOMATIC,86000,45990,SA,2017
2015 Toyota tarago ultima,white,PETROL,TOYOTA,TARAGO ULTIMA,AUTOMATIC,9255,42000,NSW,2015
2006 Toyota hiace commuter van,white,PETROL,TOYOTA,HIACE,AUTOMATIC,383402,11500,NSW,2006
2012 Toyota Corolla,white,PETROL,TOYOTA,COROLLA,AUTOMATIC,122000,12750,NSW,2012
2023 Mazda CX-3,white,PETROL,MAZDA,CX-3,AUTOMATIC,27000,29000,WA,2023
1990 Ford F-250,white,PETROL,FORD,F-250,AUTOMATIC,408471,35000,NSW,1990
2023 LDV deliver 9 LWB High Roof ,white,DIESEL,LDV,DELIVER 9,AUTOMATIC,53000,35000,NSW,2023
2008 Toyota Avensis,silver,PETROL,TOYOTA,AVENSIS,AUTOMATIC,272000,9000,WA,2008
2007 Ford Ranger,red,DIESEL,FORD,RANGER,MANUAL,227000,15900,WA,2007
2010 Suzuki Swift,white,PETROL,SUZUKI,SWIFT,MANUAL,181000,5500,WA,2010
2003 Holden Rodeo,gold,DIESEL,HOLDEN,RODEO,MANUAL,360000,2500,WA,2003
2014 Ford Mondeo,grey,DIESEL,FORD,MONDEO,AUTOMATIC,242000,3500,WA,2014
2008 Toyota Corolla,silver,PETROL,TOYOTA,COROLLA,MANUAL,240000,4000,WA,2008
1999 Subaru impreza wrx,white,PETROL,SUBARU,IMPREZA,MANUAL,267000,18000,WA,1999
2011 Holden Commodore,blue,PETROL,HOLDEN,COMMODORE,MANUAL,150000,30000,WA,2011
2005 Subaru Liberty,blue,PETROL,SUBARU,LIBERTY,AUTOMATIC,230000,5000,WA,2005
2017 Holden CAPTIVA LTZ 7 SEATER AWD DIESELTURBO2017,white,DIESEL,HOLDEN,CAPTIVA,AUTOMATIC,144263,10998,SA,2017
2021 Volkswagen Tiguan,white,PETROL,VOLKSWAGEN,TIGUAN,AUTOMATIC,127168,24999,WA,2021
2007 Nissan pathfinder turbo diesel 4x4,silver,DIESEL,NISSAN,PATHFINDER,AUTOMATIC,310000,7500,SA,2007
2002 Nissan Nissan Skyline GT-R,white,PETROL,NISSAN,GT-R,AUTOMATIC,209000,8000,SA,2002
2011 Nissan X-Trail,white,PETROL,NISSAN,X-TRAIL,AUTOMATIC,249195,6500,SA,2011
2017 BMW x4 xdrive20d coupe,black,DIESEL,BMW,X4,AUTOMATIC,118818,24888,SA,2017
2012 Holden Cruze,white,OTHER,HOLDEN,CRUZE,AUTOMATIC,74000,2999,SA,2012
2017 Subaru XV,blue,PETROL,SUBARU,XV,AUTOMATIC,49259,21900,WA,2017
2019 Toyota Landcruiser,white,DIESEL,TOYOTA,LANDCRUISER,MANUAL,376000,22000,SA,2019
2004 Subaru Forester,green,PETROL,SUBARU,FORESTER,MANUAL,238000,2800,SA,2004
2008 Citroën C4,black,DIESEL,CITROËN,C4,AUTOMATIC,182000,5000,VIC,2008
2021 Toyota Corolla Fielder Hybrid,silver,HYBRID,TOYOTA,COROLLA,AUTOMATIC,136384,18990,VIC,2021
2012 Ford falcon g6e ecoboost,brown,PETROL,FORD,FALCON,AUTOMATIC,140000,9990,VIC,2012
2013 Ford Focus ST,yellow,PETROL,FORD,FOCUS,MANUAL,175000,15990,SA,2013
2001 Holden Astra,black,OTHER,HOLDEN,ASTRA,AUTOMATIC,174000,4250,VIC,2001
2014 Jeep grand cherokee laredo 4x4,white,PETROL,JEEP,GRAND CHEROKEE,AUTOMATIC,265000,3000,VIC,2014
2011 Holden Barina,red,PETROL,HOLDEN,BARINA,AUTOMATIC,130000,2500,VIC,2011
2020 Mazda CX-5 Maxx Sport,red,PETROL,MAZDA,CX-5,AUTOMATIC,83358,25888,WA,2020
2016 Mitsubishi asx suv hatch,white,PETROL,MITSUBISHI,ASX,AUTOMATIC,179000,11000,VIC,2016
2025 Mercedes-Benz CLA200 Coupe,blue,PETROL,MERCEDES-BENZ,CLA,AUTOMATIC,6100,66888,VIC,2025
2014 Jeep Patriot,brown,OTHER,JEEP,PATRIOT,AUTOMATIC,170000,6900,VIC,2014
2006 Nissan Maxima,silver,PETROL,NISSAN,MAXIMA,AUTOMATIC,224000,3500,VIC,2006
2020 Mercedes-Benz Sprinter,white,DIESEL,MERCEDES-BENZ,SPRINTER,AUTOMATIC,219000,29999,VIC,2020
2007 Mitsubishi Lancer,red,PETROL,MITSUBISHI,LANCER,MANUAL,293000,3000,VIC,2007
2016 BMW X3,grey,DIESEL,BMW,X3,AUTOMATIC,97121,24990,VIC,2016
2012 Holden Cruze,black,PETROL,HOLDEN,CRUZE,MANUAL,90000,5000,VIC,2012
2011 Kia cerato sli,silver,PETROL,KIA,CERATO,AUTOMATIC,99500,11999,VIC,2011
2024 Toyota Landcruiser,white,DIESEL,TOYOTA,LANDCRUISER,MANUAL,300,150000,VIC,2024
2008 Nissan dualis,silver,PETROL,NISSAN,DUALIS,AUTOMATIC,192847,7500,VIC,2008
2021 Volkswagen Tiguan,white,PETROL,VOLKSWAGEN,TIGUAN,AUTOMATIC,78459,19500,VIC,2021
2015 Volkswagen AMAROK TDI420 TRENDLINE AUTO 4X4,white,DIESEL,VOLKSWAGEN,AMAROK,AUTOMATIC,135000,22888,SA,2015
2005 Toyota Corolla,silver,PETROL,TOYOTA,COROLLA,AUTOMATIC,310000,4995,NSW,2005
2019 Nissan X-Trail,grey,PETROL,NISSAN,X-TRAIL,AUTOMATIC,109263,16990,QLD,2019
2022 Hyundai i30,grey,PETROL,HYUNDAI,I30,AUTOMATIC,50500,39999,SA,2022
2015 Renault Koleos,white,OTHER,RENAULT,KOLEOS,AUTOMATIC,150000,8900,QLD,2015
2013 Volkswagen Jetta,gold,PETROL,VOLKSWAGEN,JETTA,AUTOMATIC,208000,6900,SA,2013
2016 FIAT Freemont,white,PETROL,FIAT,FREEMONT,AUTOMATIC,139000,10950,NSW,2016
2008 Toyota RAV4,white,OTHER,TOYOTA,RAV4,AUTOMATIC,193982,7500,NSW,2008
2014 Ford Ranger,white,DIESEL,FORD,RANGER,AUTOMATIC,272600,8500,QLD,2014
2017 Suzuki Vitara,white,PETROL,SUZUKI,VITARA,AUTOMATIC,111424,18500,NSW,2017
2009 Honda Accord,grey,PETROL,HONDA,ACCORD,AUTOMATIC,151933,8700,NSW,2009
2024 Hyundai i30 N Line Premium,grey,PETROL,HYUNDAI,I30,AUTOMATIC,3456,41000,VIC,2024
2015 Hyundai Sonata,silver,OTHER,HYUNDAI,SONATA,AUTOMATIC,210000,7000,WA,2015
2021 Toyota Fortuner,white,DIESEL,TOYOTA,FORTUNER,AUTOMATIC,143190,41990,WA,2021
2019 Toyota Camry,silver,PETROL,TOYOTA,CAMRY,AUTOMATIC,308000,18000,WA,2019
1989 Ford F-150,white,PETROL,FORD,F-150,MANUAL,214000,7000,WA,1989
1994 BMW E36,blue,PETROL,BMW,SERIES 3,AUTOMATIC,217000,13000,WA,1994
2009 Suzuki Swift,white,OTHER,SUZUKI,SWIFT,AUTOMATIC,200000,5750,WA,2009
2008 Holden Commodore,blue,PETROL,HOLDEN,COMMODORE,AUTOMATIC,174017,27000,WA,2008
1993 Toyota Landcruiser,black,DIESEL,TOYOTA,LANDCRUISER,MANUAL,610000,10000,WA,1993
2021 Toyota Corolla,white,OTHER,TOYOTA,COROLLA,AUTOMATIC,73000,23000,WA,2021
2018 Mazda BT-50,white,DIESEL,MAZDA,BT-50,AUTOMATIC,243000,12000,WA,2018
2014 Isuzu D-Max,grey,DIESEL,ISUZU,D-MAX,MANUAL,284000,25000,WA,2014
2012 Nissan Navara,white,DIESEL,NISSAN,NAVARA,AUTOMATIC,234000,7000,WA,2012
2009 Ford g6e,black,PETROL,FORD,G6E,AUTOMATIC,144000,9500,WA,2009
2017 Ford Focus,blue,PETROL,FORD,FOCUS,MANUAL,113226,34990,WA,2017
2012 BMW 535D - 5 Series,grey,DIESEL,BMW,5 SERIES,AUTOMATIC,130000,19999,WA,2012
2013 Volkswagen Amarok,white,DIESEL,VOLKSWAGEN,AMAROK,MANUAL,173000,23000,WA,2013
2017 Mitsubishi Lancer,black,PETROL,MITSUBISHI,LANCER,AUTOMATIC,174000,14990,QLD,2017
2011 Subaru Forester,blue,PETROL,SUBARU,FORESTER,AUTOMATIC,298000,5900,QLD,2011
2016 Subaru Levorg,white,PETROL,SUBARU,LEVORG,AUTOMATIC,221000,16499,QLD,2016
2007 Honda Civic,silver,OTHER,HONDA,CIVIC,MANUAL,198000,7500,QLD,2007
2007 MINI Cooper,black,PETROL,MINI,COOPER,AUTOMATIC,200000,2500,QLD,2007
2022 Toyota Corolla,blue,HYBRID,TOYOTA,COROLLA,AUTOMATIC,34000,27000,QLD,2022
2016 BMW series 3,white,OTHER,BMW,SERIES 3,AUTOMATIC,70000,29999,QLD,2016
2013 Audi Q3,white,DIESEL,AUDI,Q3,AUTOMATIC,186062,9000,QLD,2013
1999 Chevrolet Corvette,burgundy,PETROL,CHEVROLET,CORVETTE,AUTOMATIC,128500,39950,QLD,1999
2024 Toyota Hiace,white,DIESEL,TOYOTA,HIACE,AUTOMATIC,30000,51000,QLD,2024
2021 Toyota yaris cross,gold,HYBRID,TOYOTA,YARIS CROSS,AUTOMATIC,42000,25999,QLD,2021
2008 Holden Ute,white,PETROL,HOLDEN,UTE,AUTOMATIC,300000,4000,QLD,2008
2011 Toyota Estima,white,PETROL,TOYOTA,ESTIMA,AUTOMATIC,98000,15000,QLD,2011
2018 Holden Barina,white,PETROL,HOLDEN,BARINA,AUTOMATIC,118000,10500,SA,2018
2010 Audi S3,blue,PETROL,AUDI,S3,MANUAL,166000,15000,SA,2010
2017 Land Rover Discovery Sport,white,DIESEL,LAND-ROVER,DISCOVERY SPORT,AUTOMATIC,132000,16900,QLD,2017
2017 Subaru Forester,white,DIESEL,SUBARU,FORESTER,AUTOMATIC,177500,14000,SA,2017
2005 Jeep Wrangler,green,PETROL,JEEP,WRANGLER,MANUAL,181000,8000,SA,2005
2014 Hyundai i30,red,PETROL,HYUNDAI,I30,AUTOMATIC,122319,10900,SA,2014
2016 Mercedes-Benz c63s,grey,PETROL,MERCEDES-BENZ,C63S,AUTOMATIC,55600,79900,QLD,2016
2019 Honda Civic,silver,PETROL,HONDA,CIVIC,AUTOMATIC,174000,14800,SA,2019
2012 Toyota Landcruiser Prado,black,DIESEL,TOYOTA,LANDCRUISER,AUTOMATIC,140000,29000,SA,2012
2009 Subaru Impreza,gold,PETROL,SUBARU,IMPREZA,MANUAL,193000,5000,SA,2009
2025 Mitsubishi Outlander,white,PETROL,MITSUBISHI,OUTLANDER,AUTOMATIC,6000,53500,SA,2025
2025 Hyundai i30,grey,PETROL,HYUNDAI,I30,AUTOMATIC,5700,43000,SA,2025
2008 Holden Holden Colorado,grey,DIESEL,HOLDEN,COLORADO,AUTOMATIC,125000,19700,SA,2008
2023 Subaru Forester,grey,PETROL,SUBARU,FORESTER,AUTOMATIC,41000,29500,SA,2023
2017 Mitsubishi ASX,white,PETROL,MITSUBISHI,ASX,AUTOMATIC,91600,17500,SA,2017
2018 Toyota Hilux,white,DIESEL,TOYOTA,HILUX,AUTOMATIC,160000,36000,SA,2018
2016 Jeep Grand Cherokee,silver,DIESEL,JEEP,GRAND CHEROKEE,AUTOMATIC,246000,10500,SA,2016
2019 Toyota RAV4,white,HYBRID,TOYOTA,RAV4,AUTOMATIC,111000,33500,SA,2019
2015 Volkswagen Golf,silver,PETROL,VOLKSWAGEN,GOLF,AUTOMATIC,186000,10500,VIC,2015
2012 Toyota Corolla,silver,PETROL,TOYOTA,COROLLA,AUTOMATIC,132290,13800,VIC,2012
2006 Holden Caprice,silver,PETROL,HOLDEN,CAPRICE,AUTOMATIC,173856,19000,VIC,2006
2022 Hyundai i30,grey,PETROL,HYUNDAI,I30,AUTOMATIC,73000,42500,SA,2022
2011 Toyota Crown,white,HYBRID,TOYOTA,CROWN,AUTOMATIC,124000,15500,VIC,2011
1976 Holden Holden Torana,white,PETROL,HOLDEN,TORANA,AUTOMATIC,123456,95000,SA,1976
2020 Kia Sportage,charcoal,PETROL,KIA,SPORTAGE,AUTOMATIC,108000,19900,VIC,2020
2019 Holden equinox,silver,PETROL,HOLDEN,EQUINOX,AUTOMATIC,121000,15000,VIC,2019
2021 Kia Stonic,grey,PETROL,KIA,STONIC,AUTOMATIC,53000,21500,VIC,2021
2010 Ford Falcon,grey,OTHER,FORD,FALCON,AUTOMATIC,138327,18990,VIC,2010
2022 Toyota Hilux,white,DIESEL,TOYOTA,HILUX,AUTOMATIC,118025,41990,VIC,2022
2009 Holden Commodore,white,OTHER,HOLDEN,COMMODORE,AUTOMATIC,235000,5000,VIC,2009
2018 Ford Ranger,white,DIESEL,FORD,RANGER,AUTOMATIC,179000,30000,VIC,2018
2019 Hyundai Hyundai iLOAD,grey,DIESEL,HYUNDAI,ILOAD,AUTOMATIC,148550,26500,VIC,2019
2023 Chevrolet Silverado,red,DIESEL,CHEVROLET,SILVERADO,AUTOMATIC,33500,153500,VIC,2023
2019 Suzuki Baleno ,white,PETROL,SUZUKI,BALENO,AUTOMATIC,115000,11500,VIC,2019
2022 Haval h6 ultra,black,PETROL,HAVAL,H6,AUTOMATIC,53000,26800,VIC,2022
2008 Mercedes-Benz Viano,silver,DIESEL,MERCEDES-BENZ,VIANO,AUTOMATIC,300000,3500,VIC,2008
2022 Ford Ranger,white,DIESEL,FORD,RANGER,AUTOMATIC,87000,40900,VIC,2022
2013 Toyota Aurion,red,OTHER,TOYOTA,AURION,AUTOMATIC,158781,11300,VIC,2013
2015 Kia Cerato,red,PETROL,KIA,CERATO,AUTOMATIC,53177,12700,VIC,2015
2018 Mercedes-Benz GLE 43 AMG,black,PETROL,MERCEDES-BENZ,E-CLASS,AUTOMATIC,105800,50000,VIC,2018
2024 Mitsubishi ASX,red,PETROL,MITSUBISHI,ASX,AUTOMATIC,3000,27000,VIC,2024
2006 Toyota Hilux,grey,DIESEL,TOYOTA,HILUX,MANUAL,30000,5500,NSW,2006
2007 Ford Ranger,white,OTHER,FORD,RANGER,MANUAL,550000,4000,NSW,2007
2016 Hyundai i30,white,PETROL,HYUNDAI,I30,AUTOMATIC,115000,13500,NSW,2016
2019 Mazda Cx-3,grey,PETROL,MAZDA,CX-3,AUTOMATIC,55000,23000,NSW,2019
2009 Hyundai i30,silver,PETROL,HYUNDAI,I30,AUTOMATIC,19300,3500,NSW,2009
2023 MINI Cooper,grey,PETROL,MINI,COOPER,AUTOMATIC,31000,46500,NSW,2023
2017 Ford Mustang,charcoal,PETROL,FORD,MUSTANG,AUTOMATIC,95000,42500,NSW,2017
2016 Audi S3,white,PETROL,AUDI,S3,AUTOMATIC,130000,28000,NSW,2016
2013 Subaru Tribeca,charcoal,PETROL,SUBARU,TRIBECA,AUTOMATIC,168000,11750,NSW,2013
2012 Toyota RAV4,blue,PETROL,TOYOTA,RAV4,AUTOMATIC,194771,9000,NSW,2012
2025 Isuzu D-Max,charcoal,DIESEL,ISUZU,D-MAX,AUTOMATIC,8600,58000,NSW,2025
2011 Mitsubishi Lancer,black,PETROL,MITSUBISHI,LANCER,AUTOMATIC,208000,6500,NSW,2011
2018 Toyota C-HR,black,PETROL,TOYOTA,C-HR,AUTOMATIC,107000,23999,NSW,2018
2015 LDV g10 people mover,white,PETROL,LDV,G10,AUTOMATIC,139000,12000,NSW,2015
2008 Nissan GT-R,white,PETROL,NISSAN,GT-R,AUTOMATIC,58000,140000,NSW,2008
2014 Jeep Grand Cherokee,grey,PETROL,JEEP,GRAND CHEROKEE,AUTOMATIC,121000,13500,VIC,2014
2011 Holden Commodore,silver,PETROL,HOLDEN,COMMODORE,AUTOMATIC,147000,4000,NSW,2011
2016 Ford ranger px2,white,DIESEL,FORD,RANGER,AUTOMATIC,256000,20000,NSW,2016
2012 Holden Calais,black,OTHER,HOLDEN,CALAIS,AUTOMATIC,154000,10500,NSW,2012
2001 Subaru Impreza,white,PETROL,SUBARU,IMPREZA,AUTOMATIC,286239,2500,NSW,2001
2001 Audi TT,silver,OTHER,AUDI,TT,MANUAL,220000,3800,WA,2001
2023 Toyota Corolla,white,HYBRID,TOYOTA,COROLLA,AUTOMATIC,45000,28800,NSW,2023
2013 Nissan X-Trail,brown,PETROL,NISSAN,X-TRAIL,AUTOMATIC,186000,7450,QLD,2013
1994 Honda Civic,red,OTHER,HONDA,CIVIC,MANUAL,286000,17000,NSW,1994
2004 Toyota Hilux,silver,DIESEL,TOYOTA,HILUX,MANUAL,280000,20000,VIC,2004
2008 Nissan Navara,white,DIESEL,NISSAN,NAVARA,MANUAL,190000,4000,SA,2008
2014 Ford Focus,red,PETROL,FORD,FOCUS,AUTOMATIC,109000,8000,VIC,2014
2009 Ford Focus,silver,OTHER,FORD,FOCUS,AUTOMATIC,177638,4500,VIC,2009
2018 Toyota Hiace,white,PETROL,TOYOTA,HIACE,AUTOMATIC,115651,49888,VIC,2018
2010 Mercedes-Benz c-class,grey,DIESEL,MERCEDES-BENZ,C-CLASS,AUTOMATIC,199790,9000,VIC,2010
2014 Ford Focus,red,PETROL,FORD,FOCUS,AUTOMATIC,198000,8000,VIC,2014
1994 Ford Falcon,white,PETROL,FORD,FALCON,AUTOMATIC,147000,5000,VIC,1994
2015 Mitsubishi Outlander,white,PETROL,MITSUBISHI,OUTLANDER,AUTOMATIC,231000,10500,VIC,2015
2002 Lexus IS200,red,PETROL,LEXUS,IS,AUTOMATIC,194379,10500,VIC,2002
2005 HSV Club Sport,white,OTHER,HSV,CLUB SPORT,AUTOMATIC,220000,32000,VIC,2005
2000 Nissan Nissan Stagea,silver,PETROL,NISSAN,NISSAN STAGEA,AUTOMATIC,159500,20000,VIC,2000
2016 BMW X5,white,DIESEL,BMW,X5,AUTOMATIC,132000,34999,VIC,2016
2008 Jeep wrangler rubicon,black,PETROL,JEEP,WRANGLER,AUTOMATIC,20600,10000,QLD,2008
2003 Subaru WRX,black,PETROL,SUBARU,WRX,MANUAL,240000,14000,VIC,2003
2017 Toyota Corolla,white,HYBRID,TOYOTA,COROLLA,AUTOMATIC,31000,21000,VIC,2017
2016 Volkswagen Golf,black,PETROL,VOLKSWAGEN,GOLF,AUTOMATIC,165000,9800,QLD,2016
2010 Holden Commodore,green,PETROL,HOLDEN,COMMODORE,MANUAL,164443,15000,QLD,2010
2012 Ford Territory,black,PETROL,FORD,TERRITORY,AUTOMATIC,115000,15500,QLD,2012
2004 Nissan Navara,red,DIESEL,NISSAN,NAVARA,MANUAL,127000,10000,QLD,2004
2005 Holden Rodeo,gold,DIESEL,HOLDEN,RODEO,MANUAL,251000,4500,QLD,2005
2011 Toyota Hiace,white,DIESEL,TOYOTA,HIACE,MANUAL,369000,15000,QLD,2011
2018 Toyota Corolla,white,OTHER,TOYOTA,COROLLA,AUTOMATIC,123527,14500,QLD,2018
2017 Toyota Camry,silver,PETROL,TOYOTA,CAMRY,AUTOMATIC,140000,23000,QLD,2017
2012 Toyota Corolla,white,PETROL,TOYOTA,COROLLA,AUTOMATIC,314000,7500,QLD,2012
2016 Nissan X-Trail,grey,PETROL,NISSAN,X-TRAIL,AUTOMATIC,377052,7100,QLD,2016
2009 Holden Holden Colorado,white,PETROL,HOLDEN,COLORADO,AUTOMATIC,285000,7500,QLD,2009
2019 Ford Ranger XLT 3.2L MK3,grey,DIESEL,FORD,RANGER,AUTOMATIC,83470,65000,QLD,2019
2010 Subaru Liberty sport ,silver,PETROL,SUBARU,LIBERTY,AUTOMATIC,167000,7250,QLD,2010
2008 BMW x5 3.deisel turbo,charcoal,DIESEL,BMW,X5,AUTOMATIC,195000,7000,SA,2008
2009 Toyota Landcruiser 200,silver,DIESEL,TOYOTA,LANDCRUISER,AUTOMATIC,259500,48000,SA,2009
2004 Toyota Echo,black,PETROL,TOYOTA,ECHO,AUTOMATIC,229000,3450,SA,2004
2014 Hyundai Ix35,white,PETROL,HYUNDAI,IX35,AUTOMATIC,147710,14890,SA,2014
2005 Holden Monaro,silver,PETROL,HOLDEN,MONARO,MANUAL,21098,75000,SA,2005
2020 Toyota Hilux,white,DIESEL,TOYOTA,HILUX,MANUAL,150000,24000,SA,2020
2009 Holden Commodore,blue,PETROL,HOLDEN,COMMODORE,AUTOMATIC,256000,4500,SA,2009
2015 Isuzu D-Max,white,DIESEL,ISUZU,D-MAX,MANUAL,246168,12900,SA,2015
2006 Holden Rodeo,white,DIESEL,HOLDEN,RODEO,MANUAL,313230,7500,SA,2006
2012 Toyota Landcruiser 200,silver,DIESEL,TOYOTA,LANDCRUISER,AUTOMATIC,294000,39999,SA,2012
2010 Volkswagen Golf,white,PETROL,VOLKSWAGEN,GOLF,AUTOMATIC,198000,10000,SA,2010
2019 Toyota Camry,white,HYBRID,TOYOTA,CAMRY,AUTOMATIC,126900,25999,SA,2019
2009 Hyundai Tucson,white,PETROL,HYUNDAI,TUCSON,MANUAL,197000,6000,SA,2009
2022 Ford Ranger,silver,DIESEL,FORD,RANGER,AUTOMATIC,61000,60000,SA,2022
2012 Toyota Yaris,grey,PETROL,TOYOTA,YARIS,MANUAL,170000,6200,SA,2012
2011 Holden Commodore,grey,PETROL,HOLDEN,COMMODORE,AUTOMATIC,300000,12000,SA,2011
2013 Toyota Crown,silver,PETROL,TOYOTA,CROWN,AUTOMATIC,86242,20990,SA,2013
1975 Holden Holden HJ,yellow,PETROL,HOLDEN,HOLDEN HJ,AUTOMATIC,277000,122000,SA,1975
2013 Holden Commodore,white,PETROL,HOLDEN,COMMODORE,AUTOMATIC,220000,32000,WA,2013
2012 Ford Ranger,white,DIESEL,FORD,RANGER,MANUAL,238000,18500,WA,2012
2010 Nissan dualis,black,PETROL,NISSAN,DUALIS,MANUAL,183000,4800,SA,2010
2010 Hyundai Hyundai iLOAD,white,PETROL,HYUNDAI,ILOAD,MANUAL,286000,9500,WA,2010
2009 Toyota Corolla,white,PETROL,TOYOTA,COROLLA,MANUAL,235000,7500,WA,2009
2009 Mitsubishi Pajero,silver,PETROL,MITSUBISHI,PAJERO,AUTOMATIC,207000,14000,WA,2009
2020 Hyundai i30,white,DIESEL,HYUNDAI,I30,AUTOMATIC,34655,22990,WA,2020
2000 Toyota Landcruiser,white,DIESEL,TOYOTA,LANDCRUISER,MANUAL,350000,13000,WA,2000
2014 Mercedes-Benz Sprinter,white,DIESEL,MERCEDES-BENZ,SPRINTER,AUTOMATIC,361000,9995,WA,2014
2001 Holden Commodore,red,PETROL,HOLDEN,COMMODORE,MANUAL,220000,4300,VIC,2001
2008 Mitsubishi Fuso ,white,DIESEL,MITSUBISHI,FUSO,MANUAL,550000,28000,WA,2008
2010 Ford Falcon,white,PETROL,FORD,FALCON,AUTOMATIC,192000,4900,WA,2010
1980 Holden Commodore,grey,PETROL,HOLDEN,COMMODORE,AUTOMATIC,12000,38000,WA,1980
2019 Hyundai i30,white,DIESEL,HYUNDAI,I30,AUTOMATIC,142000,15800,WA,2019
2013 Honda Jazz,white,PETROL,HONDA,JAZZ,AUTOMATIC,12300,9999,WA,2013
2020 Nissan Serena,red,HYBRID,NISSAN,SERENA,AUTOMATIC,156000,23500,NSW,2020
2017 Isuzu D-Max,white,DIESEL,ISUZU,D-MAX,AUTOMATIC,224752,25000,WA,2017
2010 Toyota RAV4,silver,PETROL,TOYOTA,RAV4,AUTOMATIC,165295,10500,WA,2010
2007 Hyundai Getz,white,PETROL,HYUNDAI,GETZ,AUTOMATIC,319000,3699,NSW,2007
2020 LDV V80,white,DIESEL,LDV,V80,AUTOMATIC,163000,16000,NSW,2020
2012 Subaru Impreza,red,PETROL,SUBARU,IMPREZA,AUTOMATIC,120000,13200,NSW,2012
2005 Holden Cruz,silver,PETROL,HOLDEN,CRUZ,AUTOMATIC,118000,5900,NSW,2005
2011 Toyota Estima,white,PETROL,TOYOTA,ESTIMA,AUTOMATIC,160000,14000,NSW,2011
2017 Ford Mustang,black,PETROL,FORD,MUSTANG,MANUAL,100835,45990,WA,2017
2019 Land Rover Range Rover Velar,black,PETROL,LAND-ROVER,RANGE ROVER VELAR,AUTOMATIC,100000,56000,NSW,2019
2007 Holden Rodeo,white,DIESEL,HOLDEN,RODEO,MANUAL,196000,10000,NSW,2007
2008 Toyota Yaris,red,PETROL,TOYOTA,YARIS,AUTOMATIC,181000,3200,NSW,2008
1966 Ford mustang gt350 tribute,red,PETROL,FORD,MUSTANG,MANUAL,58950,122500,NSW,1966
2019 Hyundai Kona,grey,PETROL,HYUNDAI,KONA,AUTOMATIC,166000,17500,NSW,2019
2016 Honda Odyssey,black,PETROL,HONDA,ODYSSEY,AUTOMATIC,121000,21700,NSW,2016
2018 Audi Q3,grey,PETROL,AUDI,Q3,AUTOMATIC,155000,15000,NSW,2018
2019 Mercedes-Benz GLC 63S AMG,black,PETROL,MERCEDES-BENZ,GLC,AUTOMATIC,84000,92500,NSW,2019
2017 Holden Commodore,white,PETROL,HOLDEN,COMMODORE,AUTOMATIC,230000,15000,NSW,2017
2012 Audi Q5,blue,PETROL,AUDI,Q5,AUTOMATIC,114000,15200,NSW,2012
2021 Suzuki Jimny,green,PETROL,SUZUKI,JIMNY,MANUAL,8368,30000,VIC,2021
2013 Nissan Serena,white,HYBRID,NISSAN,SERENA,AUTOMATIC,85580,15450,NSW,2013
2021 Subaru outback sport,grey,PETROL,SUBARU,OUTBACK,AUTOMATIC,55412,37980,WA,2021
2013 Hyundai i30,grey,PETROL,HYUNDAI,I30,AUTOMATIC,157191,13999,VIC,2013
2010 Hyundai Hyundai iLOAD,black,DIESEL,HYUNDAI,ILOAD,AUTOMATIC,283000,11500,WA,2010
2015 Holden Commodore,blue,PETROL,HOLDEN,COMMODORE,MANUAL,152362,25990,WA,2015
2013 Audi A5 Coupe,white,PETROL,AUDI,A5,AUTOMATIC,82000,13999,NSW,2013
2009 HSV Club Sport,blue,PETROL,HSV,CLUB SPORT,AUTOMATIC,178000,38000,QLD,2009
2016 Renault koleos zen,gold,PETROL,RENAULT,KOLEOS,AUTOMATIC,79414,15999,QLD,2016
2015 Jeep Cherokee,black,PETROL,JEEP,CHEROKEE,AUTOMATIC,147978,12000,VIC,2015
2014 Mitsubishi Triton,white,DIESEL,MITSUBISHI,TRITON,MANUAL,282000,11800,SA,2014
2011 Mitsubishi ute triton,silver,DIESEL,MITSUBISHI,TRITON,MANUAL,260000,11000,NSW,2011
2005 Mitsubishi Lancer,white,PETROL,MITSUBISHI,LANCER,AUTOMATIC,250000,3000,SA,2005
2010 Mercedes-Benz C 200 CGI Classic,silver,PETROL,MERCEDES-BENZ,CLA,AUTOMATIC,142500,8800,SA,2010
2017 Holden Equinox LS,white,PETROL,HOLDEN,EQUINOX,AUTOMATIC,135000,11000,SA,2017
2009 Volkswagen Tiguan,white,DIESEL,VOLKSWAGEN,TIGUAN,AUTOMATIC,200000,6950,SA,2009
2008 Holden Commodore,silver,PETROL,HOLDEN,COMMODORE,AUTOMATIC,305000,5000,SA,2008
1994 Holden Commodore,blue,PETROL,HOLDEN,COMMODORE,AUTOMATIC,290000,5950,SA,1994
2000 Ford Fairmont,burgundy,PETROL,FORD,FAIRMONT,AUTOMATIC,175000,6000,SA,2000
2018 Nissan Navara,black,DIESEL,NISSAN,NAVARA,MANUAL,96640,20800,SA,2018
1967 Ford xr falcon,brown,PETROL,FORD,FALCON,AUTOMATIC,100000,26000,SA,1967
2011 Holden Captiva,white,DIESEL,HOLDEN,CAPTIVA,AUTOMATIC,135000,12345,SA,2011
2012 Holden Commodore,black,PETROL,HOLDEN,COMMODORE,MANUAL,230000,13500,SA,2012
2012 Holden Commodore,red,PETROL,HOLDEN,COMMODORE,AUTOMATIC,240634,4500,SA,2012
2009 Holden Holden Colorado,white,DIESEL,HOLDEN,COLORADO,MANUAL,287000,11000,SA,2009
2003 Nissan MAXIMA TI 3.0L V6 VQ30,gold,PETROL,NISSAN,MAXIMA,AUTOMATIC,240000,3999,SA,2003
2020 Mazda CX-9,silver,PETROL,MAZDA,CX-9,AUTOMATIC,39900,35000,SA,2020
2008 Ford Ranger,black,DIESEL,FORD,RANGER,MANUAL,12345,5000,QLD,2008
2020 Honda jazz hybrid (fit),white,PETROL,HONDA,JAZZ,AUTOMATIC,72024,17800,QLD,2020
2006 Ford Falcon,grey,PETROL,FORD,FALCON,AUTOMATIC,220000,123456,QLD,2006
2014 Toyota Corolla,blue,PETROL,TOYOTA,COROLLA,AUTOMATIC,190248,14000,QLD,2014
2007 Toyota Yaris,silver,PETROL,TOYOTA,YARIS,AUTOMATIC,290559,5500,QLD,2007
2021 Kia Stonic,blue,PETROL,KIA,STONIC,AUTOMATIC,63000,21000,QLD,2021
2010 Toyota Yaris,white,PETROL,TOYOTA,YARIS,AUTOMATIC,150000,9500,QLD,2010
2019 Škoda Octavia,white,PETROL,ŠKODA,OCTAVIA,AUTOMATIC,232300,10000,QLD,2019
2017 Renault Kangoo,white,DIESEL,RENAULT,KANGOO,AUTOMATIC,220000,30000,QLD,2017
2008 Honda Accord,white,PETROL,HONDA,ACCORD,AUTOMATIC,264635,4200,QLD,2008
1997 Nissan d22 navara,white,DIESEL,NISSAN,NAVARA,MANUAL,64617,5000,QLD,1997
2009 Toyota Corolla,white,PETROL,TOYOTA,COROLLA,AUTOMATIC,176906,8500,QLD,2009
1997 Nissan Patrol,white,DIESEL,NISSAN,PATROL,MANUAL,400567,18500,WA,1997
2003 Hyundai Accent,silver,PETROL,HYUNDAI,ACCENT,AUTOMATIC,208500,4500,WA,2003
2016 Toyota Hilux,white,DIESEL,TOYOTA,HILUX,AUTOMATIC,229345,26500,QLD,2016
2016 Toyota Camry,blue,PETROL,TOYOTA,CAMRY,AUTOMATIC,261450,12000,WA,2016
2016 Land Rover Discovery Sport,grey,DIESEL,LAND-ROVER,DISCOVERY SPORT,AUTOMATIC,158955,22000,WA,2016
2007 Nissan X-Trail,white,PETROL,NISSAN,X-TRAIL,AUTOMATIC,300,5000,WA,2007
2012 Mercedes-Benz c-class,white,OTHER,MERCEDES-BENZ,C-CLASS,AUTOMATIC,160000,13000,WA,2012
2017 BMW X3,black,DIESEL,BMW,X3,AUTOMATIC,120000,28000,WA,2017
"2022 Hyundai WANTED STARIA,,,,i am looking for  one like this, petrol v6 white.  thanks",white,PETROL,HYUNDAI,STARIA,AUTOMATIC,90000,25000,WA,2022
2019 Toyota Corolla,white,PETROL,TOYOTA,COROLLA,AUTOMATIC,110000,22900,WA,2019
2019 Toyota Landcruiser,silver,DIESEL,TOYOTA,LANDCRUISER,AUTOMATIC,144500,95950,WA,2019
2017 Renault Clio,red,PETROL,RENAULT,CLIO,MANUAL,87000,8000,WA,2017
1998 Nissan Nissan Stagea,white,PETROL,NISSAN,NISSAN STAGEA,AUTOMATIC,283000,20000,WA,1998
1986 Holden Commodore VL,blue,PETROL,HOLDEN,COMMODORE,AUTOMATIC,239000,9500,WA,1986
2007 Holden Commodore,black,PETROL,HOLDEN,COMMODORE,MANUAL,248000,29990,WA,2007
2012 Renault Koleos,grey,PETROL,RENAULT,KOLEOS,AUTOMATIC,135000,8000,VIC,2012
2012 Holden Commodore,black,PETROL,HOLDEN,COMMODORE,AUTOMATIC,170000,10000,WA,2012
2008 Hyundai Getz,red,PETROL,HYUNDAI,GETZ,AUTOMATIC,182000,5000,VIC,2008
2004 Holden Rodeo ,grey,PETROL,HOLDEN,RODEO,AUTOMATIC,226000,4000,VIC,2004
2011 Toyota Corolla,silver,PETROL,TOYOTA,COROLLA,AUTOMATIC,325000,4999,VIC,2011
2016 Toyota Landcruiser,beige,DIESEL,TOYOTA,LANDCRUISER,MANUAL,192000,73500,VIC,2016
2000 Nissan skyline,white,PETROL,NISSAN,SKYLINE,AUTOMATIC,135500,21000,VIC,2000
2007 Isuzu giga truck & trailer,white,DIESEL,ISUZU,TRUCK,MANUAL,555000,120000,VIC,2007
2004 Honda CR-V,blue,PETROL,HONDA,CR-V,AUTOMATIC,249000,8000,WA,2004
2011 Toyota Hilux,white,DIESEL,TOYOTA,HILUX,MANUAL,308000,16000,VIC,2011
2011 Volkswagen Eos,silver,PETROL,VOLKSWAGEN,EOS,AUTOMATIC,139950,10990,VIC,2011
2015 Toyota Camry,white,OTHER,TOYOTA,CAMRY,AUTOMATIC,162000,14800,VIC,2015
2015 Toyota Corolla,white,PETROL,TOYOTA,COROLLA,AUTOMATIC,358000,5100,VIC,2015
2009 Honda Jazz,silver,PETROL,HONDA,JAZZ,AUTOMATIC,160000,6500,VIC,2009
2019 Nissan X-Trail,silver,PETROL,NISSAN,X-TRAIL,AUTOMATIC,186063,15888,VIC,2019
2005 Toyota Corolla,silver,PETROL,TOYOTA,COROLLA,AUTOMATIC,156297,6000,NSW,2005
 2011 Toyota RAV4,silver,PETROL,TOYOTA,RAV4,AUTOMATIC,230000,11000,NSW,2011
2017 Haval h6 lux,red,PETROL,HAVAL,H6,AUTOMATIC,157000,16900,VIC,2017
2004 Holden Ute,white,PETROL,HOLDEN,UTE,AUTOMATIC,267000,7250,NSW,2004
2004 Ford Falcon XR8,black,PETROL,FORD,FALCON,AUTOMATIC,208000,23000,NSW,2004
2016 Land Rover Range Rover Evoque,white,DIESEL,LAND-ROVER,RANGE ROVER EVOQUE,AUTOMATIC,119000,25000,NSW,2016
2012 Ford Ranger,white,DIESEL,FORD,RANGER,AUTOMATIC,215000,18000,NSW,2012
2024 Volkswagen Golf,grey,PETROL,VOLKSWAGEN,GOLF,AUTOMATIC,17000,30500,NSW,2024
2021 Ford Ranger,grey,DIESEL,FORD,RANGER,AUTOMATIC,150000,36000,NSW,2021
2004 BMW X3,silver,PETROL,BMW,X3,AUTOMATIC,185000,3600,NSW,2004
2013 Hyundai i30,white,PETROL,HYUNDAI,I30,MANUAL,173000,5900,VIC,2013
2004 Toyota Corolla,red,PETROL,TOYOTA,COROLLA,AUTOMATIC,187000,4500,NSW,2004
2002 Toyota Corolla,silver,PETROL,TOYOTA,COROLLA,AUTOMATIC,199345,4499,NSW,2002
2010 Hyundai Hyundai iLOAD,grey,DIESEL,HYUNDAI,ILOAD,AUTOMATIC,235000,8500,NSW,2010
2014 Hyundai i30,grey,PETROL,HYUNDAI,I30,AUTOMATIC,119000,14500,NSW,2014
2015 Volkswagen Golf,silver,PETROL,VOLKSWAGEN,GOLF,AUTOMATIC,201500,7200,NSW,2015
2016 MINI JCW,green,PETROL,MINI,JCW,AUTOMATIC,66078,33000,NSW,2016
2015 Toyota Landcruiser Prado,grey,DIESEL,TOYOTA,LANDCRUISER,AUTOMATIC,107000,40000,QLD,2015
2015 Nissan Pathfinder,charcoal,PETROL,NISSAN,PATHFINDER,AUTOMATIC,230000,10000,QLD,2015
2006 Kia Rio,black,PETROL,KIA,RIO,MANUAL,160000,4490,VIC,2006
2015 Citroën Citroën Berlingo II,white,DIESEL,CITROËN,BERLINGO,MANUAL,290000,5500,NSW,2015
2008 Honda Accord,white,PETROL,HONDA,ACCORD,AUTOMATIC,244906,9000,NSW,2008
2007 Mazda BT-50,blue,DIESEL,MAZDA,BT-50,MANUAL,230000,8000,QLD,2007
2014 Holden Holden Colorado,grey,DIESEL,HOLDEN,COLORADO,MANUAL,155342,11990,NSW,2014
2010 Audi S4 Quattro Auto 4wd,white,PETROL,AUDI,S4,AUTOMATIC,189000,17500,QLD,2010
2007 Honda CR-V,blue,PETROL,HONDA,CR-V,AUTOMATIC,346271,3600,WA,2007
2010 Volkswagen Golf,black,PETROL,VOLKSWAGEN,GOLF,MANUAL,149000,6750,SA,2010
2014 Holden Barina - TM MY14 RS Hatchback 5dr Man 6sp 1.4T,orange,PETROL,HOLDEN,BARINA,MANUAL,91007,10889,SA,2014
1996 Toyota Landcruiser,blue,PETROL,TOYOTA,LANDCRUISER,AUTOMATIC,382500,13000,SA,1996
2008 Toyota Crown,black,PETROL,TOYOTA,CROWN,AUTOMATIC,128000,12345,SA,2008
2007 BMW BMW 320i e90,black,PETROL,BMW,320I E90,AUTOMATIC,123000,9000,WA,2007
2018 Honda Civic,white,PETROL,HONDA,CIVIC,MANUAL,100000,46500,QLD,2018
2017 Subaru XV,grey,PETROL,SUBARU,XV,AUTOMATIC,185000,13900,QLD,2017
2010 Audi A5,silver,DIESEL,AUDI,A5,AUTOMATIC,175000,15000,SA,2010
2000 Hyundai Excel,white,PETROL,HYUNDAI,EXCEL,MANUAL,180000,2900,SA,2000
2016 Nissan X-Trail,red,PETROL,NISSAN,X-TRAIL,AUTOMATIC,109000,16000,SA,2016
2008 Volkswagen Jetta,silver,PETROL,VOLKSWAGEN,JETTA,AUTOMATIC,170000,6399,SA,2008
2019 Hyundai TUCSON ACTIVE X (FWD) TL3 MY19 GASOLINE DIRECT INJ 2.0L 6 SP AUTO,grey,PETROL,HYUNDAI,TUCSON,AUTOMATIC,156987,17888,SA,2019
1995 Toyota Toyota Soarer,silver,PETROL,TOYOTA,TOYOTA SOARER,AUTOMATIC,233800,15500,QLD,1995
2013 Holden cruze,grey,PETROL,HOLDEN,CRUZE,AUTOMATIC,130000,6750,WA,2013
2014 Volkswagen Touareg,white,DIESEL,VOLKSWAGEN,TOUAREG,AUTOMATIC,302560,9950,WA,2014
2012 Holden Holden Colorado,red,DIESEL,HOLDEN,COLORADO,AUTOMATIC,247000,17500,SA,2012
2014 Ford Mondeo,white,DIESEL,FORD,MONDEO,AUTOMATIC,189011,6250,WA,2014
2008 Subaru Impreza,blue,PETROL,SUBARU,IMPREZA,AUTOMATIC,217620,5999,SA,2008
2023 Volkswagen Tiguan R 5N Auto 4MOTION,white,PETROL,VOLKSWAGEN,TIGUAN,AUTOMATIC,27001,59888,WA,2023
2008 Toyota Kluger Kx-S (Fwd) 7 Seats,white,PETROL,TOYOTA,KLUGER,AUTOMATIC,236414,8999,SA,2008
2010 Subaru Outback,white,PETROL,SUBARU,OUTBACK,AUTOMATIC,233841,4000,WA,2010
2010 Hyundai Santa Fe,grey,DIESEL,HYUNDAI,SANTA FE,AUTOMATIC,220000,6500,WA,2010
2009 BMW X5,silver,DIESEL,BMW,X5,AUTOMATIC,250000,6300,WA,2009
2005 MINI Cooper,blue,PETROL,MINI,COOPER,MANUAL,151000,5500,WA,2005
2009 Holden Calais,gold,OTHER,HOLDEN,CALAIS,AUTOMATIC,240000,8000,WA,2009
2006 Holden Statesman INTERNATIONAL,silver,OTHER,HOLDEN,STATESMAN,AUTOMATIC,170000,15000,WA,2006
2011 Suzuki Swift,blue,PETROL,SUZUKI,SWIFT,MANUAL,166194,7000,WA,2011
1984 Toyota corolla - ke70 - ehsfb,white,PETROL,TOYOTA,COROLLA,AUTOMATIC,147799,8500,NSW,1984
2007 Toyota Landcruiser Prado,white,DIESEL,TOYOTA,LANDCRUISER,MANUAL,300,19000,WA,2007
2003 Mazda Bravo,white,PETROL,MAZDA,BRAVO,MANUAL,190000,6000,WA,2003
2004 Holden Commodore,white,OTHER,HOLDEN,COMMODORE,AUTOMATIC,298888,4950,WA,2004
2005 Hyundai Accent,blue,PETROL,HYUNDAI,ACCENT,AUTOMATIC,200150,5300,WA,2005
2012 Ford Ranger,white,DIESEL,FORD,RANGER,AUTOMATIC,320120,17500,WA,2012
2014 Volkswagen Golf,white,PETROL,VOLKSWAGEN,GOLF,AUTOMATIC,169000,9500,WA,2014
2017 Mercedes-Benz GLS 350d sport,silver,DIESEL,MERCEDES-BENZ,GLS,AUTOMATIC,146800,49000,NSW,2017
2014 Mitsubishi OUTLANDER ES MY14.5 SN2419L,white,PETROL,MITSUBISHI,OUTLANDER,AUTOMATIC,221563,10995,NSW,2014
2021 Kia Cerato,silver,PETROL,KIA,CERATO,AUTOMATIC,76000,26000,NSW,2021
2001 Jeep Grand Cherokee,white,PETROL,JEEP,GRAND CHEROKEE,AUTOMATIC,312000,2500,NSW,2001
2021 Subaru WRX STI MY21,grey,PETROL,SUBARU,WRX,MANUAL,31000,55000,NSW,2021
2020 BMW 220i M Sport,grey,PETROL,BMW,220I M SPORT,AUTOMATIC,35000,45500,NSW,2020
2012 Ford Ranger,white,DIESEL,FORD,RANGER,AUTOMATIC,206021,18800,NSW,2012
2019 Nissan Navara,grey,DIESEL,NISSAN,NAVARA,AUTOMATIC,221318,21800,NSW,2019
2017 Ford Ranger,charcoal,DIESEL,FORD,RANGER,AUTOMATIC,139600,42500,NSW,2017
2014 Holden cruze,black,PETROL,HOLDEN,CRUZE,AUTOMATIC,143080,6999,NSW,2014
2013 BMW X5,white,DIESEL,BMW,X5,AUTOMATIC,183000,14700,NSW,2013
2021 Kia Cerato,white,OTHER,KIA,CERATO,AUTOMATIC,12345,12345,VIC,2021
1989 Toyota Supra,blue,PETROL,TOYOTA,SUPRA,AUTOMATIC,210000,23000,NSW,1989
2011 Toyota Landcruiser,white,DIESEL,TOYOTA,LANDCRUISER,MANUAL,143000,65000,NSW,2011
1984 Toyota Hilux,red,ELECTRIC,TOYOTA,HILUX,AUTOMATIC,300000,18000,NSW,1984
2011 Renault Kangoo,silver,PETROL,RENAULT,KANGOO,AUTOMATIC,290000,4500,VIC,2011
2011 Audi A1,black,PETROL,AUDI,A1,AUTOMATIC,139000,10888,VIC,2011
2016 BMW X4,black,DIESEL,BMW,X4,AUTOMATIC,91000,43000,VIC,2016
2001 Subaru Forester,silver,OTHER,SUBARU,FORESTER,MANUAL,270000,5400,VIC,2001
2011 Hyundai Hyundai iLOAD,white,DIESEL,HYUNDAI,ILOAD,MANUAL,200000,2500,VIC,2011
2013 Subaru Outback,black,DIESEL,SUBARU,OUTBACK,AUTOMATIC,196000,8900,VIC,2013
2015 Nissan Pulsar,white,DIESEL,NISSAN,PULSAR,AUTOMATIC,91655,9999,VIC,2015
2007 Nissan Maxima,blue,PETROL,NISSAN,MAXIMA,AUTOMATIC,168000,5500,VIC,2007
2006 Subaru Impreza,silver,PETROL,SUBARU,IMPREZA,AUTOMATIC,173000,4700,VIC,2006
2017 Toyota Hiace,grey,PETROL,TOYOTA,HIACE,AUTOMATIC,143000,48500,VIC,2017
2018 Kia Optima,grey,PETROL,KIA,OPTIMA,AUTOMATIC,119000,21500,VIC,2018
2012 BMW e92 m3,white,PETROL,BMW,M3,AUTOMATIC,82000,71000,VIC,2012
2005 Toyota Crown Athlete G Package,white,PETROL,TOYOTA,CROWN,AUTOMATIC,58300,18999,VIC,2005
2004 Ford Falcon,silver,OTHER,FORD,FALCON,AUTOMATIC,300000,8000,VIC,2004
2012 Ford Territory,white,DIESEL,FORD,TERRITORY,AUTOMATIC,316162,6500,VIC,2012
2019 Audi Q2,white,PETROL,AUDI,Q2,AUTOMATIC,41567,25999,QLD,2019
2015 BMW M135i,grey,PETROL,BMW,SERIES 1,AUTOMATIC,54727,37880,QLD,2015
2014 BMW 2014 bmw 1 series 116i f20 auto,silver,PETROL,BMW,1 SERIES,AUTOMATIC,209110,9000,QLD,2014
2005 Holden Commodore,white,PETROL,HOLDEN,COMMODORE,AUTOMATIC,214000,5000,QLD,2005
2014 Toyota Landcruiser Prado,silver,DIESEL,TOYOTA,LANDCRUISER,AUTOMATIC,109000,42990,QLD,2014
2005 Mercedes-Benz Mercedes-Benz ML500,silver,PETROL,MERCEDES-BENZ,MERCEDES-BENZ ML500,AUTOMATIC,223476,7500,QLD,2005
2011 Hyundai Elantra,red,OTHER,HYUNDAI,ELANTRA,AUTOMATIC,240000,6500,QLD,2011
2016 Mercedes-Benz C300,silver,OTHER,MERCEDES-BENZ,C-CLASS,AUTOMATIC,62700,36900,QLD,2016
2018 Subaru Outback,white,PETROL,SUBARU,OUTBACK,AUTOMATIC,55000,26999,QLD,2018
2007 Toyota Aurion,red,PETROL,TOYOTA,AURION,AUTOMATIC,210000,6500,QLD,2007
2017 Volkswagen Amarok,white,DIESEL,VOLKSWAGEN,AMAROK,AUTOMATIC,259263,19995,QLD,2017
2013 Mazda CX-5,black,DIESEL,MAZDA,CX-5,AUTOMATIC,175372,12599,QLD,2013
2013 Toyota Landcruiser Prado,silver,DIESEL,TOYOTA,LANDCRUISER,AUTOMATIC,167617,42990,QLD,2013
2021 Ford Ranger,charcoal,DIESEL,FORD,RANGER,AUTOMATIC,94000,39500,QLD,2021
2012 MINI Cooper,blue,OTHER,MINI,COOPER,MANUAL,210000,9500,QLD,2012
2011 Toyota Yaris Auto 5 Dr Hatchback,green,PETROL,TOYOTA,YARIS,AUTOMATIC,210669,4990,QLD,2011
2014 Toyota 200 series Landcruiser GXL,black,DIESEL,TOYOTA,LANDCRUISER,AUTOMATIC,306701,50000,QLD,2014
2008 Honda Jazz,silver,PETROL,HONDA,JAZZ,AUTOMATIC,151408,7999,QLD,2008
2003 BMW e46 325i,blue,PETROL,BMW,E46 325I,AUTOMATIC,265000,6000,VIC,2003
2012 Mercedes-Benz Mercedes-Benz ML250 CDI,red,DIESEL,MERCEDES-BENZ,MERCEDES-BENZ ML250 CDI,AUTOMATIC,354000,6500,QLD,2012
2012 Honda Odyssey,white,PETROL,HONDA,ODYSSEY,AUTOMATIC,182800,11000,WA,2012
1973 Mercedes-Benz 280ce,brown,PETROL,MERCEDES-BENZ,280CE,AUTOMATIC,240000,18500,QLD,1973
2013 Honda Civic 9th Gen MY13 VTi-S Manual Hatchback,black,PETROL,HONDA,CIVIC,MANUAL,146112,9990,QLD,2013
2006 Ford Focus,white,PETROL,FORD,FOCUS,AUTOMATIC,86148,5999,QLD,2006
2007 Toyota Corolla,grey,PETROL,TOYOTA,COROLLA,AUTOMATIC,291000,5200,WA,2007
2021 Škoda Karoq,black,PETROL,ŠKODA,KAROQ,AUTOMATIC,22500,23000,WA,2021
2011 Holden Captiva,burgundy,PETROL,HOLDEN,CAPTIVA,AUTOMATIC,159000,3000,WA,2011
2006 HSV GTS,silver,PETROL,HSV,GTS,AUTOMATIC,192463,49000,WA,2006
2025 Mazda BT-50,white,OTHER,MAZDA,BT-50,AUTOMATIC,1850,61988,WA,2025
2017 Toyota hilux workmate diesel 4x2,white,DIESEL,TOYOTA,HILUX,MANUAL,208757,17970,WA,2017
2010 Hyundai i30,black,PETROL,HYUNDAI,I30,AUTOMATIC,230000,5500,WA,2010
2012 Holden Captiva,black,DIESEL,HOLDEN,CAPTIVA,AUTOMATIC,151000,5000,WA,2012
2002 Nissan Patrol,white,DIESEL,NISSAN,PATROL,MANUAL,50000,28000,WA,2002
2013 Volkswagen GOLF,grey,PETROL,VOLKSWAGEN,GOLF,AUTOMATIC,193000,9000,WA,2013
1997 Toyota Toyota Soarer,green,PETROL,TOYOTA,TOYOTA SOARER,MANUAL,30000,15000,WA,1997
1998 Mitsubishi Magna,white,PETROL,MITSUBISHI,MAGNA,MANUAL,120000,3500,WA,1998
2015 Holden Cruze CDX Series 2,white,PETROL,HOLDEN,CRUZE,AUTOMATIC,179000,5900,WA,2015
2004 Subaru Forester,white,OTHER,SUBARU,FORESTER,MANUAL,182953,8000,WA,2004
2008 Toyota Corolla,blue,OTHER,TOYOTA,COROLLA,AUTOMATIC,320000,3999,WA,2008
2025 Mazda BT-50,white,OTHER,MAZDA,BT-50,AUTOMATIC,3542,62800,WA,2025
2013 Holden Holden Colorado,white,DIESEL,HOLDEN,COLORADO,AUTOMATIC,351000,8800,WA,2013
2008 Toyota Corolla Conquest,grey,PETROL,TOYOTA,COROLLA,AUTOMATIC,106000,11999,WA,2008
2007 Subaru liberty,charcoal,PETROL,SUBARU,LIBERTY,MANUAL,232929,6500,NSW,2007
2008 Audi Q7,charcoal,DIESEL,AUDI,Q7,AUTOMATIC,210100,13500,NSW,2008
2003 Mercedes-Benz C180 Kompressor Classic ,blue,PETROL,MERCEDES-BENZ,CLA,AUTOMATIC,169368,6000,NSW,2003
2013 Jeep Grand Cherokee Laredo MY14 SN2428E,white,PETROL,JEEP,GRAND CHEROKEE,AUTOMATIC,185231,12995,NSW,2013
2005 Ford falcon ba mk2 xr8,yellow,PETROL,FORD,FALCON,AUTOMATIC,185386,23499,NSW,2005
2014 Ford Territory,silver,PETROL,FORD,TERRITORY,AUTOMATIC,135793,16999,NSW,2014
2010 Toyota Landcruiser Prado,white,DIESEL,TOYOTA,LANDCRUISER,AUTOMATIC,290000,49000,NSW,2010
2008 Kia Rondo,white,PETROL,KIA,RONDO,AUTOMATIC,116000,4900,NSW,2008
2017 Ford Mustang,white,PETROL,FORD,MUSTANG,AUTOMATIC,60821,39999,VIC,2017
2017 Land Rover Discovery Sport,grey,DIESEL,LAND-ROVER,DISCOVERY SPORT,AUTOMATIC,67000,31500,VIC,2017
2009 Audi Q5,black,PETROL,AUDI,Q5,AUTOMATIC,160000,9500,NSW,2009
2006 Honda Odyssey,brown,PETROL,HONDA,ODYSSEY,AUTOMATIC,192365,5500,NSW,2006
2014 Holden cruze cd wagon,white,PETROL,HOLDEN,CRUZE,AUTOMATIC,135000,7500,VIC,2014
2003 Mazda RX-8,blue,PETROL,MAZDA,RX-8,AUTOMATIC,220000,7500,VIC,2003
2011 Audi A4,silver,PETROL,AUDI,A4,AUTOMATIC,140000,8000,VIC,2011
2014 Volkswagen GOLF GTI Auto,white,PETROL,VOLKSWAGEN,GOLF,AUTOMATIC,168228,16500,VIC,2014
1999 Mazda MX-5,blue,PETROL,MAZDA,MX-5,MANUAL,135000,35000,VIC,1999
2014 Renault Trafic,white,OTHER,RENAULT,TRAFIC,AUTOMATIC,110000,8000,VIC,2014
1993 Toyota 4Runner,blue,PETROL,TOYOTA,4RUNNER,MANUAL,465910,3000,VIC,1993
2003 Toyota Landcruiser 100,grey,DIESEL,TOYOTA,LANDCRUISER,MANUAL,163800,37999,VIC,2003
2015 Renault Kangoo,white,DIESEL,RENAULT,KANGOO,MANUAL,198000,8000,VIC,2015
2020 Volkswagen Caddy,white,DIESEL,VOLKSWAGEN,CADDY,AUTOMATIC,3000,27000,VIC,2020
2020 Volkswagen Polo,white,PETROL,VOLKSWAGEN,POLO,AUTOMATIC,23300,21449,VIC,2020
2005 Toyota Hilux,silver,PETROL,TOYOTA,HILUX,MANUAL,336333,12980,VIC,2005
1992 Nissan Patrol,green,PETROL,NISSAN,PATROL,AUTOMATIC,189485,24000,QLD,1992
2017 Ford Mustang,red,DIESEL,FORD,MUSTANG,AUTOMATIC,157000,29999,VIC,2017
2013 Audi Q7 S-LINE 7 SEATER (RWC & REGO✅),silver,DIESEL,AUDI,Q7,AUTOMATIC,173000,15500,VIC,2013
2019 Mitsubishi Triton ,grey,DIESEL,MITSUBISHI,TRITON,MANUAL,192000,21999,QLD,2019
2013 Toyota CROWN MAJESTA C,black,PETROL,TOYOTA,CROWN,AUTOMATIC,148250,18500,NSW,2013
2008 Nissan X-Trail,gold,PETROL,NISSAN,X-TRAIL,AUTOMATIC,293221,7995,QLD,2008
1998 Hyundai Excel,silver,PETROL,HYUNDAI,EXCEL,MANUAL,210000,10999,QLD,1998
2018 Holden Astra,white,OTHER,HOLDEN,ASTRA,AUTOMATIC,50600,14499,QLD,2018
2009 Volkswagen Tiguan,grey,DIESEL,VOLKSWAGEN,TIGUAN,MANUAL,269000,4500,QLD,2009
2007 Nissan Navara,white,DIESEL,NISSAN,NAVARA,MANUAL,201100,6500,QLD,2007
2018 Volkswagen Tiguan,white,PETROL,VOLKSWAGEN,TIGUAN,AUTOMATIC,232000,15000,QLD,2018
2009 Toyota Hilux,gold,DIESEL,TOYOTA,HILUX,AUTOMATIC,278000,26500,QLD,2009
2018 Mitsubishi Triton GLX ADAS Auto,white,DIESEL,MITSUBISHI,TRITON,AUTOMATIC,170000,18199,QLD,2018
2011 Mazda BT-50,blue,DIESEL,MAZDA,BT-50,MANUAL,260000,17000,QLD,2011
2016 Holden Commodore,black,PETROL,HOLDEN,COMMODORE,AUTOMATIC,183000,11500,VIC,2016
2021 Nissan X-Trail,silver,PETROL,NISSAN,X-TRAIL,AUTOMATIC,110200,21499,VIC,2021
2023 Ford Ranger XL dual cab,white,DIESEL,FORD,RANGER,AUTOMATIC,224953,39999,VIC,2023
2013 Mitsubishi Lancer,silver,PETROL,MITSUBISHI,LANCER,AUTOMATIC,97500,14990,WA,2013
2005 Toyota Corolla,silver,PETROL,TOYOTA,COROLLA,MANUAL,288334,3500,WA,2005
2017 Volkswagen Tiguan,white,PETROL,VOLKSWAGEN,TIGUAN,AUTOMATIC,187000,12500,VIC,2017
2001 Ford Laser,white,PETROL,FORD,LASER,AUTOMATIC,234600,3950,WA,2001
2023 Nissan Qashqai,grey,PETROL,NISSAN,QASHQAI,AUTOMATIC,28000,39999,WA,2023
2012 Hyundai Elantra,blue,PETROL,HYUNDAI,ELANTRA,AUTOMATIC,170012,12888,VIC,2012
2012 MINI Countryman,white,PETROL,MINI,COUNTRYMAN,AUTOMATIC,82000,15000,VIC,2012
1988 Toyota Landcruiser,white,DIESEL,TOYOTA,LANDCRUISER,MANUAL,450000,6000,WA,1988
2019 Toyota Yaris,white,PETROL,TOYOTA,YARIS,AUTOMATIC,105000,16500,NSW,2019
2014 Toyota Camry,red,OTHER,TOYOTA,CAMRY,AUTOMATIC,121102,15000,VIC,2014
2023 Volkswagen T-CROSS ,blue,PETROL,VOLKSWAGEN,T-CROSS,AUTOMATIC,58453,19989,WA,2023
2007 Nissan X-Trail,gold,PETROL,NISSAN,X-TRAIL,MANUAL,270000,8500,WA,2007
2006 Ford Fiesta,black,OTHER,FORD,FIESTA,AUTOMATIC,245000,3500,WA,2006
1998 Holden Commodore,black,OTHER,HOLDEN,COMMODORE,AUTOMATIC,117000,46500,QLD,1998
2009 Hyundai Getz,white,PETROL,HYUNDAI,GETZ,MANUAL,190000,3500,NSW,2009
2012 Honda Civic,red,OTHER,HONDA,CIVIC,MANUAL,86660,10000,NSW,2012
2013 Hyundai Ix35,white,PETROL,HYUNDAI,IX35,AUTOMATIC,159500,10800,NSW,2013
2015 Hyundai Santa Fe,white,DIESEL,HYUNDAI,SANTA FE,AUTOMATIC,346698,7900,NSW,2015
2016 Kia Sportage,white,PETROL,KIA,SPORTAGE,AUTOMATIC,136000,17000,NSW,2016
2016 BMW M3,grey,PETROL,BMW,SERIES 3,AUTOMATIC,95000,64999,NSW,2016
2013 Hyundai Ix35,grey,OTHER,HYUNDAI,IX35,AUTOMATIC,258400,5500,NSW,2013
1995 Mercedes-Benz 500 SL,silver,PETROL,MERCEDES-BENZ,SL,AUTOMATIC,94800,45000,NSW,1995
2017 Toyota Corolla,white,PETROL,TOYOTA,COROLLA,AUTOMATIC,135000,18000,NSW,2017
2006 Mitsubishi Lancer,silver,OTHER,MITSUBISHI,LANCER,MANUAL,194000,66000,NSW,2006
2009 Hyundai i30,black,PETROL,HYUNDAI,I30,AUTOMATIC,247000,5900,NSW,2009
2012 Nissan Tiida,grey,PETROL,NISSAN,TIIDA,AUTOMATIC,120000,7800,NSW,2012
2012 Land Rover Discovery,silver,DIESEL,LAND-ROVER,DISCOVERY,AUTOMATIC,213700,12500,NSW,2012
2018 Mitsubishi canter 515,white,DIESEL,MITSUBISHI,CANTER 515,AUTOMATIC,180000,45000,NSW,2018
2016 Jeep Grand Cherokee,white,DIESEL,JEEP,GRAND CHEROKEE,AUTOMATIC,140500,15000,NSW,2016
2020 Hyundai Hyundai iLOAD,white,DIESEL,HYUNDAI,ILOAD,AUTOMATIC,121900,29100,NSW,2020
2014 Holden Ute,blue,OTHER,HOLDEN,UTE,AUTOMATIC,230000,33000,NSW,2014
2014 Nissan Qashqai,silver,PETROL,NISSAN,QASHQAI,AUTOMATIC,225000,8500,NSW,2014
2025 Kia Sportage ,grey,DIESEL,KIA,SPORTAGE,AUTOMATIC,9000,51000,NSW,2025
2012 Nissan Patrol,white,DIESEL,NISSAN,PATROL,MANUAL,236000,12345,QLD,2012
2017 Mercedes-Benz e43 amg,black,PETROL,MERCEDES-BENZ,E43 AMG,AUTOMATIC,125000,42000,NSW,2017
2015 Volkswagen Amarok,charcoal,DIESEL,VOLKSWAGEN,AMAROK,AUTOMATIC,163888,17800,QLD,2015
2014 Holden Holden Colorado,blue,DIESEL,HOLDEN,COLORADO,AUTOMATIC,197000,20000,QLD,2014
2015 Nissan X-Trail,red,PETROL,NISSAN,X-TRAIL,AUTOMATIC,147000,12500,QLD,2015
2021 Kia seltos,silver,PETROL,KIA,SELTOS,AUTOMATIC,50214,28490,NSW,2021
2018 Ford Everest,red,DIESEL,FORD,EVEREST,AUTOMATIC,143000,26999,QLD,2018
2013 BMW 328i,white,OTHER,BMW,SERIES 3,AUTOMATIC,177000,15000,QLD,2013
2012 Volkswagen Golf,silver,PETROL,VOLKSWAGEN,GOLF,AUTOMATIC,233000,12000,QLD,2012
2014 Mercedes-Benz C200,silver,PETROL,MERCEDES-BENZ,C-CLASS,AUTOMATIC,166000,17500,QLD,2014
2007 MINI Cooper,blue,PETROL,MINI,COOPER,MANUAL,217000,4900,QLD,2007
2016 Mitsubishi ASX,blue,PETROL,MITSUBISHI,ASX,MANUAL,251000,8500,QLD,2016
2009 Holden Holden Colorado,grey,DIESEL,HOLDEN,COLORADO,MANUAL,330000,15000,QLD,2009
2020 Hyundai i30,white,PETROL,HYUNDAI,I30,AUTOMATIC,91000,27000,QLD,2020
2019 Toyota Hilux ,white,DIESEL,TOYOTA,HILUX,MANUAL,141000,40000,QLD,2019
2020 Toyota Camry,silver,HYBRID,TOYOTA,CAMRY,AUTOMATIC,95530,23000,QLD,2020
2017 Audi A3,black,PETROL,AUDI,A3,AUTOMATIC,120000,18500,QLD,2017
2014 Toyota Landcruiser 200,charcoal,DIESEL,TOYOTA,LANDCRUISER,AUTOMATIC,166000,85000,QLD,2014
2004 Nissan Patrol,red,DIESEL,NISSAN,PATROL,MANUAL,3000,50000,QLD,2004
2022 Ford Ranger,grey,PETROL,FORD,RANGER,AUTOMATIC,42000,73500,QLD,2022
2009 Nissan Elgrand,black,PETROL,NISSAN,ELGRAND,AUTOMATIC,171642,15000,SA,2009
2015 Holden ss commodore,black,PETROL,HOLDEN,COMMODORE,MANUAL,145000,47000,SA,2015
2008 Honda Jazz,blue,PETROL,HONDA,JAZZ,MANUAL,200000,3200,SA,2008
1998 Suzuki Grand Vitara,green,OTHER,SUZUKI,GRAND VITARA,MANUAL,233000,4800,SA,1998
2010 Holden cruze,black,PETROL,HOLDEN,CRUZE,AUTOMATIC,118012,6000,SA,2010
2016 Mercedes-Benz gle 350 d,white,DIESEL,MERCEDES-BENZ,GLE,AUTOMATIC,168000,35000,SA,2016
2017 BMW 3 series ,blue,PETROL,BMW,SERIES 3,AUTOMATIC,30800,29999,SA,2017
2015 Holden Commodore,white,PETROL,HOLDEN,COMMODORE,AUTOMATIC,218000,10000,SA,2015
2019 MINI countryman cooper s,red,PETROL,MINI,COUNTRYMAN,AUTOMATIC,30115,33998,SA,2019
2018 Subaru WRX,red,PETROL,SUBARU,WRX,AUTOMATIC,117000,25000,SA,2018
2021 Hyundai palisade,white,DIESEL,HYUNDAI,PALISADE,AUTOMATIC,130000,42000,SA,2021
2012 Hyundai i30,blue,PETROL,HYUNDAI,I30,AUTOMATIC,66000,12000,SA,2012
2001 Toyota RAV4,grey,PETROL,TOYOTA,RAV4,AUTOMATIC,219000,5300,SA,2001
2010 Ford Falcon,grey,PETROL,FORD,FALCON,AUTOMATIC,161000,34000,SA,2010
2006 Toyota Camry,gold,PETROL,TOYOTA,CAMRY,AUTOMATIC,272000,4000,SA,2006
2012 Mercedes-Benz C200,blue,PETROL,MERCEDES-BENZ,C-CLASS,AUTOMATIC,215000,15000,SA,2012
2014 Holden Commodore,black,OTHER,HOLDEN,COMMODORE,AUTOMATIC,132036,26500,SA,2014
2023 Toyota Hilux,grey,DIESEL,TOYOTA,HILUX,AUTOMATIC,25000,61500,SA,2023
2016 Honda HR-V,white,PETROL,HONDA,HR-V,AUTOMATIC,91200,16000,SA,2016
2024 MINI jcw,black,PETROL,MINI,JCW,AUTOMATIC,7100,63900,VIC,2024
2019 Holden colorado lsx,white,DIESEL,HOLDEN,COLORADO,AUTOMATIC,121000,50000,VIC,2019
2011 Audi Q5,black,DIESEL,AUDI,Q5,AUTOMATIC,205000,11500,VIC,2011
2023 Audi Q3,white,PETROL,AUDI,Q3,AUTOMATIC,38000,45000,VIC,2023
2011 Audi A7,black,DIESEL,AUDI,A7,AUTOMATIC,145000,20000,SA,2011
1966 Ford mustang lilydale,red,PETROL,FORD,MUSTANG,AUTOMATIC,1000,59500,VIC,1966
2021 Lexus nx 300 luxury,white,PETROL,LEXUS,NX,AUTOMATIC,67000,44000,VIC,2021
1970 Ford Fairlane,red,PETROL,FORD,FAIRLANE,AUTOMATIC,35000,35000,VIC,1970
2024 MG ZS EV Long Range 440km,blue,OTHER,MG,ZS,AUTOMATIC,300,29990,VIC,2024
2017 Ford Everest,silver,DIESEL,FORD,EVEREST,AUTOMATIC,105000,23999,VIC,2017
2020 Volkswagen Tiguan,white,OTHER,VOLKSWAGEN,TIGUAN,AUTOMATIC,57000,22000,VIC,2020
2015 Hyundai Tucson,white,PETROL,HYUNDAI,TUCSON,AUTOMATIC,112800,14999,VIC,2015
2016 Ford Ranger,white,DIESEL,FORD,RANGER,AUTOMATIC,210000,25000,VIC,2016
2015 Ford Ranger,white,DIESEL,FORD,RANGER,AUTOMATIC,146000,20990,VIC,2015
2005 Toyota Camry,grey,PETROL,TOYOTA,CAMRY,AUTOMATIC,230000,4700,VIC,2005
2011 Volkswagen Amarok ,grey,DIESEL,VOLKSWAGEN,AMAROK,MANUAL,371000,7500,VIC,2011
2022 Toyota Landcruiser Prado,white,DIESEL,TOYOTA,LANDCRUISER,AUTOMATIC,73000,55000,WA,2022
2025 Ford Everest,white,DIESEL,FORD,EVEREST,AUTOMATIC,31000,57950,WA,2025
2015 Toyota Hilux,white,DIESEL,TOYOTA,HILUX,MANUAL,201500,35000,WA,2015
2000 Ford Falcon,gold,PETROL,FORD,FALCON,AUTOMATIC,162325,4900,WA,2000
2013 Audi A4,white,DIESEL,AUDI,A4,AUTOMATIC,117825,11500,WA,2013
1994 Toyota Hiace,white,PETROL,TOYOTA,HIACE,MANUAL,325000,9500,WA,1994
2001 Land Rover Defender,green,DIESEL,LAND-ROVER,DEFENDER,MANUAL,215000,33500,WA,2001
2001 Land Rover Defender,blue,DIESEL,LAND-ROVER,DEFENDER,MANUAL,286000,21000,WA,2001
2018 Hyundai i30,white,PETROL,HYUNDAI,I30,AUTOMATIC,92000,16000,WA,2018
2011 Ford Territory,white,PETROL,FORD,TERRITORY,AUTOMATIC,257370,6000,WA,2011
2012 Toyota Landcruiser 200 series,white,DIESEL,TOYOTA,LANDCRUISER,AUTOMATIC,242000,55000,WA,2012
2018 Toyota Prius,white,HYBRID,TOYOTA,PRIUS,AUTOMATIC,313316,13000,WA,2018
2005 Holden Rodeo,white,PETROL,HOLDEN,RODEO,MANUAL,170000,7000,WA,2005
2005 Mitsubishi Colt,silver,PETROL,MITSUBISHI,COLT,AUTOMATIC,43000,7500,SA,2005
2004 Ford Falcon,grey,PETROL,FORD,FALCON,AUTOMATIC,280000,3000,QLD,2004
2016 Holden Commodore,green,PETROL,HOLDEN,COMMODORE,AUTOMATIC,84000,60000,SA,2016
2008 Mitsubishi Lancer,black,PETROL,MITSUBISHI,LANCER,AUTOMATIC,290000,4000,SA,2008
2013 Subaru Forester,grey,PETROL,SUBARU,FORESTER,AUTOMATIC,245000,11800,SA,2013
2019 Mazda CX-3,white,PETROL,MAZDA,CX-3,AUTOMATIC,89000,23000,VIC,2019
2005 Kia Optima,blue,PETROL,KIA,OPTIMA,AUTOMATIC,162017,4000,WA,2005
2012 Nissan Dualis +2,burgundy,PETROL,NISSAN,DUALIS,AUTOMATIC,162500,8900,NSW,2012
2014 Mitsubishi ute,white,PETROL,MITSUBISHI,UTE,MANUAL,130000,14999,SA,2014
2014 Mazda CX-9,black,PETROL,MAZDA,CX-9,AUTOMATIC,360000,9000,NSW,2014
2024 Kia stonic,white,PETROL,KIA,STONIC,AUTOMATIC,12345,12345,VIC,2024
2005 Toyota Landcruiser,white,DIESEL,TOYOTA,LANDCRUISER,MANUAL,250000,38000,WA,2005
2003 Holden Commodore,white,PETROL,HOLDEN,COMMODORE,MANUAL,294000,75000,NSW,2003
2015 Volkswagen Tiguan,grey,PETROL,VOLKSWAGEN,TIGUAN,AUTOMATIC,44800,19500,NSW,2015
2016 Audi A1,blue,PETROL,AUDI,A1,AUTOMATIC,130000,14000,NSW,2016
2012 Mercedes-Benz B180,red,PETROL,MERCEDES-BENZ,B-CLASS,AUTOMATIC,246694,5000,NSW,2012
2004 Toyota Camry,silver,PETROL,TOYOTA,CAMRY,AUTOMATIC,134000,6900,NSW,2004
2017 Toyota RAV4,silver,DIESEL,TOYOTA,RAV4,AUTOMATIC,158711,27000,NSW,2017
2004 Holden Calais,grey,OTHER,HOLDEN,CALAIS,AUTOMATIC,190000,8000,NSW,2004
2020 Mercedes-Benz Mercedes-Benz 300 SEL,grey,PETROL,MERCEDES-BENZ,MERCEDES-BENZ 300 SEL,AUTOMATIC,40928,48000,NSW,2020
2019 Toyota Camry,white,PETROL,TOYOTA,CAMRY,AUTOMATIC,137819,21880,NSW,2019
2021 Toyota Yaris,white,PETROL,TOYOTA,YARIS,MANUAL,33000,47500,NSW,2021
2014 Audi Q7,white,DIESEL,AUDI,Q7,AUTOMATIC,134000,14999,NSW,2014
2008 Nissan Patrol,gold,DIESEL,NISSAN,PATROL,MANUAL,370000,27000,NSW,2008
2014 Hyundai i30,red,PETROL,HYUNDAI,I30,AUTOMATIC,195000,7300,NSW,2014
2000 Mazda CX-5,red,PETROL,MAZDA,CX-5,AUTOMATIC,108000,24500,NSW,2000
2019 Volkswagen Amarok,white,DIESEL,VOLKSWAGEN,AMAROK,AUTOMATIC,160000,34000,NSW,2019
2003 Hyundai Getz,grey,PETROL,HYUNDAI,GETZ,AUTOMATIC,230000,4199,WA,2003
1999 Honda CRV,red,PETROL,HONDA,CR-V,AUTOMATIC,215000,3000,WA,1999
2024 Ford Mustang,blue,PETROL,FORD,MUSTANG,MANUAL,1000,113990,WA,2024
2016 Jeep Grand Cherokee,black,PETROL,JEEP,GRAND CHEROKEE,AUTOMATIC,90000,38900,WA,2016
2016 Hyundai Accent,silver,PETROL,HYUNDAI,ACCENT,AUTOMATIC,137101,9999,NSW,2016
2011 Suzuki Swift,black,PETROL,SUZUKI,SWIFT,AUTOMATIC,219803,6500,WA,2011
2010 Hyundai i30,grey,PETROL,HYUNDAI,I30,AUTOMATIC,170000,6000,WA,2010
2013 Ford Falcon,black,PETROL,FORD,FALCON,AUTOMATIC,121000,18900,WA,2013
2012 Hyundai Veloster,yellow,PETROL,HYUNDAI,VELOSTER,MANUAL,176677,7500,WA,2012
2008 Honda Civic,silver,OTHER,HONDA,CIVIC,MANUAL,208000,3500,NSW,2008
2018 Holden Commodore,white,PETROL,HOLDEN,COMMODORE,AUTOMATIC,147382,13500,WA,2018
2016 Volkswagen Golf,grey,DIESEL,VOLKSWAGEN,GOLF,AUTOMATIC,155000,9750,WA,2016
2014 Ford Territory,white,DIESEL,FORD,TERRITORY,AUTOMATIC,270000,7000,WA,2014
2010 Toyota Hilux,white,DIESEL,TOYOTA,HILUX,MANUAL,136453,21000,WA,2010
2011 Volkswagen Polo,red,OTHER,VOLKSWAGEN,POLO,AUTOMATIC,185000,6950,WA,2011
2007 Volkswagen gti,red,PETROL,VOLKSWAGEN,GTI,AUTOMATIC,282000,8000,QLD,2007
2016 Toyota Camry,white,HYBRID,TOYOTA,CAMRY,AUTOMATIC,320000,14500,WA,2016
2007 Toyota Yaris,blue,OTHER,TOYOTA,YARIS,MANUAL,300000,4000,WA,2007
2010 Toyota Corolla,black,PETROL,TOYOTA,COROLLA,AUTOMATIC,262751,5000,QLD,2010
2020 Subaru Outback,red,PETROL,SUBARU,OUTBACK,AUTOMATIC,65000,27000,QLD,2020
2023 LDV g10+,white,DIESEL,LDV,G10,AUTOMATIC,23000,27700,QLD,2023
2014 Toyota Camry,blue,PETROL,TOYOTA,CAMRY,AUTOMATIC,120900,14000,QLD,2014
2013 Mazda CX-5,white,DIESEL,MAZDA,CX-5,AUTOMATIC,170000,11000,WA,2013
2007 Lexus GS300,blue,PETROL,LEXUS,GS,AUTOMATIC,188000,10500,QLD,2007
2018 Mazda CX-9,white,PETROL,MAZDA,CX-9,AUTOMATIC,189000,19999,QLD,2018
2012 Ford Ranger,blue,DIESEL,FORD,RANGER,MANUAL,186000,15000,QLD,2012
1971 Volkswagen Kombi,blue,PETROL,VOLKSWAGEN,KOMBI,MANUAL,458069,38000,QLD,1971
2013 Holden Cruze,blue,PETROL,HOLDEN,CRUZE,MANUAL,185000,12000,QLD,2013
2014 Volkswagen Golf,grey,PETROL,VOLKSWAGEN,GOLF,AUTOMATIC,165000,8000,QLD,2014
2013 Nissan Almera,white,OTHER,NISSAN,ALMERA,AUTOMATIC,169887,4250,QLD,2013
2003 Toyota Estima,silver,PETROL,TOYOTA,ESTIMA,AUTOMATIC,280000,5000,QLD,2003
2012 Toyota Landcruiser 200,black,DIESEL,TOYOTA,LANDCRUISER,AUTOMATIC,218000,50000,QLD,2012
2007 Toyota Hilux,gold,PETROL,TOYOTA,HILUX,AUTOMATIC,392000,13500,QLD,2007
2006 Mitsubishi Colt,red,OTHER,MITSUBISHI,COLT,MANUAL,126000,7500,WA,2006
2003 Honda Accord CL7 Euro R,blue,PETROL,HONDA,ACCORD,MANUAL,197500,15500,VIC,2003
2015 Ford Focus,black,PETROL,FORD,FOCUS,AUTOMATIC,112000,8999,QLD,2015
2013 Kia Rio,white,OTHER,KIA,RIO,MANUAL,108144,10000,VIC,2013
2008 Toyota Corolla,blue,PETROL,TOYOTA,COROLLA,AUTOMATIC,193000,7700,VIC,2008
2015 Jeep Grand Cherokee,white,PETROL,JEEP,GRAND CHEROKEE,AUTOMATIC,157000,17500,VIC,2015
2009 Nissan X-Trail,grey,PETROL,NISSAN,X-TRAIL,AUTOMATIC,327,8500,VIC,2009
2015 Audi Q3,silver,PETROL,AUDI,Q3,AUTOMATIC,130000,13999,VIC,2015
2006 Jaguar X-TYPE,blue,PETROL,JAGUAR,X-TYPE,AUTOMATIC,76000,6999,VIC,2006
2006 Honda Civic,grey,OTHER,HONDA,CIVIC,AUTOMATIC,256000,6700,VIC,2006
2012 Honda Civic,red,PETROL,HONDA,CIVIC,AUTOMATIC,269000,7500,SA,2012
2003 Nissan 350gt,silver,PETROL,NISSAN,350GT,AUTOMATIC,170000,5500,SA,2003
2011 Mercedes-Benz c-class,black,PETROL,MERCEDES-BENZ,C-CLASS,AUTOMATIC,204000,7500,VIC,2011
2014 Toyota Camry,white,PETROL,TOYOTA,CAMRY,AUTOMATIC,356000,10000,VIC,2014
2005 Ford Territory,burgundy,PETROL,FORD,TERRITORY,AUTOMATIC,270000,2500,VIC,2005
2018 Ford Ranger,grey,DIESEL,FORD,RANGER,AUTOMATIC,198000,26500,VIC,2018
2012 Nissan Dualis ,silver,PETROL,NISSAN,DUALIS,AUTOMATIC,101000,9500,SA,2012
1990 Ford Maverick,white,DIESEL,FORD,MAVERICK,MANUAL,46260,15000,VIC,1990
2015 Mitsubishi Lancer,red,OTHER,MITSUBISHI,LANCER,AUTOMATIC,319000,6500,SA,2015
2012 Toyota Camry,white,PETROL,TOYOTA,CAMRY,AUTOMATIC,197500,11500,SA,2012
2008 Subaru Forester,grey,PETROL,SUBARU,FORESTER,MANUAL,117000,16500,SA,2008
2016 Toyota Corolla,grey,PETROL,TOYOTA,COROLLA,AUTOMATIC,128000,14500,SA,2016
2012 Mazda CX-5,red,PETROL,MAZDA,CX-5,AUTOMATIC,270000,8500,SA,2012
2017 Ford Escape,blue,PETROL,FORD,ESCAPE,AUTOMATIC,176000,11000,SA,2017
2011 Toyota RAV4,white,PETROL,TOYOTA,RAV4,AUTOMATIC,141360,16000,SA,2011
1985 Toyota Hiace,white,PETROL,TOYOTA,HIACE,MANUAL,350000,6900,SA,1985
2001 Mazda MX-5,black,OTHER,MAZDA,MX-5,MANUAL,103000,8500,SA,2001
2002 Mitsubishi Pajero,blue,DIESEL,MITSUBISHI,PAJERO,AUTOMATIC,140000,12750,SA,2002
2016 Holden trailblazer ltz (4x4) rg my17,red,DIESEL,HOLDEN,TRAILBLAZER,AUTOMATIC,200877,16990,VIC,2016
2008 Ford Falcon,grey,OTHER,FORD,FALCON,AUTOMATIC,193000,9500,VIC,2008
2025 Toyota Hilux,white,PETROL,TOYOTA,HILUX,AUTOMATIC,20000,35000,VIC,2025
2013 Kia Rio,black,PETROL,KIA,RIO,AUTOMATIC,122293,7995,VIC,2013
2001 Nissan Patrol,white,PETROL,NISSAN,PATROL,MANUAL,348000,25000,VIC,2001
2006 Toyota Crown Majesta G TYPE F-Package,black,PETROL,TOYOTA,CROWN,AUTOMATIC,103811,27990,SA,2006
2019 Nissan X-Trail,blue,PETROL,NISSAN,X-TRAIL,AUTOMATIC,97000,17999,QLD,2019
2013 Mazda MX-5,black,PETROL,MAZDA,MX-5,AUTOMATIC,55800,24500,VIC,2013
2024 Suzuki Jimny,grey,PETROL,SUZUKI,JIMNY,AUTOMATIC,15802,39990,WA,2024
2009 Volvo XC90,white,DIESEL,VOLVO,XC90,AUTOMATIC,250779,6000,NSW,2009
2011 Subaru Forester,white,OTHER,SUBARU,FORESTER,AUTOMATIC,158000,8999,QLD,2011
"2019 Ford ranger, wildtrack",grey,DIESEL,FORD,RANGER,AUTOMATIC,108000,37000,NSW,2019
2012 Volkswagen Golf,black,PETROL,VOLKSWAGEN,GOLF,AUTOMATIC,210000,9000,NSW,2012
1969 Dodge ute,white,PETROL,DODGE,UTE,MANUAL,123456,5200,NSW,1969
2008 Toyota Aurion,blue,PETROL,TOYOTA,AURION,AUTOMATIC,191000,4500,NSW,2008
2007 Holden Commodore,black,PETROL,HOLDEN,COMMODORE,AUTOMATIC,470000,12345,NSW,2007
2011 Audi A5,black,OTHER,AUDI,A5,AUTOMATIC,175000,11000,NSW,2011
2004 HINO dutro,white,DIESEL,HINO,DUTRO,MANUAL,432000,23000,NSW,2004
2012 Mazda CX-9,silver,PETROL,MAZDA,CX-9,AUTOMATIC,130485,9000,NSW,2012
2021 Toyota Corolla,black,PETROL,TOYOTA,COROLLA,AUTOMATIC,40000,29500,VIC,2021
2013 FIAT Freemont,white,PETROL,FIAT,FREEMONT,AUTOMATIC,124103,13999,NSW,2013
2015 Toyota Hilux,white,DIESEL,TOYOTA,HILUX,AUTOMATIC,222000,28000,NSW,2015
2016 Mazda BT-50,grey,DIESEL,MAZDA,BT-50,AUTOMATIC,129000,35000,NSW,2016
2020 Nissan Navara,white,PETROL,NISSAN,NAVARA,AUTOMATIC,215000,22000,NSW,2020
2010 Subaru Impreza,white,PETROL,SUBARU,IMPREZA,MANUAL,246000,5500,NSW,2010
2005 Toyota Kluger,black,PETROL,TOYOTA,KLUGER,AUTOMATIC,207065,7500,NSW,2005
2011 Audi A1,black,DIESEL,AUDI,A1,MANUAL,150764,7500,QLD,2011
2017 Toyota Hiace,silver,PETROL,TOYOTA,HIACE,AUTOMATIC,32380,43000,QLD,2017
2017 Mercedes-Benz C43 AMG,white,PETROL,MERCEDES-BENZ,C43 AMG,AUTOMATIC,91000,42600,QLD,2017
2006 Nissan Patrol,white,DIESEL,NISSAN,PATROL,MANUAL,360000,33990,QLD,2006
2014 Škoda Octavia,white,PETROL,ŠKODA,OCTAVIA,AUTOMATIC,250000,2500,QLD,2014
2008 Toyota Yaris,white,PETROL,TOYOTA,YARIS,MANUAL,300,4000,QLD,2008
2015 Ford Ranger,white,DIESEL,FORD,RANGER,AUTOMATIC,170000,16900,QLD,2015
2005 Honda Integra,blue,OTHER,HONDA,INTEGRA,AUTOMATIC,245000,4500,QLD,2005
2013 Holden Commodore,silver,PETROL,HOLDEN,COMMODORE,AUTOMATIC,230000,8300,QLD,2013
2012 Ford Falcon,black,PETROL,FORD,FALCON,AUTOMATIC,304571,7000,QLD,2012
2021 Volvo XC60,white,HYBRID,VOLVO,XC60,AUTOMATIC,38000,51000,QLD,2021
2008 Toyota Yaris,black,OTHER,TOYOTA,YARIS,MANUAL,300000,4500,QLD,2008
2008 Ford Focus,grey,PETROL,FORD,FOCUS,AUTOMATIC,190000,2800,QLD,2008
2009 MINI Cabrio Cooper S Chilli,yellow,PETROL,MINI,COOPER,MANUAL,98331,12800,QLD,2009
2012 BMW Other,black,PETROL,BMW,OTHER,AUTOMATIC,78110,25000,WA,2012
1999 Ford Falcon,silver,PETROL,FORD,FALCON,AUTOMATIC,211000,3500,WA,1999
2011 Nissan X-Trail,white,PETROL,NISSAN,X-TRAIL,AUTOMATIC,270000,7950,WA,2011
2010 Holden Ute,black,PETROL,HOLDEN,UTE,MANUAL,298000,10000,QLD,2010
2003 Toyota Corolla,silver,PETROL,TOYOTA,COROLLA,AUTOMATIC,187000,6500,WA,2003
2014 FIAT Freemont,blue,PETROL,FIAT,FREEMONT,AUTOMATIC,118000,9000,WA,2014
2003 Holden Commodore,blue,PETROL,HOLDEN,COMMODORE,AUTOMATIC,180000,9800,WA,2003
2014 Mercedes-Benz Mercedes-Benz ML250,black,DIESEL,MERCEDES-BENZ,MERCEDES-BENZ ML250,AUTOMATIC,130000,21490,WA,2014
1998 Nissan Patrol,beige,DIESEL,NISSAN,PATROL,MANUAL,20000,28000,WA,1998
2017 Holden commodore ssv redline,white,OTHER,HOLDEN,COMMODORE,MANUAL,48000,68000,WA,2017
2018 Toyota Toyota Aqua,white,PETROL,TOYOTA,TOYOTA AQUA,AUTOMATIC,105000,30000,WA,2018
2003 Toyota other,white,PETROL,TOYOTA,OTHER,AUTOMATIC,274000,7000,WA,2003
2014 Subaru WRX,silver,PETROL,SUBARU,WRX,AUTOMATIC,129500,27000,WA,2014
2013 Toyota Hiace,white,DIESEL,TOYOTA,HIACE,MANUAL,357000,12000,WA,2013
2002 Holden Commodore,green,PETROL,HOLDEN,COMMODORE,AUTOMATIC,330000,2500,WA,2002
2004 Ford Falcon,blue,PETROL,FORD,FALCON,AUTOMATIC,20000,123456,SA,2004
2013 Suzuki Kizashi,grey,PETROL,SUZUKI,KIZASHI,AUTOMATIC,243470,6500,WA,2013
2009 Ford Falcon,silver,OTHER,FORD,FALCON,AUTOMATIC,166435,6500,WA,2009
2013 Jeep Wrangler,black,PETROL,JEEP,WRANGLER,AUTOMATIC,101000,22499,SA,2013
2015 Toyota Corolla,red,OTHER,TOYOTA,COROLLA,MANUAL,140000,13000,SA,2015
2013 Mitsubishi Outlander,silver,PETROL,MITSUBISHI,OUTLANDER,AUTOMATIC,221300,8400,SA,2013
2011 Toyota Camry,silver,PETROL,TOYOTA,CAMRY,AUTOMATIC,225472,8000,SA,2011
2009 Kia Cerato,brown,OTHER,KIA,CERATO,AUTOMATIC,226000,4250,SA,2009
2013 Toyota Landcruiser Prado,charcoal,DIESEL,TOYOTA,LANDCRUISER,AUTOMATIC,265000,28500,SA,2013
2013 Holden Commodore,black,PETROL,HOLDEN,COMMODORE,AUTOMATIC,100500,38500,SA,2013
2010 Toyota Landcruiser 200,charcoal,PETROL,TOYOTA,LANDCRUISER,AUTOMATIC,210000,44000,SA,2010
2018 Toyota RAV4,burgundy,OTHER,TOYOTA,RAV4,AUTOMATIC,80000,26900,SA,2018
2016 Subaru Forester,white,PETROL,SUBARU,FORESTER,AUTOMATIC,115000,20000,SA,2016
2015 Mitsubishi Outlander,white,PETROL,MITSUBISHI,OUTLANDER,AUTOMATIC,337000,4700,SA,2015
1957 Mercedes-Benz 220S,beige,PETROL,MERCEDES-BENZ,MERCEDES-BENZ 220S,MANUAL,123456,39950,SA,1957
2014 Toyota Landcruiser Prado,charcoal,DIESEL,TOYOTA,LANDCRUISER,AUTOMATIC,140000,36000,SA,2014
2008 Toyota Corolla,blue,PETROL,TOYOTA,COROLLA,AUTOMATIC,153000,7000,SA,2008
2018 Kia Sportage,white,PETROL,KIA,SPORTAGE,AUTOMATIC,66100,22000,SA,2018
2004 Nissan Patrol,gold,DIESEL,NISSAN,PATROL,MANUAL,305414,16500,SA,2004
2015 Holden cruise,black,PETROL,HOLDEN,CRUISE,AUTOMATIC,120753,6000,VIC,2015
2012 Hyundai i45,red,PETROL,HYUNDAI,I45,AUTOMATIC,180000,10000,VIC,2012
2013 Nissan navara st,white,DIESEL,NISSAN,NAVARA,AUTOMATIC,189444,17500,VIC,2013
2008 Mazda CX-7,black,PETROL,MAZDA,CX-7,AUTOMATIC,108000,7500,VIC,2008
2010 Hyundai Getz,white,PETROL,HYUNDAI,GETZ,MANUAL,246000,5000,VIC,2010
2018 MINI Countryman,white,PETROL,MINI,COUNTRYMAN,AUTOMATIC,112000,26500,VIC,2018
2005 Subaru Forester,black,PETROL,SUBARU,FORESTER,AUTOMATIC,199999,6500,VIC,2005
2023 Nissan Pathfinder,white,PETROL,NISSAN,PATHFINDER,AUTOMATIC,22000,50000,VIC,2023
2004 Toyota Corolla,silver,PETROL,TOYOTA,COROLLA,AUTOMATIC,182000,3900,VIC,2004
2015 Holden Ute,black,OTHER,HOLDEN,UTE,AUTOMATIC,12345,9990,SA,2015
1967 Mercedes-Benz Mercedes-Benz 250SE,white,PETROL,MERCEDES-BENZ,MERCEDES-BENZ 250SE,AUTOMATIC,75000,19500,SA,1967
2011 Audi A6,silver,OTHER,AUDI,A6,AUTOMATIC,140000,13990,SA,2011
2012 Subaru Impreza,blue,OTHER,SUBARU,IMPREZA,MANUAL,250000,4000,SA,2012
2009 Toyota  Corolla,silver,PETROL,TOYOTA,COROLLA,AUTOMATIC,163245,6800,VIC,2009
2011 Volkswagen Passat,black,PETROL,VOLKSWAGEN,PASSAT,AUTOMATIC,180000,7999,WA,2011
2011 Holden Captiva,blue,DIESEL,HOLDEN,CAPTIVA,MANUAL,128433,5000,SA,2011
2018 Nissan X-Trail,silver,DIESEL,NISSAN,X-TRAIL,AUTOMATIC,139000,17000,WA,2018
2009 Mitsubishi Pajero,grey,DIESEL,MITSUBISHI,PAJERO,MANUAL,255000,11000,QLD,2009
2006 Subaru WRX STI GDB LOW KM,blue,PETROL,SUBARU,WRX,MANUAL,128000,33900,VIC,2006
2018 Toyota Landcruiser Prado,white,DIESEL,TOYOTA,LANDCRUISER,AUTOMATIC,158000,39900,QLD,2018
2006 Toyota Corolla,black,PETROL,TOYOTA,COROLLA,AUTOMATIC,174000,4000,SA,2006
2004 Holden Commodore,grey,PETROL,HOLDEN,COMMODORE,AUTOMATIC,284300,2500,SA,2004
2015 Toyota Camry,grey,HYBRID,TOYOTA,CAMRY,AUTOMATIC,245000,16000,NSW,2015
2009 Subaru WRX,blue,OTHER,SUBARU,WRX,MANUAL,1000,17000,NSW,2009
2002 Kia Rio,blue,PETROL,KIA,RIO,AUTOMATIC,124000,3600,NSW,2002
2014 Holden trax tj ltz,white,PETROL,HOLDEN,TRAX,AUTOMATIC,144689,8000,QLD,2014
2007 Toyota Yaris,grey,OTHER,TOYOTA,YARIS,AUTOMATIC,315000,4200,NSW,2007
2008 Holden Astra,white,PETROL,HOLDEN,ASTRA,MANUAL,287683,3500,SA,2008
2013 FIAT Ducato,white,DIESEL,FIAT,DUCATO,MANUAL,270000,15000,NSW,2013
2009 Honda Jazz,red,PETROL,HONDA,JAZZ,AUTOMATIC,235000,6200,NSW,2009
2012 Holden Captiva,grey,PETROL,HOLDEN,CAPTIVA,AUTOMATIC,122000,8900,NSW,2012
2004 Toyota Camry,silver,PETROL,TOYOTA,CAMRY,AUTOMATIC,272000,3650,NSW,2004
2019 Kia Carnival,black,DIESEL,KIA,CARNIVAL,AUTOMATIC,185000,25500,NSW,2019
2013 Jeep Grand Cherokee,white,DIESEL,JEEP,GRAND CHEROKEE,AUTOMATIC,156000,12500,NSW,2013
2018 Volvo XC40,black,PETROL,VOLVO,XC40,AUTOMATIC,41562,33800,NSW,2018
2002 Nissan Nissan Silvia,grey,PETROL,NISSAN,NISSAN SILVIA,MANUAL,92000,39000,NSW,2002
1973 Ford Mustang,white,PETROL,FORD,MUSTANG,AUTOMATIC,29339,79000,NSW,1973
2016 Mitsubishi Triton ,grey,DIESEL,MITSUBISHI,TRITON,AUTOMATIC,131000,23500,NSW,2016
2012 Dodge Journey,grey,PETROL,DODGE,JOURNEY,AUTOMATIC,280000,8000,NSW,2012
2012 Hyundai i45,silver,PETROL,HYUNDAI,I45,AUTOMATIC,187192,9000,VIC,2012
2008 Audi A3,silver,PETROL,AUDI,A3,AUTOMATIC,188000,9999,NSW,2008
2006 Ford Fiesta,blue,PETROL,FORD,FIESTA,AUTOMATIC,157000,2500,QLD,2006
2011 Kia Cerato,silver,OTHER,KIA,CERATO,AUTOMATIC,257000,4600,QLD,2011
2006 Toyota Yaris,red,OTHER,TOYOTA,YARIS,MANUAL,268082,5000,NSW,2006
2012 Ford territory ts (sz),silver,DIESEL,FORD,TERRITORY,AUTOMATIC,207600,9000,NSW,2012
1997 Daihatsu Terios,purple,PETROL,DAIHATSU,TERIOS,MANUAL,312500,4750,QLD,1997
2006 Hyundai Getz,red,PETROL,HYUNDAI,GETZ,AUTOMATIC,208350,3900,QLD,2006
2022 Hyundai Santa Fe Highlander,white,DIESEL,HYUNDAI,SANTA FE,AUTOMATIC,71135,44000,QLD,2022
2011 Mazda BT-50,blue,DIESEL,MAZDA,BT-50,AUTOMATIC,223600,9000,QLD,2011
2009 Holden Holden Colorado,white,DIESEL,HOLDEN,COLORADO,MANUAL,416836,9500,QLD,2009
2011 Toyota Hilux,white,DIESEL,TOYOTA,HILUX,MANUAL,276829,27000,NSW,2011
2019 Mitsubishi triton gls,white,DIESEL,MITSUBISHI,TRITON,AUTOMATIC,205781,27490,QLD,2019
2019 Holden Holden Colorado,black,DIESEL,HOLDEN,COLORADO,AUTOMATIC,150000,28000,QLD,2019
1996 Mitsubishi Delica,green,DIESEL,MITSUBISHI,DELICA,AUTOMATIC,303000,6600,QLD,1996
1994 Toyota Landcruiser,grey,PETROL,TOYOTA,LANDCRUISER,MANUAL,340000,13500,QLD,1994
2019 Mercedes-Benz Sprinter,red,DIESEL,MERCEDES-BENZ,SPRINTER,AUTOMATIC,228287,29990,QLD,2019
2013 Audi A1,white,OTHER,AUDI,A1,AUTOMATIC,138000,10800,VIC,2013
2007 BMW 320i e90,black,PETROL,BMW,320I E90,AUTOMATIC,205000,4500,QLD,2007
2019 Hyundai Tucson Active X,silver,PETROL,HYUNDAI,TUCSON,AUTOMATIC,117603,21999,VIC,2019
2020 Renault Master,yellow,OTHER,RENAULT,MASTER,AUTOMATIC,270000,31000,QLD,2020
2012 Holden Cruze,white,PETROL,HOLDEN,CRUZE,AUTOMATIC,120000,4250,VIC,2012
2021 Mitsubishi ASX,black,PETROL,MITSUBISHI,ASX,AUTOMATIC,30615,24200,QLD,2021
2023 Great Wall cannon xsr,silver,DIESEL,GWM,CANNON,AUTOMATIC,46000,36000,VIC,2023
2008 Hyundai Getz,blue,PETROL,HYUNDAI,GETZ,AUTOMATIC,175000,4000,VIC,2008
2002 Toyota Landcruiser Prado,grey,PETROL,TOYOTA,LANDCRUISER,AUTOMATIC,350000,7000,QLD,2002
2015 Mazda BT-50,silver,DIESEL,MAZDA,BT-50,AUTOMATIC,300,20990,VIC,2015
2004 Honda Accord,grey,PETROL,HONDA,ACCORD,AUTOMATIC,215117,4800,VIC,2004
2013 Kia Rio,red,PETROL,KIA,RIO,MANUAL,112000,10500,VIC,2013
2013 Toyota Hilux,grey,DIESEL,TOYOTA,HILUX,AUTOMATIC,201000,34999,VIC,2013
2020 MG ZS,white,PETROL,MG,ZS,AUTOMATIC,95000,17000,VIC,2020
2010 Nissan Navara,silver,DIESEL,NISSAN,NAVARA,AUTOMATIC,15534,7990,VIC,2010
2014 Ford Ranger,white,DIESEL,FORD,RANGER,AUTOMATIC,190000,7000,VIC,2014
2016 Holden Commodore,white,PETROL,HOLDEN,COMMODORE,AUTOMATIC,140000,28000,VIC,2016
2004 Nissan Pulsar,green,PETROL,NISSAN,PULSAR,AUTOMATIC,304000,2500,VIC,2004
2007 BMW 325i series 3,silver,PETROL,BMW,325I SERIES 3,AUTOMATIC,170000,9500,VIC,2007
2016 Nissan Qashqai,silver,DIESEL,NISSAN,QASHQAI,AUTOMATIC,227359,11990,VIC,2016
2010 Volkswagen Eos,silver,PETROL,VOLKSWAGEN,EOS,AUTOMATIC,135000,8000,VIC,2010
2018 Kia Cerato,red,PETROL,KIA,CERATO,AUTOMATIC,147000,16500,WA,2018
2011 Holden Calais,grey,OTHER,HOLDEN,CALAIS,AUTOMATIC,386000,3500,WA,2011
2016 Audi A3,black,PETROL,AUDI,A3,AUTOMATIC,147000,20000,WA,2016
2010 Suzuki SX4,black,PETROL,SUZUKI,SX4,AUTOMATIC,178000,5500,WA,2010
2013 Holden Captiva,grey,DIESEL,HOLDEN,CAPTIVA,AUTOMATIC,105000,9990,WA,2013
2010 BMW X5,white,DIESEL,BMW,X5,AUTOMATIC,185230,11750,WA,2010
2011 Holden Commodore,blue,PETROL,HOLDEN,COMMODORE,AUTOMATIC,499779,5500,WA,2011
2008 Holden Barina,grey,PETROL,HOLDEN,BARINA,AUTOMATIC,171001,3999,WA,2008
2012 Toyota Alphard V6 GGH20,white,PETROL,TOYOTA,ALPHARD,AUTOMATIC,118469,28990,WA,2012
2010 Toyota Hilux,white,OTHER,TOYOTA,HILUX,MANUAL,380000,20000,WA,2010
2014 Volkswagen Jetta,silver,OTHER,VOLKSWAGEN,JETTA,AUTOMATIC,174362,8700,WA,2014
2011 Suzuki SX4,black,PETROL,SUZUKI,SX4,MANUAL,86420,6900,WA,2011
2011 Holden Cruze,grey,PETROL,HOLDEN,CRUZE,AUTOMATIC,181000,6300,SA,2011
2005 Mazda MX-5,grey,PETROL,MAZDA,MX-5,MANUAL,140000,16000,SA,2005
2012 Land Rover Range Rover Evoque,blue,PETROL,LAND-ROVER,RANGE ROVER EVOQUE,AUTOMATIC,198000,13800,WA,2012
1998 Suzuki alto works limited,white,PETROL,SUZUKI,ALTO,AUTOMATIC,76000,12500,SA,1998
2003 Subaru WRX,black,PETROL,SUBARU,WRX,MANUAL,161000,35000,SA,2003
2021 Mitsubishi Mirage,white,PETROL,MITSUBISHI,MIRAGE,AUTOMATIC,66531,13000,WA,2021
2016 Mazda CX-5,black,DIESEL,MAZDA,CX-5,AUTOMATIC,112000,22000,SA,2016
2003 Mitsubishi Outlander,grey,PETROL,MITSUBISHI,OUTLANDER,AUTOMATIC,255000,4800,SA,2003
2018 Mitsubishi Pajero,silver,DIESEL,MITSUBISHI,PAJERO,AUTOMATIC,139043,32500,WA,2018
2019 Renault Kangoo,white,PETROL,RENAULT,KANGOO,AUTOMATIC,9853,38990,SA,2019
1993 Holden Calais,burgundy,PETROL,HOLDEN,CALAIS,AUTOMATIC,255000,4750,SA,1993
2008 Suzuki sx4 s sedan,white,PETROL,SUZUKI,SX4,AUTOMATIC,154805,6990,SA,2008
2017 Holden Astra,red,OTHER,HOLDEN,ASTRA,AUTOMATIC,150000,10600,SA,2017
2008 Holden Commodore,gold,PETROL,HOLDEN,COMMODORE,AUTOMATIC,175564,9990,WA,2008
2017 Hyundai Tucson,brown,PETROL,HYUNDAI,TUCSON,AUTOMATIC,123000,17500,SA,2017
2020 Subaru Forester,white,PETROL,SUBARU,FORESTER,AUTOMATIC,61268,27888,SA,2020
2013 Ford Territory,white,DIESEL,FORD,TERRITORY,AUTOMATIC,194285,8499,SA,2013
2021 MINI Hatch,black,PETROL,MINI,MINI,AUTOMATIC,63000,27990,SA,2021
2018 Holden Commodore ZB MY18 RS-V Liftback 5dr Spts Auto 9sp AWD 3.6i,white,PETROL,HOLDEN,COMMODORE,AUTOMATIC,90282,23917,SA,2018
2021 Isuzu mu-x wagon ls-m my19,white,DIESEL,ISUZU,MU-X,AUTOMATIC,123169,29877,SA,2021
2020 Lexus Lexus IS 300h,black,HYBRID,LEXUS,IS,AUTOMATIC,57849,35000,NSW,2020
2012 Holden Commodore,white,PETROL,HOLDEN,COMMODORE,AUTOMATIC,124900,18000,SA,2012
2013 Ford Territory,silver,DIESEL,FORD,TERRITORY,AUTOMATIC,247000,5500,SA,2013
2014 Holden Commodore,green,PETROL,HOLDEN,COMMODORE,AUTOMATIC,118500,26000,WA,2014
2014 Mercedes-Benz 2014 mercedes benz gl-class gl500 blueefficiency x166 auto 7 seats wagon,black,PETROL,MERCEDES-BENZ,CLA,AUTOMATIC,199000,26500,VIC,2014
2011 Ford Fiesta,blue,OTHER,FORD,FIESTA,AUTOMATIC,218000,5999,WA,2011
2017 Mazda CX-5,red,PETROL,MAZDA,CX-5,AUTOMATIC,115150,21500,VIC,2017
2017 Mitsubishi triton,white,DIESEL,MITSUBISHI,TRITON,AUTOMATIC,203982,24990,QLD,2017
2009 Holden Barina,blue,PETROL,HOLDEN,BARINA,MANUAL,231500,2700,WA,2009
2016 Holden Ute,black,PETROL,HOLDEN,UTE,AUTOMATIC,163000,27500,WA,2016
2019 Mercedes-Benz C200,white,OTHER,MERCEDES-BENZ,C-CLASS,AUTOMATIC,50100,41500,QLD,2019
2012 Subaru Tribeca,black,PETROL,SUBARU,TRIBECA,AUTOMATIC,210000,7000,WA,2012
2016 MINI Cooper,white,OTHER,MINI,COOPER,AUTOMATIC,92600,16800,QLD,2016
2012 Hyundai Veloster,grey,PETROL,HYUNDAI,VELOSTER,AUTOMATIC,197300,11999,WA,2012
2002 Ford Falcon,white,OTHER,FORD,FALCON,AUTOMATIC,253752,5000,QLD,2002
2000 Holden Commodore,black,PETROL,HOLDEN,COMMODORE,AUTOMATIC,115000,15000,QLD,2000
2007 Toyota Corolla,silver,PETROL,TOYOTA,COROLLA,AUTOMATIC,188036,5700,QLD,2007
2020 Toyota LANDCRUISER PRADO GXL PREMIUM 4X4 WITH UPGRADES,gold,DIESEL,TOYOTA,LANDCRUISER,AUTOMATIC,75000,74990,QLD,2020
1998 Toyota Landcruiser Prado,white,PETROL,TOYOTA,LANDCRUISER,AUTOMATIC,374000,13990,QLD,1998
2003 Nissan Patrol,white,DIESEL,NISSAN,PATROL,MANUAL,280000,15500,QLD,2003
2000 Honda Accord,green,PETROL,HONDA,ACCORD,AUTOMATIC,200000,2500,QLD,2000
1987 Toyota Landcruiser,beige,DIESEL,TOYOTA,LANDCRUISER,MANUAL,355000,3000,QLD,1987
2009 Mazda BT-50,blue,DIESEL,MAZDA,BT-50,MANUAL,309000,9500,QLD,2009
2010 Ford Falcon,orange,PETROL,FORD,FALCON,AUTOMATIC,260000,13000,WA,2010
2016 Nissan Patrol,black,PETROL,NISSAN,PATROL,AUTOMATIC,166905,50990,WA,2016
2010 Land Rover Range Rover Sport,black,DIESEL,LAND-ROVER,RANGE ROVER SPORT,AUTOMATIC,270000,5000,QLD,2010
2011 Ford Fiesta,green,PETROL,FORD,FIESTA,MANUAL,170000,4800,WA,2011
2015 Nissan Qashqai,white,PETROL,NISSAN,QASHQAI,AUTOMATIC,214000,7900,WA,2015
2004 Mazda Tribute,silver,OTHER,MAZDA,TRIBUTE,AUTOMATIC,160000,3000,WA,2004
2017 Volkswagen golf r mk7.5 wolfsburg edition wagon my18,blue,PETROL,VOLKSWAGEN,GOLF,AUTOMATIC,121000,38500,WA,2017
1993 Nissan Nissan Skyline GT-R,white,PETROL,NISSAN,GT-R,MANUAL,200000,34000,WA,1993
1998 Toyota Landcruiser Prado,green,PETROL,TOYOTA,LANDCRUISER,MANUAL,311175,12000,WA,1998
2011 Toyota Camry,grey,PETROL,TOYOTA,CAMRY,AUTOMATIC,168000,10400,WA,2011
"2007 Lexus rx400h reliable hybrid suv leather, sunroof, spacious & comfy. new 3 months rego, rwc, clear ppsr & 1 year extended warranty inc.",white,HYBRID,LEXUS,RX,AUTOMATIC,322198,8940,QLD,2007
2012 Holden Holden Colorado,grey,DIESEL,HOLDEN,COLORADO,AUTOMATIC,115000,16888,WA,2012
2011 Honda CR-V,red,OTHER,HONDA,CR-V,AUTOMATIC,119512,11000,NSW,2011
2016 Toyota Corolla,white,PETROL,TOYOTA,COROLLA,AUTOMATIC,105231,12345,NSW,2016
2011 BMW 325i,silver,OTHER,BMW,SERIES 3,AUTOMATIC,250000,5500,NSW,2011
2010 Toyota Corolla,blue,PETROL,TOYOTA,COROLLA,MANUAL,140000,7250,WA,2010
2009 Mazda CX-9,red,PETROL,MAZDA,CX-9,AUTOMATIC,255000,8200,NSW,2009
1997 Nissan barra gq patrol,white,PETROL,NISSAN,PATROL,MANUAL,130000,9000,VIC,1997
2019 Mazda BT-50,white,DIESEL,MAZDA,BT-50,MANUAL,197000,18000,NSW,2019
1988 Nissan Nissan Skyline GT-R,blue,OTHER,NISSAN,GT-R,AUTOMATIC,270000,13999,VIC,1988
2004 HINO dutro hi grade,white,DIESEL,HINO,DUTRO,MANUAL,331000,10500,VIC,2004
2010 Mitsubishi Outlander,grey,PETROL,MITSUBISHI,OUTLANDER,AUTOMATIC,164535,6000,VIC,2010
2020 Honda FIT GR3 (Jazz) Hybrid ,brown,HYBRID,HONDA,JAZZ,AUTOMATIC,78000,20499,VIC,2020
2007 Ford Focus,blue,PETROL,FORD,FOCUS,AUTOMATIC,215000,2900,VIC,2007
2019 Land Rover Range Rover Evoque,white,DIESEL,LAND-ROVER,RANGE ROVER EVOQUE,AUTOMATIC,92982,35000,VIC,2019
2022 Tesla model 3 performance,black,OTHER,TESLA,MODEL 3,AUTOMATIC,45720,49999,VIC,2022
2018 Jeep Compass,grey,OTHER,JEEP,COMPASS,AUTOMATIC,140000,10500,VIC,2018
2015 Land Rover discovery sd4 se diesel turbo 7 seat wagon 2015,grey,DIESEL,LAND-ROVER,DISCOVERY,AUTOMATIC,178766,15998,SA,2015
2014 Subaru impreza 2.0i (awd) my14 multi point f/inj 2.0l auto,silver,PETROL,SUBARU,IMPREZA,AUTOMATIC,154676,12990,SA,2014
2013 Holden Captiva,silver,PETROL,HOLDEN,CAPTIVA,AUTOMATIC,250000,7000,VIC,2013
2006 Nissan Navara,blue,DIESEL,NISSAN,NAVARA,MANUAL,300000,14000,VIC,2006
2002 Nissan Nissan Stagea,gold,PETROL,NISSAN,NISSAN STAGEA,AUTOMATIC,190000,16500,SA,2002
2007 Toyota Avensis,silver,PETROL,TOYOTA,AVENSIS,AUTOMATIC,250000,3800,NSW,2007
2016 Subaru Forester,white,DIESEL,SUBARU,FORESTER,AUTOMATIC,168000,17500,VIC,2016
2008 Honda Accord,silver,PETROL,HONDA,ACCORD,AUTOMATIC,259000,5000,VIC,2008
2008 Volkswagen transporter,white,DIESEL,VOLKSWAGEN,TRANSPORTER,AUTOMATIC,320000,9000,SA,2008
2013 Dodge Journey,silver,PETROL,DODGE,JOURNEY,AUTOMATIC,194000,7500,VIC,2013
2020 Toyota Land Cruiser Prado GXL,white,DIESEL,TOYOTA,PRADO,AUTOMATIC,162889,47990,SA,2020
2010 Volvo XC60,blue,PETROL,VOLVO,XC60,AUTOMATIC,140000,8500,VIC,2010
"2004 Holden wanted!  red, manual vz ss commodore",red,OTHER,HOLDEN,COMMODORE,MANUAL,111111,16000,VIC,2004
2023 Ford Ranger,silver,DIESEL,FORD,RANGER,AUTOMATIC,42000,71600,SA,2023
2015 Toyota Camry,white,PETROL,TOYOTA,CAMRY,AUTOMATIC,145000,14500,VIC,2015
2005 Toyota Corolla,silver,PETROL,TOYOTA,COROLLA,AUTOMATIC,367000,3500,VIC,2005
2020 Volkswagen T-Cross 85TSI Style MY21 - Rline,white,PETROL,VOLKSWAGEN,T-CROSS,AUTOMATIC,126888,21000,VIC,2020
2023 Tesla model 3 performance,white,ELECTRIC,TESLA,MODEL 3,AUTOMATIC,49000,58000,QLD,2023
2005 Ford Explorer,grey,PETROL,FORD,EXPLORER,AUTOMATIC,340000,4500,VIC,2005
1997 Nissan Nissan Stagea,green,PETROL,NISSAN,NISSAN STAGEA,AUTOMATIC,999999,7000,QLD,1997
2013 Toyota Hilux,white,DIESEL,TOYOTA,HILUX,MANUAL,234000,21000,SA,2013
1967 Volkswagen Kombi,black,PETROL,VOLKSWAGEN,KOMBI,MANUAL,66949,79990,QLD,1967
2014 Mercedes-Benz Vito,white,DIESEL,MERCEDES-BENZ,VITO,AUTOMATIC,270636,14500,VIC,2014
2014 Ford focus st,black,PETROL,FORD,FOCUS,MANUAL,210000,14500,VIC,2014
2007 Mercedes-Benz A170 Classic Hatchback,silver,PETROL,MERCEDES-BENZ,CLA,AUTOMATIC,149081,4500,VIC,2007
"2019 Ford Ranger XLT PX MkIII 4X4 3.2L 🔥 179,953kms",grey,DIESEL,FORD,RANGER,AUTOMATIC,179953,29888,NSW,2019
2018 Mitsubishi ASX,red,PETROL,MITSUBISHI,ASX,AUTOMATIC,123000,16000,NSW,2018
2009 Nissan 370gt,silver,PETROL,NISSAN,370GT,AUTOMATIC,82000,18000,NSW,2009
1988 Toyota Camry,white,PETROL,TOYOTA,CAMRY,AUTOMATIC,270000,10000,NSW,1988
2014 Toyota Landcruiser 200,black,DIESEL,TOYOTA,LANDCRUISER,AUTOMATIC,240000,61000,WA,2014
2014 Jeep Grand Cherokee,white,PETROL,JEEP,GRAND CHEROKEE,AUTOMATIC,161472,10500,VIC,2014
2024 Toyota landcruiser 79 v8,white,DIESEL,TOYOTA,LANDCRUISER,AUTOMATIC,18900,150000,QLD,2024
2015 Mitsubishi Lancer,black,PETROL,MITSUBISHI,LANCER,AUTOMATIC,288130,8000,QLD,2015
2022 Subaru Forester,white,PETROL,SUBARU,FORESTER,AUTOMATIC,130000,24999,NSW,2022
2001 Nissan 200SX,yellow,PETROL,NISSAN,200SX,MANUAL,219600,40000,NSW,2001
2018 Toyota Landcruiser 200,blue,DIESEL,TOYOTA,LANDCRUISER,AUTOMATIC,93000,100000,NSW,2018
2021 Toyota Corolla,white,HYBRID,TOYOTA,COROLLA,AUTOMATIC,92300,24500,NSW,2021
2012 Honda City,silver,PETROL,HONDA,CITY,AUTOMATIC,212000,7500,NSW,2012
2018 Toyota Corolla,red,PETROL,TOYOTA,COROLLA,AUTOMATIC,197000,14900,NSW,2018
2017 Kia Sportage,white,PETROL,KIA,SPORTAGE,AUTOMATIC,96000,17500,NSW,2017
2008 Toyota Hilux,blue,DIESEL,TOYOTA,HILUX,MANUAL,230000,24000,NSW,2008
2022 Hyundai i30,white,PETROL,HYUNDAI,I30,AUTOMATIC,27500,32000,NSW,2022
2024 Volkswagen Amarok,white,DIESEL,VOLKSWAGEN,AMAROK,AUTOMATIC,31000,70000,NSW,2024
2014 Hyundai Elantra,silver,PETROL,HYUNDAI,ELANTRA,AUTOMATIC,118000,13500,NSW,2014
2010 Ford Falcon,white,PETROL,FORD,FALCON,AUTOMATIC,221000,12500,NSW,2010
2013 Volkswagen Golf,charcoal,PETROL,VOLKSWAGEN,GOLF,AUTOMATIC,171723,11500,NSW,2013
2020 Ford Ranger,black,DIESEL,FORD,RANGER,AUTOMATIC,222000,30000,NSW,2020
2004 Honda Jazz,blue,PETROL,HONDA,JAZZ,AUTOMATIC,173000,4000,NSW,2004
2020 BMW X3,white,PETROL,BMW,X3,AUTOMATIC,174800,28800,NSW,2020
2008 Mercedes-Benz A170,silver,PETROL,MERCEDES-BENZ,A-CLASS,AUTOMATIC,106000,3999,SA,2008
2019 Toyota Kluger ,white,PETROL,TOYOTA,KLUGER,AUTOMATIC,91600,30000,NSW,2019
2013 Ford Territory,red,DIESEL,FORD,TERRITORY,AUTOMATIC,264000,7490,SA,2013
2019 Volkswagen Caddy,white,DIESEL,VOLKSWAGEN,CADDY,AUTOMATIC,79700,26900,SA,2019
2021 Jeep Wrangler,blue,PETROL,JEEP,WRANGLER,AUTOMATIC,49600,48500,SA,2021
2012 Nissan Dualis ,silver,PETROL,NISSAN,DUALIS,AUTOMATIC,79000,11000,SA,2012
2009 Nissan Tiida,white,PETROL,NISSAN,TIIDA,AUTOMATIC,313,4000,SA,2009
2019 Nissan Navara,white,DIESEL,NISSAN,NAVARA,AUTOMATIC,145000,25000,SA,2019
2010 Honda Civic,white,PETROL,HONDA,CIVIC,AUTOMATIC,122817,8800,SA,2010
2011 Toyota Camry,silver,PETROL,TOYOTA,CAMRY,AUTOMATIC,309000,4500,SA,2011
2014 Holden Commodore,blue,PETROL,HOLDEN,COMMODORE,AUTOMATIC,143200,36000,SA,2014
2024 Toyota Camry,white,HYBRID,TOYOTA,CAMRY,AUTOMATIC,87000,36500,SA,2024
2023 Suzuki Swift,blue,PETROL,SUZUKI,SWIFT,AUTOMATIC,98000,15900,SA,2023
2016 Land Rover Discovery,grey,DIESEL,LAND-ROVER,DISCOVERY,AUTOMATIC,84000,20999,SA,2016
2008 Nissan X-Trail,beige,PETROL,NISSAN,X-TRAIL,AUTOMATIC,258000,6500,SA,2008
2010 Mazda BT-50,black,DIESEL,MAZDA,BT-50,AUTOMATIC,245000,14250,SA,2010
2014 Volkswagen Golf,white,PETROL,VOLKSWAGEN,GOLF,MANUAL,196000,7800,SA,2014
2019 Hyundai Tucson,silver,PETROL,HYUNDAI,TUCSON,AUTOMATIC,126000,18990,QLD,2019
2011 Hyundai i20,red,PETROL,HYUNDAI,I20,MANUAL,141000,5000,SA,2011
2011 BMW 320 i,black,PETROL,BMW,SERIES 3,AUTOMATIC,157000,10000,SA,2011
2008 Holden Astra,white,PETROL,HOLDEN,ASTRA,AUTOMATIC,83255,5950,SA,2008
2013 Holden Commodore,silver,PETROL,HOLDEN,COMMODORE,AUTOMATIC,120000,45000,SA,2013
2006 Nissan Navara,white,DIESEL,NISSAN,NAVARA,MANUAL,300000,4900,WA,2006
2012 Mitsubishi Triton glr,white,OTHER,MITSUBISHI,TRITON,MANUAL,205000,9000,WA,2012
2008 Holden viva,white,PETROL,HOLDEN,VIVA,AUTOMATIC,150000,2999,WA,2008
2015 Hyundai i30,white,PETROL,HYUNDAI,I30,AUTOMATIC,210300,10500,WA,2015
2006 Jeep Cherokee,silver,PETROL,JEEP,CHEROKEE,AUTOMATIC,178500,7500,WA,2006
2017 Holden Holden Colorado,white,DIESEL,HOLDEN,COLORADO,MANUAL,215000,20500,WA,2017
2003 Nissan Patrol,white,DIESEL,NISSAN,PATROL,MANUAL,320000,30000,WA,2003
2023 Ford Everest,black,DIESEL,FORD,EVEREST,AUTOMATIC,22831,89990,WA,2023
2010 Hyundai i30,blue,PETROL,HYUNDAI,I30,AUTOMATIC,178900,6500,WA,2010
2023 Hyundai i30,white,PETROL,HYUNDAI,I30,AUTOMATIC,30000,28499,WA,2023
2007 Toyota Aurion,beige,PETROL,TOYOTA,AURION,AUTOMATIC,241789,5000,WA,2007
2009 MINI cooper s,black,PETROL,MINI,COOPER,MANUAL,153000,9650,WA,2009
2018 Volkswagen Caravelle,silver,DIESEL,VOLKSWAGEN,CARAVELLE,AUTOMATIC,145000,34000,WA,2018
2023 LDV G10+,white,DIESEL,LDV,G10,AUTOMATIC,65000,19000,WA,2023
2021 Mitsubishi Pajero,grey,DIESEL,MITSUBISHI,PAJERO,AUTOMATIC,73000,40000,WA,2021
2017 Subaru Levorg,black,OTHER,SUBARU,LEVORG,AUTOMATIC,114500,25500,VIC,2017
2021 Toyota Yaris,gold,HYBRID,TOYOTA,YARIS,AUTOMATIC,147772,36500,WA,2021
2013 Holden Holden Colorado,blue,DIESEL,HOLDEN,COLORADO,AUTOMATIC,335,10500,VIC,2013
2016 Ford Escape,burgundy,PETROL,FORD,ESCAPE,AUTOMATIC,89000,19850,VIC,2016
2011 Hyundai i45,silver,PETROL,HYUNDAI,I45,AUTOMATIC,170000,7000,WA,2011
2024 Toyota Kluger,white,HYBRID,TOYOTA,KLUGER,AUTOMATIC,9000,68000,WA,2024
2016 Holden Trax,red,PETROL,HOLDEN,TRAX,AUTOMATIC,170307,7000,VIC,2016
2009 Hyundai i30,silver,PETROL,HYUNDAI,I30,AUTOMATIC,242000,5000,VIC,2009
2017 Jeep Grand Cherokee,white,PETROL,JEEP,GRAND CHEROKEE,AUTOMATIC,103000,56500,VIC,2017
2006 Suzuki Jimny,grey,PETROL,SUZUKI,JIMNY,MANUAL,225000,15000,VIC,2006
2016 Ford Everest,orange,DIESEL,FORD,EVEREST,AUTOMATIC,123100,30000,VIC,2016
2019 Škoda superb 162tsi,grey,PETROL,ŠKODA,SUPERB,AUTOMATIC,156000,17500,VIC,2019
2012 Subaru Impreza,white,PETROL,SUBARU,IMPREZA,AUTOMATIC,201000,5500,VIC,2012
2017 Mitsubishi ASX,blue,PETROL,MITSUBISHI,ASX,AUTOMATIC,210500,10499,VIC,2017
2023 Volkswagen Tiguan,grey,PETROL,VOLKSWAGEN,TIGUAN,AUTOMATIC,74000,25500,VIC,2023
2011 Hyundai iMax,silver,DIESEL,HYUNDAI,IMAX,AUTOMATIC,208384,11500,VIC,2011
2014 Ford Territory,grey,DIESEL,FORD,TERRITORY,AUTOMATIC,278000,7800,VIC,2014
2014 Isuzu npr 300,grey,DIESEL,ISUZU,NPR 300,MANUAL,244000,44000,VIC,2014
2014 Volkswagen Golf,white,OTHER,VOLKSWAGEN,GOLF,AUTOMATIC,146000,12500,VIC,2014
2023 Chevrolet Silverado,yellow,PETROL,CHEVROLET,SILVERADO,AUTOMATIC,59000,117000,VIC,2023
2016 Holden Commodore,red,PETROL,HOLDEN,COMMODORE,AUTOMATIC,148000,24500,VIC,2016
2017 Mazda BT-50,white,DIESEL,MAZDA,BT-50,AUTOMATIC,150000,25000,QLD,2017
2023 BMW m340 lci,grey,OTHER,BMW,M3,AUTOMATIC,26500,95000,VIC,2023
2017 Volkswagen Amarok,white,DIESEL,VOLKSWAGEN,AMAROK,AUTOMATIC,164000,21700,VIC,2017
2009 Toyota Camry,grey,PETROL,TOYOTA,CAMRY,AUTOMATIC,260000,5000,QLD,2009
2017 Toyota Corolla,white,PETROL,TOYOTA,COROLLA,AUTOMATIC,100000,18850,QLD,2017
2010 Ford Focus,white,PETROL,FORD,FOCUS,MANUAL,300000,4000,QLD,2010
2011 Holden Commodore,red,PETROL,HOLDEN,COMMODORE,AUTOMATIC,207000,6500,QLD,2011
2007 Toyota Corolla,silver,PETROL,TOYOTA,COROLLA,AUTOMATIC,332820,5000,QLD,2007
1998 Holden Rodeo,grey,DIESEL,HOLDEN,RODEO,MANUAL,152000,8500,QLD,1998
2013 Toyota Hilux,white,DIESEL,TOYOTA,HILUX,AUTOMATIC,278000,24000,QLD,2013
2018 Nissan navara 4x4,white,DIESEL,NISSAN,NAVARA,AUTOMATIC,229000,20500,QLD,2018
2022 Mazda CX-5,white,OTHER,MAZDA,CX-5,AUTOMATIC,44228,38000,QLD,2022
2016 Subaru XV,white,PETROL,SUBARU,XV,AUTOMATIC,285000,10350,QLD,2016
2024 Toyota RAV4,silver,PETROL,TOYOTA,RAV4,AUTOMATIC,1000,57000,QLD,2024
2017 Mitsubishi ASX,blue,PETROL,MITSUBISHI,ASX,AUTOMATIC,51986,14999,QLD,2017
2023 Hyundai Sonata,white,PETROL,HYUNDAI,SONATA,AUTOMATIC,45000,26999,QLD,2023
2020 Nissan Qashqai,white,PETROL,NISSAN,QASHQAI,AUTOMATIC,88560,25000,VIC,2020
2009 Ford Falcon,green,OTHER,FORD,FALCON,AUTOMATIC,271903,12000,VIC,2009
2014 Porsche Cayenne,black,DIESEL,PORSCHE,CAYENNE,AUTOMATIC,109800,32000,VIC,2014
2022 Toyota Landcruiser,brown,DIESEL,TOYOTA,LANDCRUISER,AUTOMATIC,28500,112600,VIC,2022
2016 Mitsubishi Triton,white,DIESEL,MITSUBISHI,TRITON,MANUAL,197822,15000,VIC,2016
2006 Suzuki Swift,white,PETROL,SUZUKI,SWIFT,AUTOMATIC,171988,6000,WA,2006
2017 Honda Jazz,blue,HYBRID,HONDA,JAZZ,AUTOMATIC,89500,14600,VIC,2017
2008 Nissan Skyline 370GT,grey,PETROL,NISSAN,SKYLINE 370GT,AUTOMATIC,75600,18495,VIC,2008
2019 Toyota Camry,white,HYBRID,TOYOTA,CAMRY,AUTOMATIC,125000,30000,NSW,2019
1995 Holden Ute,white,PETROL,HOLDEN,UTE,AUTOMATIC,112000,10900,SA,1995
2014 Ford Fiesta,grey,PETROL,FORD,FIESTA,AUTOMATIC,75000,10200,NSW,2014
1998 Holden Rodeo,white,DIESEL,HOLDEN,RODEO,MANUAL,279000,4000,NSW,1998
2010 Ford Focus,white,PETROL,FORD,FOCUS,AUTOMATIC,700,5000,NSW,2010
2006 Honda Jazz,blue,PETROL,HONDA,JAZZ,MANUAL,250380,2500,NSW,2006
2014 Volkswagen Golf,silver,PETROL,VOLKSWAGEN,GOLF,AUTOMATIC,238222,6000,NSW,2014
2011 BMW X3,black,DIESEL,BMW,X3,AUTOMATIC,200000,10000,NSW,2011
2017 Isuzu MU-X,brown,DIESEL,ISUZU,MU-X,AUTOMATIC,178000,27000,NSW,2017
2018 Hyundai i30,white,OTHER,HYUNDAI,I30,AUTOMATIC,142000,14450,NSW,2018
2021 Kia Carnival,white,DIESEL,KIA,CARNIVAL,AUTOMATIC,147050,32500,NSW,2021
2020 Toyota Corolla,black,PETROL,TOYOTA,COROLLA,AUTOMATIC,84000,29500,NSW,2020
2007 Holden Commodore,black,PETROL,HOLDEN,COMMODORE,AUTOMATIC,155000,23500,NSW,2007
2019 Mitsubishi eclipse cross ls,silver,PETROL,MITSUBISHI,ECLIPSE CROSS,AUTOMATIC,75000,20500,NSW,2019
2017 Mitsubishi Pajero,white,DIESEL,MITSUBISHI,PAJERO,AUTOMATIC,125000,32000,NSW,2017
2016 Toyota RAV4,silver,PETROL,TOYOTA,RAV4,AUTOMATIC,134789,27900,NSW,2016
2006 Mitsubishi Pajero,grey,PETROL,MITSUBISHI,PAJERO,AUTOMATIC,366240,7000,NSW,2006
2018 Kia Rio,blue,PETROL,KIA,RIO,AUTOMATIC,110000,15000,SA,2018
2019 Land Rover Range Rover Sport,white,DIESEL,LAND-ROVER,RANGE ROVER SPORT,AUTOMATIC,76000,70000,SA,2019
1988 Ford Maverick,white,DIESEL,FORD,MAVERICK,MANUAL,510000,8000,SA,1988
2013 Ford Ranger,silver,DIESEL,FORD,RANGER,MANUAL,186130,28000,SA,2013
2006 Suzuki Vitara,white,PETROL,SUZUKI,VITARA,MANUAL,194000,6900,SA,2006
2012 Subaru Forester,white,PETROL,SUBARU,FORESTER,AUTOMATIC,204000,8000,SA,2012
2009 Toyota Aurion,grey,PETROL,TOYOTA,AURION,AUTOMATIC,234000,6800,SA,2009
2013 Nissan X-Trail,blue,DIESEL,NISSAN,X-TRAIL,AUTOMATIC,95000,15000,NSW,2013
2015 Toyota Corolla,silver,OTHER,TOYOTA,COROLLA,AUTOMATIC,221000,9500,SA,2015
2002 Toyota Corolla,white,PETROL,TOYOTA,COROLLA,AUTOMATIC,264000,4850,SA,2002
2019 Hyundai Venue,white,PETROL,HYUNDAI,VENUE,MANUAL,35000,16000,SA,2019
2007 Honda Accord,red,PETROL,HONDA,ACCORD,AUTOMATIC,183000,3900,SA,2007
2014 Jeep Grand Cherokee,grey,PETROL,JEEP,GRAND CHEROKEE,AUTOMATIC,136000,13000,SA,2014
2012 Volkswagen Amarok,silver,DIESEL,VOLKSWAGEN,AMAROK,MANUAL,213000,8000,SA,2012
2017 Kia Sportage,white,PETROL,KIA,SPORTAGE,AUTOMATIC,125000,16500,SA,2017
2020 Mitsubishi Outlander,white,PETROL,MITSUBISHI,OUTLANDER,AUTOMATIC,92504,24999,SA,2020
2005 Ford Fairmont,silver,OTHER,FORD,FAIRMONT,AUTOMATIC,160000,5500,SA,2005
2024 Nissan Patrol,black,PETROL,NISSAN,PATROL,AUTOMATIC,30000,96580,QLD,2024
2013 Volkswagen GOLF TSi,white,PETROL,VOLKSWAGEN,GOLF,MANUAL,192000,5500,QLD,2013
2008 Toyota Hiace,white,OTHER,TOYOTA,HIACE,AUTOMATIC,247000,18999,QLD,2008
1982 Toyota hilux v8 ,blue,PETROL,TOYOTA,HILUX,MANUAL,2000,30000,QLD,1982
2000 Nissan Pulsar,blue,PETROL,NISSAN,PULSAR,MANUAL,201000,3500,QLD,2000
2016 Volkswagen Tiguan,silver,PETROL,VOLKSWAGEN,TIGUAN,MANUAL,172000,11250,QLD,2016
2017 Mazda CX5,silver,PETROL,MAZDA,CX-5,MANUAL,103063,18000,QLD,2017
2020 Toyota Camry,white,PETROL,TOYOTA,CAMRY,AUTOMATIC,40769,28000,QLD,2020
2013 Toyota Landcruiser,white,DIESEL,TOYOTA,LANDCRUISER,MANUAL,235500,49500,QLD,2013
2014 Holden Captiva,white,PETROL,HOLDEN,CAPTIVA,AUTOMATIC,151101,7000,QLD,2014
2015 Subaru Outback 3.6R,gold,PETROL,SUBARU,OUTBACK,AUTOMATIC,182000,14000,QLD,2015
2016 Nissan Navara,gold,DIESEL,NISSAN,NAVARA,AUTOMATIC,160000,22900,QLD,2016
2014 Kia Cerato,white,PETROL,KIA,CERATO,AUTOMATIC,220000,7500,QLD,2014
2009 Nissan 370Z,brown,PETROL,NISSAN,370Z,AUTOMATIC,179826,19900,QLD,2009
2013 Ford Focus,silver,PETROL,FORD,FOCUS,AUTOMATIC,131000,3000,QLD,2013
2008 Toyota Corolla,blue,PETROL,TOYOTA,COROLLA,AUTOMATIC,267000,5800,QLD,2008
2012 Ford Ranger,blue,DIESEL,FORD,RANGER,AUTOMATIC,340000,5000,QLD,2012
1995 Ford Mustang,white,PETROL,FORD,MUSTANG,AUTOMATIC,98854,20000,QLD,1995
2006 Honda Accord,black,OTHER,HONDA,ACCORD,AUTOMATIC,312000,3400,WA,2006
2024 Mazda CX-5,blue,PETROL,MAZDA,CX-5,AUTOMATIC,70000,29000,QLD,2024
2015 Audi TT,white,PETROL,AUDI,TT,AUTOMATIC,63633,35000,WA,2015
2014 Mercedes-Benz Mercedes-Benz 250SE,grey,PETROL,MERCEDES-BENZ,MERCEDES-BENZ 250SE,AUTOMATIC,126000,18000,WA,2014
2002 Honda CR-V,brown,PETROL,HONDA,CR-V,AUTOMATIC,248320,4500,WA,2002
2019 Nissan Patrol,grey,DIESEL,NISSAN,PATROL,AUTOMATIC,110000,68000,WA,2019
2023 Volkswagen Passat,white,PETROL,VOLKSWAGEN,PASSAT,AUTOMATIC,6600,5000,WA,2023
2009 Hyundai i30,grey,PETROL,HYUNDAI,I30,AUTOMATIC,300000,4800,QLD,2009
2008 Audi Q7,silver,PETROL,AUDI,Q7,AUTOMATIC,138268,12000,WA,2008
2008 Mitsubishi Triton,white,DIESEL,MITSUBISHI,TRITON,AUTOMATIC,232866,8500,WA,2008
1996 Honda Civic,silver,PETROL,HONDA,CIVIC,AUTOMATIC,170000,6000,WA,1996
2020 Porsche Cayenne,orange,PETROL,PORSCHE,CAYENNE,AUTOMATIC,78000,135000,WA,2020
2009 Hyundai i30,charcoal,PETROL,HYUNDAI,I30,MANUAL,408500,4000,WA,2009
2023 Hyundai palisade,grey,DIESEL,HYUNDAI,PALISADE,AUTOMATIC,15000,62500,WA,2023
2018 Mazda CX-5 Touring 2.5L Auto AWD,grey,PETROL,MAZDA,CX-5,AUTOMATIC,138500,19990,WA,2018
2017 Mercedes-Benz a class 200,grey,PETROL,MERCEDES-BENZ,CLA,AUTOMATIC,187000,15000,WA,2017
2004 Nissan Patrol,green,DIESEL,NISSAN,PATROL,MANUAL,267000,31500,WA,2004
1992 Toyota Hilux,white,DIESEL,TOYOTA,HILUX,MANUAL,315000,9500,WA,1992
2008 Honda CR-V 🤘,black,PETROL,HONDA,CR-V,AUTOMATIC,178714,9550,VIC,2008
1998 Nissan barra patrol,grey,PETROL,NISSAN,PATROL,AUTOMATIC,1234,18600,WA,1998
2011 Ford Falcon,orange,PETROL,FORD,FALCON,AUTOMATIC,190000,15000,VIC,2011
2010 BMW X1,black,DIESEL,BMW,X1,AUTOMATIC,128476,9750,VIC,2010
2008 Toyota Crown Grs204 V6 Full Option,white,PETROL,TOYOTA,CROWN,AUTOMATIC,115000,16450,VIC,2008
1998 Holden Commodore,white,PETROL,HOLDEN,COMMODORE,AUTOMATIC,205000,10000,VIC,1998
2015 Audi A4,grey,PETROL,AUDI,A4,AUTOMATIC,175000,14000,VIC,2015
2016 Hyundai Tucson,black,PETROL,HYUNDAI,TUCSON,AUTOMATIC,175313,14000,VIC,2016
2020 Toyota Camry,white,HYBRID,TOYOTA,CAMRY,AUTOMATIC,106000,26999,VIC,2020
2017 FIAT 500X,blue,PETROL,FIAT,500X,AUTOMATIC,129729,11000,VIC,2017
1995 Suzuki Vitara,green,PETROL,SUZUKI,VITARA,MANUAL,140000,12500,VIC,1995
2016 Hyundai I load,white,DIESEL,HYUNDAI,ILOAD,AUTOMATIC,296000,15250,NSW,2016
2014 Ford Falcon,red,OTHER,FORD,FALCON,AUTOMATIC,175000,13500,NSW,2014
2012 Holden Holden Colorado,blue,PETROL,HOLDEN,COLORADO,AUTOMATIC,129000,11000,NSW,2012
2011 Citroën C4,gold,PETROL,CITROËN,C4,AUTOMATIC,105000,5500,NSW,2011
2003 Toyota corolla sportivo,silver,PETROL,TOYOTA,COROLLA,MANUAL,238908,8000,QLD,2003
2006 Toyota Landcruiser,grey,PETROL,TOYOTA,LANDCRUISER,AUTOMATIC,390400,14500,NSW,2006
2012 Iveco Daily 70C,white,DIESEL,IVECO,DAILY,MANUAL,140105,49999,NSW,2012
1999 Toyota Camry,white,PETROL,TOYOTA,CAMRY,AUTOMATIC,242000,4800,SA,1999
2007 Holden Commodore,red,PETROL,HOLDEN,COMMODORE,AUTOMATIC,220000,20000,SA,2007
2015 Nissan Pulsar,silver,PETROL,NISSAN,PULSAR,AUTOMATIC,159436,4800,VIC,2015
2008 Holden Captiva,blue,PETROL,HOLDEN,CAPTIVA,AUTOMATIC,329000,2999,QLD,2008
2015 Nissan Navara,silver,DIESEL,NISSAN,NAVARA,AUTOMATIC,132000,29000,VIC,2015
2009 Holden Commodore,red,PETROL,HOLDEN,COMMODORE,AUTOMATIC,149000,25000,VIC,2009
2005 Toyota Camry,red,OTHER,TOYOTA,CAMRY,AUTOMATIC,211900,6100,VIC,2005
2006 Honda Civic,grey,PETROL,HONDA,CIVIC,AUTOMATIC,216013,4500,VIC,2006
2008 Toyota Yaris,silver,PETROL,TOYOTA,YARIS,AUTOMATIC,255000,5200,VIC,2008
2012 Holden Commodore,white,OTHER,HOLDEN,COMMODORE,AUTOMATIC,272284,4500,VIC,2012
2021 Hyundai Tucson,red,PETROL,HYUNDAI,TUCSON,AUTOMATIC,40000,25000,VIC,2021
2010 Holden Commodore,black,PETROL,HOLDEN,COMMODORE,AUTOMATIC,286000,6500,VIC,2010
2010 BMW series 3,white,PETROL,BMW,SERIES 3,AUTOMATIC,184000,6500,WA,2010
2010 Mitsubishi Outlander,grey,OTHER,MITSUBISHI,OUTLANDER,AUTOMATIC,208000,5800,VIC,2010
2021 Kia Cerato,white,PETROL,KIA,CERATO,AUTOMATIC,105000,17250,VIC,2021
2000 Mitsubishi Lancer,silver,PETROL,MITSUBISHI,LANCER,AUTOMATIC,220000,3500,VIC,2000
2012 Ford Ranger,white,DIESEL,FORD,RANGER,AUTOMATIC,296533,10000,VIC,2012
2007 Toyota Hilux,grey,PETROL,TOYOTA,HILUX,MANUAL,294000,6800,VIC,2007
2010 Ford Ranger,white,DIESEL,FORD,RANGER,MANUAL,334713,2500,VIC,2010
2018 Ford Ranger,silver,DIESEL,FORD,RANGER,AUTOMATIC,189000,36000,VIC,2018
2010 Holden Calais,grey,PETROL,HOLDEN,CALAIS,AUTOMATIC,205000,10000,VIC,2010
2004 Ford Falcon,gold,PETROL,FORD,FALCON,AUTOMATIC,260000,3500,SA,2004
2004 Holden Ute,black,PETROL,HOLDEN,UTE,MANUAL,238000,16500,SA,2004
2018 Nissan cube,white,OTHER,NISSAN,CUBE,AUTOMATIC,45712,18000,SA,2018
1998 Honda Civic,black,OTHER,HONDA,CIVIC,MANUAL,195000,12500,SA,1998
2008 Lexus IS F,silver,PETROL,LEXUS,IS,AUTOMATIC,75500,44990,SA,2008
2020 Volkswagen tiguan r-line,silver,PETROL,VOLKSWAGEN,TIGUAN,AUTOMATIC,120000,30950,SA,2020
2003 Ford Falcon,white,PETROL,FORD,FALCON,MANUAL,308768,10000,SA,2003
2009 Toyota Corolla,white,PETROL,TOYOTA,COROLLA,MANUAL,102000,9500,SA,2009
2013 Suzuki SX4,black,PETROL,SUZUKI,SX4,AUTOMATIC,182000,8000,SA,2013
2016 Hyundai Accent,black,PETROL,HYUNDAI,ACCENT,AUTOMATIC,131000,8700,VIC,2016
2013 Nissan Navara,white,DIESEL,NISSAN,NAVARA,MANUAL,172000,13000,SA,2013
2016 Ford Falcon,white,OTHER,FORD,FALCON,AUTOMATIC,122000,19000,SA,2016
1988 Holden Commodore,blue,PETROL,HOLDEN,COMMODORE,AUTOMATIC,1000,18000,SA,1988
2006 Subaru Impreza,silver,OTHER,SUBARU,IMPREZA,AUTOMATIC,270000,5000,SA,2006
2023 MG ZS,black,PETROL,MG,ZS,AUTOMATIC,13000,22000,SA,2023
2006 Subaru Forester,grey,PETROL,SUBARU,FORESTER,AUTOMATIC,136600,6500,SA,2006
2012 Honda Civic,blue,PETROL,HONDA,CIVIC,AUTOMATIC,284000,7800,WA,2012
2009 Toyota Yaris,silver,PETROL,TOYOTA,YARIS,AUTOMATIC,161338,7500,WA,2009
2024 Toyota Alphard Z AGH40,black,PETROL,TOYOTA,ALPHARD,AUTOMATIC,300,99990,WA,2024
2002 Hyundai accent,white,PETROL,HYUNDAI,ACCENT,AUTOMATIC,81500,4300,WA,2002
2015 Hyundai Elantra,silver,PETROL,HYUNDAI,ELANTRA,AUTOMATIC,199000,8200,WA,2015
2008 Toyota Hilux,white,DIESEL,TOYOTA,HILUX,MANUAL,260000,24000,WA,2008
2006 Hyundai Getz,silver,PETROL,HYUNDAI,GETZ,MANUAL,275000,2750,WA,2006
2009 Hyundai Getz,red,PETROL,HYUNDAI,GETZ,MANUAL,245000,2700,WA,2009
2001 Mitsubishi Delica,black,PETROL,MITSUBISHI,DELICA,AUTOMATIC,224440,22500,WA,2001
1999 Toyota Landcruiser,white,DIESEL,TOYOTA,LANDCRUISER,MANUAL,290000,20000,WA,1999
2015 Toyota Corolla,white,PETROL,TOYOTA,COROLLA,AUTOMATIC,232000,11000,WA,2015
2019 Toyota RAV4,silver,PETROL,TOYOTA,RAV4,AUTOMATIC,165000,31800,WA,2019
2005 Land Rover Range Rover Sport,black,PETROL,LAND-ROVER,RANGE ROVER SPORT,AUTOMATIC,235160,19800,WA,2005
2009 Hyundai Ix35,grey,PETROL,HYUNDAI,IX35,MANUAL,233500,4900,WA,2009
2002 Hyundai Getz,yellow,PETROL,HYUNDAI,GETZ,MANUAL,120000,5000,WA,2002
2004 Nissan skyline 350gt,silver,PETROL,NISSAN,SKYLINE 350GT,AUTOMATIC,173000,8000,WA,2004
2007 Suzuki Grand Vitara,grey,PETROL,SUZUKI,GRAND VITARA,AUTOMATIC,300000,4000,QLD,2007
2017 Volkswagen Golf,white,OTHER,VOLKSWAGEN,GOLF,AUTOMATIC,86000,31000,QLD,2017
2007 Holden Commodore SV6 Ute,green,PETROL,HOLDEN,COMMODORE,MANUAL,248871,9500,QLD,2007
2015 Volkswagen Amarok,white,DIESEL,VOLKSWAGEN,AMAROK,AUTOMATIC,390000,4000,QLD,2015
2015 Mercedes-Benz GLA45 AMG 4MATIC,grey,PETROL,MERCEDES-BENZ,GLA,AUTOMATIC,98300,22999,QLD,2015
2012 Toyota RAV4,red,PETROL,TOYOTA,RAV4,AUTOMATIC,149704,14999,QLD,2012
2010 Ford Ranger,green,DIESEL,FORD,RANGER,MANUAL,371000,5000,QLD,2010
2015 Holden Captiva,red,PETROL,HOLDEN,CAPTIVA,AUTOMATIC,123000,4000,WA,2015
2015 BMW 225i,silver,PETROL,BMW,SERIES 2,AUTOMATIC,93283,19995,QLD,2015
2018 BMW 530I,black,PETROL,BMW,SERIES 5,AUTOMATIC,116850,32000,QLD,2018
2011 Toyota landcruiser workmate,white,DIESEL,TOYOTA,LANDCRUISER,MANUAL,254800,49500,QLD,2011
1976 Volkswagen Kombi,orange,PETROL,VOLKSWAGEN,KOMBI,MANUAL,80000,14000,QLD,1976
2019 Holden Commodore,black,PETROL,HOLDEN,COMMODORE,AUTOMATIC,138989,12990,QLD,2019
2018 Isuzu D-Max,blue,DIESEL,ISUZU,D-MAX,AUTOMATIC,202388,28990,QLD,2018
2021 Toyota Prado GXL,black,DIESEL,TOYOTA,LANDCRUISER,AUTOMATIC,72000,64500,QLD,2021
2016 Suzuki Vitara,white,PETROL,SUZUKI,VITARA,AUTOMATIC,170969,14990,NSW,2016
2006 Nissan Patrol,white,PETROL,NISSAN,PATROL,AUTOMATIC,290000,28000,NSW,2006
2012 Toyota Hilux,white,DIESEL,TOYOTA,HILUX,MANUAL,223000,24000,NSW,2012
1996 Holden Commodore,white,PETROL,HOLDEN,COMMODORE,MANUAL,180000,7000,NSW,1996
1976 Toyota Crown,green,PETROL,TOYOTA,CROWN,AUTOMATIC,143000,16000,NSW,1976
1996 Nissan Pulsar,red,OTHER,NISSAN,PULSAR,AUTOMATIC,213000,3200,NSW,1996
2017 Subaru Levorg,blue,PETROL,SUBARU,LEVORG,AUTOMATIC,122200,21000,NSW,2017
2022 Mazda MX-5,white,PETROL,MAZDA,MX-5,AUTOMATIC,6400,47000,NSW,2022
2012 Toyota Yaris,blue,PETROL,TOYOTA,YARIS,AUTOMATIC,138000,9000,NSW,2012
2013 Kia Optima,charcoal,PETROL,KIA,OPTIMA,AUTOMATIC,225000,11500,NSW,2013
2013 Toyota hilux sr5 n70,white,DIESEL,TOYOTA,HILUX,AUTOMATIC,237000,28000,NSW,2013
2006 Toyota yaris yrs,blue,PETROL,TOYOTA,YARIS,MANUAL,253000,3200,NSW,2006
2009 Hyundai Getz,white,OTHER,HYUNDAI,GETZ,MANUAL,225000,3500,NSW,2009
2014 Jeep Cherokee,grey,OTHER,JEEP,CHEROKEE,AUTOMATIC,184000,10999,WA,2014
2005 Nissan Murano,orange,PETROL,NISSAN,MURANO,AUTOMATIC,250000,5000,NSW,2005
2008 Toyota Hilux,white,DIESEL,TOYOTA,HILUX,MANUAL,298475,25000,NSW,2008
2005 Volkswagen Polo,red,PETROL,VOLKSWAGEN,POLO,MANUAL,224093,3600,QLD,2005
2019 Mitsubishi Triton ,black,DIESEL,MITSUBISHI,TRITON,MANUAL,192000,21999,QLD,2019
2003 Toyota Corolla,grey,OTHER,TOYOTA,COROLLA,MANUAL,215000,8500,NSW,2003
2009 Mercedes-Benz Sprinter,red,DIESEL,MERCEDES-BENZ,SPRINTER,AUTOMATIC,285694,10000,NSW,2009
2004 Toyota Corolla,blue,PETROL,TOYOTA,COROLLA,AUTOMATIC,298000,4950,SA,2004
2006 Holden Commodore,white,OTHER,HOLDEN,COMMODORE,AUTOMATIC,184000,26000,WA,2006
2016 Honda Civic,blue,PETROL,HONDA,CIVIC,AUTOMATIC,119980,18500,NSW,2016
2015 BMW x3 x drive 2.0i,white,PETROL,BMW,X3,AUTOMATIC,101668,17000,SA,2015
2005 Toyota Camry ,brown,OTHER,TOYOTA,CAMRY,AUTOMATIC,293893,3000,VIC,2005
2005 Toyota Camry,silver,PETROL,TOYOTA,CAMRY,AUTOMATIC,181000,4100,VIC,2005
2014 Toyota Camry,white,HYBRID,TOYOTA,CAMRY,AUTOMATIC,413500,12000,VIC,2014
2015 Toyota Landcruiser,white,DIESEL,TOYOTA,LANDCRUISER,MANUAL,76000,112000,VIC,2015
2009 Toyota Yaris,silver,OTHER,TOYOTA,YARIS,AUTOMATIC,99750,8990,VIC,2009
2002 BMW X5,black,PETROL,BMW,X5,AUTOMATIC,25000,5000,VIC,2002
2009 Subaru Impreza,red,PETROL,SUBARU,IMPREZA,AUTOMATIC,263000,4250,VIC,2009
2017 Holden Holden Colorado,red,OTHER,HOLDEN,COLORADO,AUTOMATIC,114746,40000,VIC,2017
2013 Holden commodore sv6 z series,white,OTHER,HOLDEN,COMMODORE,AUTOMATIC,201289,13000,VIC,2013
2023 Great Wall cannon vanta,white,DIESEL,GWM,CANNON,AUTOMATIC,46000,30000,VIC,2023
1996 Honda  Civic Ek B Swapped,white,PETROL,HONDA,CIVIC,MANUAL,116000,10000,VIC,1996
2020 Mitsubishi Eclipse Cross,grey,PETROL,MITSUBISHI,ECLIPSE CROSS,AUTOMATIC,107000,25000,VIC,2020
2011 Volvo V60,grey,PETROL,VOLVO,V60,AUTOMATIC,171000,8000,VIC,2011
2001 Honda integra dc5,black,PETROL,HONDA,INTEGRA,AUTOMATIC,220500,5500,VIC,2001
2011 Holden Commodore,white,PETROL,HOLDEN,COMMODORE,MANUAL,163080,31500,VIC,2011
2018 Toyota Corolla,white,PETROL,TOYOTA,COROLLA,AUTOMATIC,150416,17000,VIC,2018
2006 Hyundai Accent,blue,PETROL,HYUNDAI,ACCENT,AUTOMATIC,210806,3900,SA,2006
2008 Nissan X-Trail,black,PETROL,NISSAN,X-TRAIL,AUTOMATIC,245000,8900,VIC,2008
2005 Toyota CROWN ATHLETE GRS184,white,PETROL,TOYOTA,CROWN,AUTOMATIC,62969,16990,SA,2005
2009 Ford Fiesta,blue,PETROL,FORD,FIESTA,AUTOMATIC,131200,4000,VIC,2009
2011 Toyota Corolla,silver,PETROL,TOYOTA,COROLLA,AUTOMATIC,83000,12500,SA,2011
1987 Toyota Corolla,beige,PETROL,TOYOTA,COROLLA,MANUAL,180000,6000,SA,1987
2000 Subaru Forester,grey,OTHER,SUBARU,FORESTER,MANUAL,300,2900,SA,2000
2011 Volkswagen Eos,red,PETROL,VOLKSWAGEN,EOS,AUTOMATIC,72500,13950,SA,2011
1986 Toyota Ae82 corolla twin cam ,red,PETROL,TOYOTA,COROLLA,MANUAL,123456,12000,SA,1986
2008 Mitsubishi Lancer,blue,PETROL,MITSUBISHI,LANCER,AUTOMATIC,169037,8999,SA,2008
2006 Holden Commodore,white,PETROL,HOLDEN,COMMODORE,AUTOMATIC,289890,5000,SA,2006
2012 Renault Master,yellow,DIESEL,RENAULT,MASTER,AUTOMATIC,370000,10750,SA,2012
2017 Nissan Qashqai,black,OTHER,NISSAN,QASHQAI,AUTOMATIC,198000,12500,SA,2017
1997 Mitsubishi Delica,silver,PETROL,MITSUBISHI,DELICA,AUTOMATIC,293000,6500,SA,1997
2006 Nissan Navara,white,DIESEL,NISSAN,NAVARA,MANUAL,320000,7500,SA,2006
2022 BMW X3,blue,DIESEL,BMW,X3,AUTOMATIC,81000,45000,SA,2022
2023 Mitsubishi Eclipse Cross,white,HYBRID,MITSUBISHI,ECLIPSE CROSS,AUTOMATIC,30000,36000,SA,2023
2016 Land Rover Range Rover Sport,grey,DIESEL,LAND-ROVER,RANGE ROVER SPORT,AUTOMATIC,216583,26990,WA,2016
2015 Kia Optima,red,PETROL,KIA,OPTIMA,AUTOMATIC,188000,10000,WA,2015
2014 Holden LT HOLDEN CAPTIVA,silver,PETROL,HOLDEN,CAPTIVA,AUTOMATIC,73000,9000,WA,2014
2016 Toyota Camry,silver,PETROL,TOYOTA,CAMRY,AUTOMATIC,110000,19500,WA,2016
2014 Audi Q3,white,PETROL,AUDI,Q3,AUTOMATIC,180056,12990,WA,2014
2009 Toyota Landcruiser Prado,white,DIESEL,TOYOTA,LANDCRUISER,MANUAL,337000,17300,WA,2009
2006 Volkswagen Transporter,silver,DIESEL,VOLKSWAGEN,TRANSPORTER,MANUAL,291000,10000,WA,2006
2014 BMW X5,silver,DIESEL,BMW,X5,AUTOMATIC,185807,19990,WA,2014
2004 Ford Falcon,white,PETROL,FORD,FALCON,AUTOMATIC,197266,2500,WA,2004
2010 Kia Cerato,silver,PETROL,KIA,CERATO,AUTOMATIC,123000,12990,WA,2010
2013 Hyundai Ix35,grey,PETROL,HYUNDAI,IX35,AUTOMATIC,183236,10999,SA,2013
2009 Nissan Navara,white,DIESEL,NISSAN,NAVARA,AUTOMATIC,298000,10800,WA,2009
2004 Toyota 105 landcruiser,white,DIESEL,TOYOTA,LANDCRUISER,MANUAL,297746,19500,WA,2004
2009 Volkswagen Transporter ,gold,DIESEL,VOLKSWAGEN,TRANSPORTER,MANUAL,186000,5800,WA,2009
1986 Holden Commodore,white,OTHER,HOLDEN,COMMODORE,MANUAL,151000,29000,WA,1986
2018 Lexus Lexus NX 300,white,PETROL,LEXUS,NX,AUTOMATIC,122000,31500,QLD,2018
2002 Honda Civic,white,OTHER,HONDA,CIVIC,MANUAL,180000,18500,QLD,2002
1993 Nissan Patrol,white,OTHER,NISSAN,PATROL,MANUAL,369675,5500,WA,1993
2009 Volkswagen Golf,black,PETROL,VOLKSWAGEN,GOLF,AUTOMATIC,152000,6995,QLD,2009
2012 Ford Mondeo,white,DIESEL,FORD,MONDEO,AUTOMATIC,270000,4200,WA,2012
2009 Volkswagen Caravelle,blue,DIESEL,VOLKSWAGEN,CARAVELLE,AUTOMATIC,230736,12990,QLD,2009
2007 Holden Calais,burgundy,PETROL,HOLDEN,CALAIS,MANUAL,300000,18000,QLD,2007
2015 Holden 2015 Holden Cruze,white,PETROL,HOLDEN,CRUZE,AUTOMATIC,147000,7500,QLD,2015
2015 Volkswagen Multivan TDI340 Comfortline,silver,DIESEL,VOLKSWAGEN,MULTIVAN,AUTOMATIC,216000,18999,QLD,2015
2014 Audi q7 (v8 twin turbo 4.2tdi),white,DIESEL,AUDI,Q7,AUTOMATIC,172536,24000,QLD,2014
2014 Ford Ranger,white,DIESEL,FORD,RANGER,AUTOMATIC,125000,25000,QLD,2014
2013 Nissan x-trail wagon,black,PETROL,NISSAN,X-TRAIL,AUTOMATIC,194000,12000,QLD,2013
2018 Nissan Navara,silver,DIESEL,NISSAN,NAVARA,AUTOMATIC,118000,18000,QLD,2018
2005 Toyota Landcruiser Prado,silver,PETROL,TOYOTA,LANDCRUISER,AUTOMATIC,342000,9750,QLD,2005
2021 Mitsubishi Triton,white,DIESEL,MITSUBISHI,TRITON,AUTOMATIC,73011,31900,QLD,2021
2016 BMW X4,blue,DIESEL,BMW,X4,AUTOMATIC,134000,22000,QLD,2016
2009 Toyota RAV4,grey,OTHER,TOYOTA,RAV4,AUTOMATIC,292000,8500,QLD,2009
"2017 Hyundai santa fe ""elite""",white,DIESEL,HYUNDAI,SANTA FE,AUTOMATIC,160688,21000,NSW,2017
2012 Subaru Impreza,silver,PETROL,SUBARU,IMPREZA,MANUAL,215000,4800,NSW,2012
2011 BMW series 3,grey,DIESEL,BMW,SERIES 3,AUTOMATIC,184000,7000,NSW,2011
2011 Renault Megane,black,PETROL,RENAULT,MEGANE,MANUAL,261000,3200,NSW,2011
2009 Toyota Corolla,black,PETROL,TOYOTA,COROLLA,MANUAL,200000,6800,WA,2009
2004 Honda Accord,white,PETROL,HONDA,ACCORD,AUTOMATIC,300000,4000,NSW,2004
2005 Mitsubishi Grandis,silver,PETROL,MITSUBISHI,GRANDIS,AUTOMATIC,250000,4500,NSW,2005
2019 BMW X3,silver,PETROL,BMW,X3,AUTOMATIC,77000,39500,NSW,2019
2016 Honda Jazz,blue,OTHER,HONDA,JAZZ,AUTOMATIC,121168,15500,NSW,2016
2013 Toyota Hilux,white,PETROL,TOYOTA,HILUX,AUTOMATIC,289888,12000,NSW,2013
2006 Toyota Hilux,gold,DIESEL,TOYOTA,HILUX,MANUAL,330000,15000,NSW,2006
2014 BMW M135i,blue,OTHER,BMW,SERIES 1,AUTOMATIC,117000,23000,NSW,2014
2014 Volkswagen Golf,red,PETROL,VOLKSWAGEN,GOLF,AUTOMATIC,200000,11000,NSW,2014
2004 Ford Falcon,grey,OTHER,FORD,FALCON,AUTOMATIC,222292,17800,NSW,2004
2004 Toyota Landcruiser Prado,white,DIESEL,TOYOTA,LANDCRUISER,MANUAL,309000,10500,NSW,2004
2012 Hyundai Veloster,black,PETROL,HYUNDAI,VELOSTER,MANUAL,90235,8999,SA,2012
2008 Volkswagen Golf,charcoal,DIESEL,VOLKSWAGEN,GOLF,AUTOMATIC,291933,6000,VIC,2008
2014 Ford Ranger,white,DIESEL,FORD,RANGER,AUTOMATIC,196000,15000,QLD,2014
2014 Volvo S60,silver,PETROL,VOLVO,S60,AUTOMATIC,104600,10900,NSW,2014
2009 BMW X3,black,DIESEL,BMW,X3,AUTOMATIC,183000,7800,VIC,2009
1997 Nissan Patrol,white,DIESEL,NISSAN,PATROL,MANUAL,300000,35000,VIC,1997
2013 Mercedes-Benz Mercedes-Benz 350SL,black,PETROL,MERCEDES-BENZ,SL,AUTOMATIC,48680,44999,VIC,2013
2004 Toyota Landcruiser Prado,silver,OTHER,TOYOTA,LANDCRUISER,AUTOMATIC,275000,15000,VIC,2004
2016 Nissan X-Trail,grey,DIESEL,NISSAN,X-TRAIL,MANUAL,214563,13990,VIC,2016
2014 Mitsubishi Outlander,white,OTHER,MITSUBISHI,OUTLANDER,AUTOMATIC,103001,12500,QLD,2014
"2004 Toyota camry sportivo, auto",white,PETROL,TOYOTA,CAMRY,AUTOMATIC,340000,6499,VIC,2004
2013 Ford Fiesta,grey,PETROL,FORD,FIESTA,MANUAL,204253,3000,VIC,2013
2012 Mazda BT50,blue,DIESEL,MAZDA,BT-50,AUTOMATIC,219000,16999,VIC,2012
2009 Holden Captiva,silver,DIESEL,HOLDEN,CAPTIVA,AUTOMATIC,190000,3999,VIC,2009
2021 Nissan JUKE,black,PETROL,NISSAN,JUKE,AUTOMATIC,42700,24800,VIC,2021
2012 Mazda CX-9,silver,PETROL,MAZDA,CX-9,AUTOMATIC,145000,14000,VIC,2012
1996 Holden Calais,white,PETROL,HOLDEN,CALAIS,AUTOMATIC,280000,5499,VIC,1996
2004 Nissan Navara,silver,DIESEL,NISSAN,NAVARA,MANUAL,365000,7500,QLD,2004
2013 Mercedes-Benz CLA45 AMG,white,PETROL,MERCEDES-BENZ,A-CLASS,AUTOMATIC,138000,31000,VIC,2013
2014 Hyundai Accent,white,PETROL,HYUNDAI,ACCENT,AUTOMATIC,186000,8250,VIC,2014
2008 Toyota Hiace,white,PETROL,TOYOTA,HIACE,AUTOMATIC,247000,19600,QLD,2008
2014 Volkswagen golf 90 tsi comfortline,white,PETROL,VOLKSWAGEN,GOLF,AUTOMATIC,132243,11990,QLD,2014
2011 Volkswagen Golf,silver,PETROL,VOLKSWAGEN,GOLF,AUTOMATIC,101000,8000,VIC,2011
2002 Toyota Crown,silver,PETROL,TOYOTA,CROWN,AUTOMATIC,11400,26600,QLD,2002
2014 Hyundai i40,silver,DIESEL,HYUNDAI,I40,AUTOMATIC,200000,3000,QLD,2014
2016 BMW M roadster,orange,PETROL,BMW,M ROADSTER,AUTOMATIC,86210,66799,QLD,2016
2020 Suzuki Jimny,beige,PETROL,SUZUKI,JIMNY,AUTOMATIC,32000,32999,QLD,2020
2018 Isuzu mu-x ls-t wagon 7st 5dr rev-tronic 6sp 4x4 3.0dt [my18],grey,DIESEL,ISUZU,MU-X,AUTOMATIC,112497,31990,QLD,2018
1979 Toyota FJ Cruiser,blue,DIESEL,TOYOTA,FJ CRUISER,MANUAL,1234,4000,QLD,1979
2019 Ford ranger xls,black,DIESEL,FORD,RANGER,AUTOMATIC,147967,29990,QLD,2019
2012 Toyota Corolla,grey,PETROL,TOYOTA,COROLLA,MANUAL,215000,9500,QLD,2012
2009 Nissan Navara,grey,DIESEL,NISSAN,NAVARA,MANUAL,256000,8900,QLD,2009
2002 Toyota Auto. Corolla,white,PETROL,TOYOTA,COROLLA,AUTOMATIC,333247,4000,WA,2002
2010 Mazda CX-7,grey,PETROL,MAZDA,CX-7,AUTOMATIC,233000,5700,WA,2010
2006 Mitsubishi Lancer,black,PETROL,MITSUBISHI,LANCER,AUTOMATIC,193000,2700,WA,2006
2012 Nissan Navara,silver,DIESEL,NISSAN,NAVARA,MANUAL,297000,11500,WA,2012
2002 Holden Commodore,silver,PETROL,HOLDEN,COMMODORE,AUTOMATIC,666666,7000,QLD,2002
2022 Toyota Landcruiser,white,DIESEL,TOYOTA,LANDCRUISER,MANUAL,67015,114989,WA,2022
2017 Hyundai Accent,grey,PETROL,HYUNDAI,ACCENT,MANUAL,106700,12900,WA,2017
2011 Holden Cruze,silver,PETROL,HOLDEN,CRUZE,AUTOMATIC,159000,6900,WA,2011
"2016 BMW X1 sDrive18d M-Sport, Roof!",white,DIESEL,BMW,X1,AUTOMATIC,131625,17999,QLD,2016
2003 Holden Commodore,grey,PETROL,HOLDEN,COMMODORE,AUTOMATIC,310000,2500,WA,2003
2005 Mercedes-Benz Mercedes-Benz 230SL,black,PETROL,MERCEDES-BENZ,SL,AUTOMATIC,259000,14500,WA,2005
2006 Mitsubishi Outlander,black,PETROL,MITSUBISHI,OUTLANDER,AUTOMATIC,280000,2750,WA,2006
2023 Ford Mustang,black,PETROL,FORD,MUSTANG,AUTOMATIC,23000,71000,WA,2023
2015 MINI Countryman,grey,PETROL,MINI,COUNTRYMAN,MANUAL,131000,13500,SA,2015
2012 Suzuki Swift,red,PETROL,SUZUKI,SWIFT,MANUAL,148000,9000,SA,2012
2003 Toyota Camry,green,PETROL,TOYOTA,CAMRY,AUTOMATIC,220000,2900,SA,2003
2009 Toyota Corolla,silver,PETROL,TOYOTA,COROLLA,AUTOMATIC,170000,10200,SA,2009
2003 Nissan skyline 350GT,white,PETROL,NISSAN,SKYLINE 350GT,AUTOMATIC,230000,8000,WA,2003
2011 Subaru Forester,blue,PETROL,SUBARU,FORESTER,AUTOMATIC,300000,5900,SA,2011
2016 Toyota Yaris,red,PETROL,TOYOTA,YARIS,AUTOMATIC,203624,11000,SA,2016
2012 Subaru xv 2.0 litre. 6 speed manual country car and drives sensational. clear ppsr value,orange,PETROL,SUBARU,XV,MANUAL,293025,8999,SA,2012
2013 Volkswagen amarok tdi420 4x4 auto dual cab t/diesel dual cab ute,grey,DIESEL,VOLKSWAGEN,AMAROK,AUTOMATIC,210571,17999,SA,2013
2013 Hyundai VELOSTER,blue,PETROL,HYUNDAI,VELOSTER,AUTOMATIC,181010,11990,SA,2013
2012 Subaru Legacy Touring Wagon 2.0GT DIT ,blue,PETROL,SUBARU,LEGACY TOURING WAGON 2.0GT DIT,AUTOMATIC,55262,24990,SA,2012
1988 Toyota landcruiser tray top,white,DIESEL,TOYOTA,LANDCRUISER,MANUAL,469370,8990,SA,1988
2003 Honda ACCORD EURO R CL7,red,PETROL,HONDA,ACCORD,MANUAL,131300,21990,SA,2003
"2020 Nissan  JUKE F16 TURBO 7 SPEED AUTO, HATCHBACK 34,076 KMS LOCATED IN LONSDALE ",black,PETROL,NISSAN,JUKE,AUTOMATIC,34076,22990,SA,2020
2022 Toyota Landcruiser Prado 150 - LOW KM + Lots Of Extras,black,DIESEL,TOYOTA,LANDCRUISER,AUTOMATIC,30000,81000,SA,2022
1990 Toyota Landcruiser,grey,DIESEL,TOYOTA,LANDCRUISER,MANUAL,500000,27000,SA,1990
2016 BMW X3,blue,DIESEL,BMW,X3,AUTOMATIC,120000,24000,SA,2016
2004 Holden STATESMAN,blue,OTHER,HOLDEN,STATESMAN,AUTOMATIC,297000,11999,SA,2004
2008 Mitsubishi Lancer,silver,OTHER,MITSUBISHI,LANCER,AUTOMATIC,196000,4000,NSW,2008
2015 Hyundai Veloster,black,PETROL,HYUNDAI,VELOSTER,AUTOMATIC,105000,15000,NSW,2015
2005 Subaru FORESTER XS MY05 SN2415K,white,PETROL,SUBARU,FORESTER,AUTOMATIC,252472,5995,NSW,2005
2015 Audi A4,grey,PETROL,AUDI,A4,AUTOMATIC,192000,14999,NSW,2015
2006 Lexus Lexus IS 250,black,PETROL,LEXUS,IS,AUTOMATIC,194223,9500,NSW,2006
2010 Volkswagen Passat,grey,DIESEL,VOLKSWAGEN,PASSAT,AUTOMATIC,285650,4950,NSW,2010
2011 Mitsubishi Pajero NT,grey,DIESEL,MITSUBISHI,PAJERO,AUTOMATIC,293000,18950,SA,2011
2013 Mitsubishi triton,silver,DIESEL,MITSUBISHI,TRITON,MANUAL,290000,13000,SA,2013
2016 Volkswagen Golf,white,PETROL,VOLKSWAGEN,GOLF,AUTOMATIC,210000,21000,NSW,2016
2001 Holden Commodore,silver,OTHER,HOLDEN,COMMODORE,MANUAL,255000,17000,NSW,2001
2010 Holden LOOKING FOR commodore ute ve manual ,white,OTHER,HOLDEN,COMMODORE,MANUAL,90990,13000,SA,2010
2019 Honda Civic Type R (FK8),red,PETROL,HONDA,CIVIC TYPE R,MANUAL,25000,49990,NSW,2019
2005 Holden Commodore,black,PETROL,HOLDEN,COMMODORE,AUTOMATIC,265000,12345,SA,2005
2012 Holden Captiva,grey,PETROL,HOLDEN,CAPTIVA,AUTOMATIC,117783,5500,NSW,2012
2001 Holden Commodore,silver,PETROL,HOLDEN,COMMODORE,AUTOMATIC,410000,3000,NSW,2001
2014 Audi Q3,silver,DIESEL,AUDI,Q3,AUTOMATIC,200000,9000,NSW,2014
2008 Hyundai Tucson,silver,PETROL,HYUNDAI,TUCSON,MANUAL,285000,3995,NSW,2008
2015 Mazda MX-5,white,OTHER,MAZDA,MX-5,AUTOMATIC,75000,27800,VIC,2015
2012 Volkswagen Tiguan,black,PETROL,VOLKSWAGEN,TIGUAN,AUTOMATIC,267800,4100,VIC,2012
2014 Toyota Prius,black,HYBRID,TOYOTA,PRIUS,AUTOMATIC,120078,14850,VIC,2014
2012 Volkswagen POLO TRENDLINE 6R AUTO MY13,black,PETROL,VOLKSWAGEN,POLO,AUTOMATIC,110000,10999,SA,2012
2007 Holden Commodore,red,PETROL,HOLDEN,COMMODORE,AUTOMATIC,195000,7000,VIC,2007
2018 Nissan X-Trail,grey,PETROL,NISSAN,X-TRAIL,AUTOMATIC,102000,21000,VIC,2018
1999 Toyota Landcruiser,gold,PETROL,TOYOTA,LANDCRUISER,AUTOMATIC,355146,16600,VIC,1999
2015 Lexus Lexus RX 200t,black,PETROL,LEXUS,RX,AUTOMATIC,171000,27999,VIC,2015
2008 Mazda CX-7,grey,PETROL,MAZDA,CX-7,AUTOMATIC,165000,2500,VIC,2008
2012 Toyota Camry,blue,PETROL,TOYOTA,CAMRY,AUTOMATIC,210000,12700,WA,2012
2022 Isuzu d-max sx,white,DIESEL,ISUZU,D-MAX,AUTOMATIC,192800,24888,VIC,2022
2019 Toyota Corolla,green,HYBRID,TOYOTA,COROLLA,AUTOMATIC,125000,24500,VIC,2019
2009 Lexus RX350,black,PETROL,LEXUS,RX,AUTOMATIC,283277,11900,WA,2009
2011 Mitsubishi Pajero,grey,OTHER,MITSUBISHI,PAJERO,AUTOMATIC,285000,16000,WA,2011
2004 Kia Rio,grey,PETROL,KIA,RIO,AUTOMATIC,245000,3000,WA,2004
2013 Alfa Romeo Giulietta,brown,PETROL,ALFA-ROMEO,GIULIETTA,MANUAL,118000,5500,WA,2013
2007 Toyota Hiace Commuter Bus,white,OTHER,TOYOTA,HIACE,AUTOMATIC,225000,21999,VIC,2007
2014 Renault Megane,black,PETROL,RENAULT,MEGANE,AUTOMATIC,22500,8999,VIC,2014
2013 Mercedes-Benz Mercedes-Benz C230,black,PETROL,MERCEDES-BENZ,MERCEDES-BENZ C230,AUTOMATIC,184554,18000,VIC,2013
2010 Mercedes-Benz Mercedes-Benz 220SE,black,DIESEL,MERCEDES-BENZ,MERCEDES-BENZ 220SE,AUTOMATIC,229000,6999,VIC,2010
2008 Volkswagen Jetta,black,PETROL,VOLKSWAGEN,JETTA,AUTOMATIC,250030,3500,VIC,2008
2016 Holden Captiva,blue,DIESEL,HOLDEN,CAPTIVA,AUTOMATIC,129000,12500,VIC,2016
2003 Ford BA Falcon XR8,blue,PETROL,FORD,FALCON,MANUAL,199000,19999,VIC,2003
2008 Volkswagen Golf,red,PETROL,VOLKSWAGEN,GOLF,AUTOMATIC,158100,6500,VIC,2008
2013 Toyota RAV4,black,PETROL,TOYOTA,RAV4,AUTOMATIC,103625,18500,VIC,2013
2021 Nissan Qashqai Series 3 Ti SUV Automatic,grey,PETROL,NISSAN,QASHQAI,AUTOMATIC,90505,26950,VIC,2021
2006 Nissan Navara,black,DIESEL,NISSAN,NAVARA,MANUAL,304000,7500,VIC,2006
2021 Subaru BRZ,grey,PETROL,SUBARU,BRZ,AUTOMATIC,34159,38000,VIC,2021
2024 Toyota Hilux SR5 48V Dual Cab 4x4 Automatic,grey,DIESEL,TOYOTA,HILUX,AUTOMATIC,30183,65950,VIC,2024
2007 Lexus RX400H,gold,PETROL,LEXUS,RX,AUTOMATIC,296500,8000,VIC,2007
2017 Hyundai Santa Fe,white,DIESEL,HYUNDAI,SANTA FE,AUTOMATIC,110000,7500,VIC,2017
2017 Mazda CX-3,white,PETROL,MAZDA,CX-3,AUTOMATIC,182385,14490,VIC,2017
2020 Nissan Pathfinder,red,PETROL,NISSAN,PATHFINDER,AUTOMATIC,160000,15000,VIC,2020
2014 Jeep Cherokee,black,PETROL,JEEP,CHEROKEE,AUTOMATIC,148000,9500,VIC,2014
2017 Honda Odyssey (Hybrid) -7 Seater,white,HYBRID,HONDA,ODYSSEY,AUTOMATIC,133000,22500,VIC,2017
2016 Holden trax ltz turbo,grey,PETROL,HOLDEN,TRAX,AUTOMATIC,93400,11490,VIC,2016
2018 Subaru Outback,white,PETROL,SUBARU,OUTBACK,AUTOMATIC,156000,19950,WA,2018
2015 Hyundai Elantra,red,PETROL,HYUNDAI,ELANTRA,AUTOMATIC,173000,8500,WA,2015
2011 Honda Accord,grey,PETROL,HONDA,ACCORD,AUTOMATIC,227000,8500,VIC,2011
2015 Ford Kuga,white,PETROL,FORD,KUGA,AUTOMATIC,80000,20000,VIC,2015
2016 Holden Commodore,black,OTHER,HOLDEN,COMMODORE,AUTOMATIC,280000,5000,VIC,2016
2012 Hyundai i20,red,PETROL,HYUNDAI,I20,MANUAL,189000,5300,SA,2012
2012 Hyundai i20,white,PETROL,HYUNDAI,I20,MANUAL,196000,5000,SA,2012
2008 Volkswagen Jetta,black,DIESEL,VOLKSWAGEN,JETTA,AUTOMATIC,232000,3500,SA,2008
2009 Holden Holden Colorado,white,DIESEL,HOLDEN,COLORADO,AUTOMATIC,268000,18000,SA,2009
2019 Toyota Camry,white,OTHER,TOYOTA,CAMRY,AUTOMATIC,52000,28500,SA,2019
1999 Ford Falcon,white,PETROL,FORD,FALCON,AUTOMATIC,1234,7000,SA,1999
2010 Ford falcon - xr8,blue,PETROL,FORD,FALCON,AUTOMATIC,240000,19000,SA,2010
1965 Chrysler Valiant,white,PETROL,CHRYSLER,VALIANT,AUTOMATIC,24000,25000,SA,1965
2014 Jeep Wrangler,black,PETROL,JEEP,WRANGLER,AUTOMATIC,95000,27500,SA,2014
2024 Nissan Patrol,grey,PETROL,NISSAN,PATROL,AUTOMATIC,14055,104999,SA,2024
2014 Ford Territory,white,OTHER,FORD,TERRITORY,AUTOMATIC,190000,8500,SA,2014
2018 Volkswagen Tiguan,white,PETROL,VOLKSWAGEN,TIGUAN,AUTOMATIC,70000,27900,SA,2018
2021 Kia Sportage,white,PETROL,KIA,SPORTAGE,AUTOMATIC,58687,23990,SA,2021
2008 Nissan Navara,silver,DIESEL,NISSAN,NAVARA,AUTOMATIC,310000,9000,SA,2008
2005 Toyota MR2,grey,PETROL,TOYOTA,MR2,MANUAL,388000,8999,SA,2005
2004 Isuzu frr500,white,DIESEL,ISUZU,FRR500,MANUAL,593000,25750,SA,2004
2012 Holden cruze,black,PETROL,HOLDEN,CRUZE,AUTOMATIC,153000,4950,SA,2012
2007 Toyota Camry,white,PETROL,TOYOTA,CAMRY,AUTOMATIC,253100,7250,SA,2007
2014 Hyundai Ix35,white,OTHER,HYUNDAI,IX35,AUTOMATIC,202000,8500,SA,2014
2000 Holden Rodeo,white,PETROL,HOLDEN,RODEO,MANUAL,330000,3500,QLD,2000
2007 Holden Calais,silver,PETROL,HOLDEN,CALAIS,AUTOMATIC,213000,12000,QLD,2007
2018 Volkswagen Passat,white,PETROL,VOLKSWAGEN,PASSAT,AUTOMATIC,79000,20000,VIC,2018
2019 Toyota Camry,red,HYBRID,TOYOTA,CAMRY,AUTOMATIC,95375,25500,QLD,2019
2000 Nissan Patrol,white,DIESEL,NISSAN,PATROL,AUTOMATIC,304000,13500,QLD,2000
2016 Mercedes-Benz cla45 amg shooting brake,silver,PETROL,MERCEDES-BENZ,CLA,AUTOMATIC,154000,28500,QLD,2016
2022 Volkswagen Amarok,blue,DIESEL,VOLKSWAGEN,AMAROK,AUTOMATIC,31520,62000,QLD,2022
1986 Ford Falcon,white,PETROL,FORD,FALCON,AUTOMATIC,407982,11500,QLD,1986
2020 Kia Seltos,white,PETROL,KIA,SELTOS,AUTOMATIC,67800,21900,QLD,2020
2022 Hyundai i30,white,PETROL,HYUNDAI,I30,AUTOMATIC,104104,18999,QLD,2022
2012 Škoda octavia vrs,white,DIESEL,ŠKODA,OCTAVIA,AUTOMATIC,109000,7990,QLD,2012
2013 Ford Ranger,white,DIESEL,FORD,RANGER,AUTOMATIC,235000,10000,QLD,2013
2011 Hyundai Elantra,blue,PETROL,HYUNDAI,ELANTRA,AUTOMATIC,130000,10499,QLD,2011
2017 Honda Jazz,blue,PETROL,HONDA,JAZZ,AUTOMATIC,66000,16500,QLD,2017
2021 Hyundai Kona,white,PETROL,HYUNDAI,KONA,AUTOMATIC,137230,19000,QLD,2021
2022 Toyota Hilux,white,DIESEL,TOYOTA,HILUX,AUTOMATIC,66000,37500,QLD,2022
2017 Hyundai Hyundai iLOAD,white,PETROL,HYUNDAI,ILOAD,MANUAL,191000,15900,QLD,2017
2018 BMW X5,blue,DIESEL,BMW,X5,AUTOMATIC,113958,53500,QLD,2018
2013 Suzuki Swift,grey,PETROL,SUZUKI,SWIFT,MANUAL,208000,5000,WA,2013
2019 Mercedes-Benz glc300,black,PETROL,MERCEDES-BENZ,GLC,AUTOMATIC,82879,39000,QLD,2019
2019 Ford Ranger,grey,DIESEL,FORD,RANGER,AUTOMATIC,94000,34000,QLD,2019
2000 Holden Commodore,blue,OTHER,HOLDEN,COMMODORE,AUTOMATIC,290000,4000,WA,2000
2023 LDV g10+,white,DIESEL,LDV,G10,AUTOMATIC,95000,24500,QLD,2023
2016 Toyota RAV4,grey,PETROL,TOYOTA,RAV4,AUTOMATIC,97000,25000,WA,2016
1999 Ford Falcon,white,PETROL,FORD,FALCON,AUTOMATIC,700000,6700,WA,1999
1974 Holden Holden HQ,grey,PETROL,HOLDEN,HOLDEN HQ,MANUAL,5000,28500,WA,1974
2012 Hyundai Ix35,silver,PETROL,HYUNDAI,IX35,AUTOMATIC,163000,7400,WA,2012
1979 Holden Holden HZ,silver,OTHER,HOLDEN,HOLDEN HZ,AUTOMATIC,5000,100000,WA,1979
2008 Audi S3,white,PETROL,AUDI,S3,MANUAL,280000,4000,WA,2008
2019 Ford Ranger,grey,DIESEL,FORD,RANGER,AUTOMATIC,88000,38000,WA,2019
2015 Isuzu MU-X,white,DIESEL,ISUZU,MU-X,AUTOMATIC,170228,28888,WA,2015
2016 Hyundai Sonata,silver,PETROL,HYUNDAI,SONATA,AUTOMATIC,360000,5500,WA,2016
2013 Ford Territory,grey,PETROL,FORD,TERRITORY,AUTOMATIC,243800,5800,WA,2013
2010 Toyota RAV4,grey,PETROL,TOYOTA,RAV4,AUTOMATIC,171000,10000,WA,2010
2017 Mitsubishi ASX,red,PETROL,MITSUBISHI,ASX,AUTOMATIC,218000,12800,NSW,2017
2002 Audi TT,black,PETROL,AUDI,TT,MANUAL,118000,9999,NSW,2002
1998 BMW E36,blue,OTHER,BMW,SERIES 3,MANUAL,180000,13500,NSW,1998
2019 Toyota Hilux,white,DIESEL,TOYOTA,HILUX,AUTOMATIC,91000,55000,NSW,2019
2005 Mazda Bravo,red,PETROL,MAZDA,BRAVO,MANUAL,200000,3900,NSW,2005
2019 Ford Mustang,red,PETROL,FORD,MUSTANG,MANUAL,89597,48000,NSW,2019
2013 Toyota Hilux,blue,DIESEL,TOYOTA,HILUX,MANUAL,27000,25000,NSW,2013
2002 Volkswagen Bora,black,PETROL,VOLKSWAGEN,BORA,AUTOMATIC,73000,7000,NSW,2002
2003 Ford Fairlane,blue,PETROL,FORD,FAIRLANE,AUTOMATIC,123000,18450,NSW,2003
2022 Kia Sorento,blue,DIESEL,KIA,SORENTO,AUTOMATIC,60000,48000,NSW,2022
2015 Nissan 370Z,white,PETROL,NISSAN,370Z,AUTOMATIC,98500,29900,NSW,2015
2020 Isuzu dmax,white,DIESEL,ISUZU,DMAX,MANUAL,49000,58000,NSW,2020
2016 Mitsubishi Lancer,white,PETROL,MITSUBISHI,LANCER,AUTOMATIC,321449,6450,NSW,2016
2010 Ford Ranger,black,PETROL,FORD,RANGER,MANUAL,230000,10000,NSW,2010
2015 BMW Series 1,grey,OTHER,BMW,SERIES 1,AUTOMATIC,60000,16499,NSW,2015
2017 Mercedes-Benz GLE 63S,white,PETROL,MERCEDES-BENZ,GLE,AUTOMATIC,103000,74999,NSW,2017
2024 Ford Ranger,black,DIESEL,FORD,RANGER,AUTOMATIC,33000,47000,NSW,2024
1982 Holden Holden Gemini,green,PETROL,HOLDEN,GEMINI,MANUAL,100000,30000,NSW,1982
2017 Hyundai Tucson,silver,PETROL,HYUNDAI,TUCSON,AUTOMATIC,107000,16500,NSW,2017
2020 Porsche Macan,grey,OTHER,PORSCHE,MACAN,AUTOMATIC,70000,68000,NSW,2020
2014 Ford Kuga,blue,DIESEL,FORD,KUGA,AUTOMATIC,223000,7500,VIC,2014
2005 Ford Falcon,green,PETROL,FORD,FALCON,AUTOMATIC,200000,5000,VIC,2005
2021 Great Wall cannon,silver,DIESEL,GWM,CANNON,AUTOMATIC,56000,28000,VIC,2021
2010 Volkswagen Golf,white,PETROL,VOLKSWAGEN,GOLF,AUTOMATIC,15300,10500,VIC,2010
2011 Holden Cruise,grey,PETROL,HOLDEN,CRUISE,AUTOMATIC,141000,3000,VIC,2011
2013 Hyundai i30,silver,PETROL,HYUNDAI,I30,AUTOMATIC,150000,12500,VIC,2013
2016 Mitsubishi ASX,red,PETROL,MITSUBISHI,ASX,AUTOMATIC,262000,11000,VIC,2016
2017 Volkswagen Golf,white,PETROL,VOLKSWAGEN,GOLF,AUTOMATIC,125000,15000,VIC,2017
2013 Toyota Landcruiser 200,blue,DIESEL,TOYOTA,LANDCRUISER,AUTOMATIC,340000,45000,VIC,2013
2022 Jeep gladiator,black,PETROL,JEEP,GLADIATOR,AUTOMATIC,90000,55999,VIC,2022
2010 BMW X5M,white,PETROL,BMW,X5,AUTOMATIC,201000,10000,VIC,2010
2007 Mazda RX-8,red,PETROL,MAZDA,RX-8,AUTOMATIC,180000,10000,VIC,2007
2006 Mazda MX-5,charcoal,PETROL,MAZDA,MX-5,AUTOMATIC,298000,11500,VIC,2006
2006 Holden Commodore,black,PETROL,HOLDEN,COMMODORE,AUTOMATIC,206500,6500,VIC,2006
2011 MINI Cooper D,red,DIESEL,MINI,COOPER,AUTOMATIC,195000,8999,VIC,2011
2008 Toyota Camry,silver,PETROL,TOYOTA,CAMRY,AUTOMATIC,152000,6750,VIC,2008
2016 Subaru Forester,grey,PETROL,SUBARU,FORESTER,AUTOMATIC,200800,15500,WA,2016
2015 Ford Mondeo,white,DIESEL,FORD,MONDEO,AUTOMATIC,222345,10000,WA,2015
2016 Holden malibu,white,OTHER,HOLDEN,MALIBU,AUTOMATIC,153000,7000,WA,2016
2020 Lexus RX450 Hybrid ,gold,OTHER,LEXUS,RX,AUTOMATIC,64238,54990,VIC,2020
2003 Holden Commodore,red,PETROL,HOLDEN,COMMODORE,MANUAL,273000,3000,VIC,2003
2019 Ford Ranger,black,DIESEL,FORD,RANGER,AUTOMATIC,106818,38990,WA,2019
2007 Honda CR-V,black,PETROL,HONDA,CR-V,AUTOMATIC,160000,8500,NSW,2007
2005 Holden Commodore,silver,PETROL,HOLDEN,COMMODORE,AUTOMATIC,228000,4000,WA,2005
2018 Mazda BT-50,grey,DIESEL,MAZDA,BT-50,MANUAL,151000,14000,NSW,2018
2006 Toyota Rav4 Cruiser L SN2382K,white,PETROL,TOYOTA,RAV4,AUTOMATIC,184488,8995,NSW,2006
2018 Hyundai Accent,black,PETROL,HYUNDAI,ACCENT,AUTOMATIC,192290,10500,QLD,2018
2020 Toyota Hiace,white,DIESEL,TOYOTA,HIACE,AUTOMATIC,80000,45000,NSW,2020
2003 Honda accord euro cl9,white,OTHER,HONDA,ACCORD,MANUAL,250000,7300,QLD,2003
2021 Land Rover Discovery Sport,grey,DIESEL,LAND-ROVER,DISCOVERY SPORT,AUTOMATIC,54000,45000,SA,2021
2010 Honda Accord,grey,PETROL,HONDA,ACCORD,AUTOMATIC,238000,6500,QLD,2010
2019 Mitsubishi Eclipse Cross,black,PETROL,MITSUBISHI,ECLIPSE CROSS,AUTOMATIC,114000,20000,QLD,2019
2007 Toyota Hilux,white,DIESEL,TOYOTA,HILUX,MANUAL,304000,19500,QLD,2007
2023 Hyundai Tucson,grey,PETROL,HYUNDAI,TUCSON,AUTOMATIC,34000,37999,QLD,2023
2016 Mercedes-Benz GLA180,silver,PETROL,MERCEDES-BENZ,A-CLASS,AUTOMATIC,131000,19990,QLD,2016
2015 Nissan [hidden information]05157,grey,PETROL,NISSAN,JUKE,AUTOMATIC,157180,9999,QLD,2015
2019 Nissan X-Trail,red,PETROL,NISSAN,X-TRAIL,AUTOMATIC,58500,19990,QLD,2019
2021 Volkswagen Amarok,white,DIESEL,VOLKSWAGEN,AMAROK,AUTOMATIC,100000,40000,QLD,2021
2017 Alfa Romeo Giulia,white,DIESEL,ALFA-ROMEO,GIULIA,AUTOMATIC,117000,24000,QLD,2017
2017 Holden Commodore,white,PETROL,HOLDEN,COMMODORE,AUTOMATIC,58460,27900,QLD,2017
2018 Toyota Landcruiser,white,DIESEL,TOYOTA,LANDCRUISER,MANUAL,96500,85000,QLD,2018
2011 Nissan Micra,red,PETROL,NISSAN,MICRA,AUTOMATIC,197200,3500,NSW,2011
1986 Holden Commodore,white,OTHER,HOLDEN,COMMODORE,MANUAL,83000,4000,QLD,1986
1998 Toyota Starlet,red,PETROL,TOYOTA,STARLET,MANUAL,21000,12345,NSW,1998
2019 Kia Cerato,grey,OTHER,KIA,CERATO,AUTOMATIC,80000,18750,NSW,2019
2008 Honda Jazz,white,PETROL,HONDA,JAZZ,AUTOMATIC,194250,6400,QLD,2008
2016 Volkswagen Jetta,white,PETROL,VOLKSWAGEN,JETTA,AUTOMATIC,209798,8000,NSW,2016
2018 Toyota RAV4,white,PETROL,TOYOTA,RAV4,AUTOMATIC,151344,23000,NSW,2018
2011 Hyundai Ix35,black,DIESEL,HYUNDAI,IX35,AUTOMATIC,255000,8500,NSW,2011
2013 Jeep Wrangler,silver,PETROL,JEEP,WRANGLER,MANUAL,120000,17000,NSW,2013
2023 Suzuki Ignis,green,PETROL,SUZUKI,IGNIS,AUTOMATIC,9645,20000,NSW,2023
2022 Audi RS Q3 ,black,PETROL,AUDI,Q3,AUTOMATIC,57000,88000,NSW,2022
2016 Honda HR-V,blue,PETROL,HONDA,HR-V,AUTOMATIC,80052,3000,NSW,2016
2021 Porsche Macan,grey,PETROL,PORSCHE,MACAN,AUTOMATIC,61000,67000,NSW,2021
2012 Toyota Yaris,blue,PETROL,TOYOTA,YARIS,AUTOMATIC,154000,9500,NSW,2012
2011 Holden Ute,white,PETROL,HOLDEN,UTE,MANUAL,146000,17000,NSW,2011
2014 Ford Focus,white,PETROL,FORD,FOCUS,AUTOMATIC,107000,8500,NSW,2014
2004 Renault Trafic,green,DIESEL,RENAULT,TRAFIC,MANUAL,220000,18000,SA,2004
2017 BMW X3,blue,DIESEL,BMW,X3,AUTOMATIC,101000,24500,SA,2017
2013 Volkswagen Golf,white,PETROL,VOLKSWAGEN,GOLF,MANUAL,194000,6900,SA,2013
2014 Jeep Grand Cherokee Summit ,white,DIESEL,JEEP,GRAND CHEROKEE,AUTOMATIC,142000,19500,SA,2014
2016 Nissan Navara,silver,PETROL,NISSAN,NAVARA,MANUAL,153756,8000,SA,2016
2000 Holden Commodore,black,PETROL,HOLDEN,COMMODORE,AUTOMATIC,250000,12000,SA,2000
2016 BMW X4,white,PETROL,BMW,X4,AUTOMATIC,58000,37600,SA,2016
1997 Jeep Wrangler,black,PETROL,JEEP,WRANGLER,MANUAL,190000,5000,NSW,1997
1972 Volkswagen Volkswagen 1600,blue,PETROL,VOLKSWAGEN,VOLKSWAGEN 1600,AUTOMATIC,5000,17000,SA,1972
2012 BMW X5,black,DIESEL,BMW,X5,AUTOMATIC,193500,15000,SA,2012
2012 Ford Focus,red,PETROL,FORD,FOCUS,AUTOMATIC,121120,8500,SA,2012
2013 Jeep Grand Cherokee,black,DIESEL,JEEP,GRAND CHEROKEE,AUTOMATIC,163000,20000,SA,2013
2021 Isuzu D-Max,white,DIESEL,ISUZU,D-MAX,AUTOMATIC,75000,53990,SA,2021
2012 Toyota Kluger,blue,OTHER,TOYOTA,KLUGER,AUTOMATIC,181000,18990,SA,2012
2011 Ford Escape,silver,PETROL,FORD,ESCAPE,AUTOMATIC,236032,4500,SA,2011
2001 Subaru Forester,green,PETROL,SUBARU,FORESTER,MANUAL,233417,2500,SA,2001
2004 Ford Falcon,red,OTHER,FORD,FALCON,AUTOMATIC,195000,7000,VIC,2004
2015 Holden Barina,green,OTHER,HOLDEN,BARINA,AUTOMATIC,137000,7990,VIC,2015
2007 Hyundai Getz,grey,PETROL,HYUNDAI,GETZ,AUTOMATIC,106446,6000,VIC,2007
2015 Jeep Grand Cherokee,white,PETROL,JEEP,GRAND CHEROKEE,AUTOMATIC,149000,11800,VIC,2015
2011 Hyundai i30,grey,PETROL,HYUNDAI,I30,AUTOMATIC,270000,6400,VIC,2011
2004 Honda Accord,blue,PETROL,HONDA,ACCORD,MANUAL,210000,10500,VIC,2004
2002 Mitsubishi Pajero,silver,PETROL,MITSUBISHI,PAJERO,AUTOMATIC,231000,4000,VIC,2002
2008 Nissan X-Trail,black,OTHER,NISSAN,X-TRAIL,AUTOMATIC,245000,8500,VIC,2008
1995 Nissan Patrol,green,PETROL,NISSAN,PATROL,MANUAL,412,8000,VIC,1995
2017 Mitsubishi fuso,white,DIESEL,MITSUBISHI,FUSO,AUTOMATIC,300,26000,VIC,2017
2013 Ford Kuga,grey,PETROL,FORD,KUGA,AUTOMATIC,177000,4000,VIC,2013
2010 Subaru Forester,white,PETROL,SUBARU,FORESTER,AUTOMATIC,125000,10000,VIC,2010
2011 Kia Cerato,black,PETROL,KIA,CERATO,AUTOMATIC,172000,7000,VIC,2011
2015 Land Rover Range Rover Sport,black,DIESEL,LAND-ROVER,RANGE ROVER SPORT,AUTOMATIC,121000,36300,WA,2015
2016 Hyundai Sonata,white,PETROL,HYUNDAI,SONATA,AUTOMATIC,230000,8000,WA,2016
2021 Toyota Camry,blue,PETROL,TOYOTA,CAMRY,AUTOMATIC,69000,27990,WA,2021
2014 Hyundai Ix35,red,PETROL,HYUNDAI,IX35,AUTOMATIC,187000,9990,VIC,2014
2023 Volkswagen Golf,white,PETROL,VOLKSWAGEN,GOLF,AUTOMATIC,19000,53500,WA,2023
2020 Hyundai i30,silver,PETROL,HYUNDAI,I30,MANUAL,106900,18900,WA,2020
1997 Nissan Patrol,grey,DIESEL,NISSAN,PATROL,MANUAL,380000,19999,WA,1997
1998 Jeep Cherokee,green,PETROL,JEEP,CHEROKEE,AUTOMATIC,371000,8500,WA,1998
1978 Holden Holden Kingswood,grey,OTHER,HOLDEN,HOLDEN KINGSWOOD,AUTOMATIC,12345,2500,WA,1978
2010 Isuzu D-Max,silver,DIESEL,ISUZU,D-MAX,MANUAL,161936,25000,WA,2010
2018 Holden Holden Colorado,white,DIESEL,HOLDEN,COLORADO,AUTOMATIC,245000,19000,WA,2018
2019 Suzuki Jimny,green,PETROL,SUZUKI,JIMNY,AUTOMATIC,159878,30000,WA,2019
2017 Toyota Camry,silver,PETROL,TOYOTA,CAMRY,AUTOMATIC,325000,8800,WA,2017
2016 Holden Trax ,black,PETROL,HOLDEN,TRAX,AUTOMATIC,124000,10000,WA,2016
2018 Land Rover Range Rover Velar,grey,DIESEL,LAND-ROVER,RANGE ROVER VELAR,AUTOMATIC,105000,56000,WA,2018
2013 Ford Ranger,grey,OTHER,FORD,RANGER,MANUAL,193000,18000,WA,2013
2008 Toyota Landcruiser Prado,silver,DIESEL,TOYOTA,LANDCRUISER,AUTOMATIC,310000,20000,WA,2008
2012 Citroën C4,grey,DIESEL,CITROËN,C4,AUTOMATIC,250000,2500,WA,2012
2007 Volkswagen Polo,white,DIESEL,VOLKSWAGEN,POLO,MANUAL,270000,3500,WA,2007
2014 Toyota Hilux,white,PETROL,TOYOTA,HILUX,AUTOMATIC,317838,10000,WA,2014
1997 Toyota Landcruiser,black,DIESEL,TOYOTA,LANDCRUISER,MANUAL,421500,22000,WA,1997
2005 Nissan Navara,white,DIESEL,NISSAN,NAVARA,MANUAL,180000,123456,WA,2005
2018 Toyota RAV4,grey,PETROL,TOYOTA,RAV4,AUTOMATIC,103000,32550,WA,2018
2011 Mitsubishi Lancer,grey,PETROL,MITSUBISHI,LANCER,AUTOMATIC,109200,9950,WA,2011
1966 Ford Ford Cortina,silver,PETROL,FORD,FORD CORTINA,MANUAL,100000,3500,WA,1966
2020 Holden Commodore,white,PETROL,HOLDEN,COMMODORE,AUTOMATIC,66124,19340,WA,2020
2009 Volkswagen Passat,green,DIESEL,VOLKSWAGEN,PASSAT,AUTOMATIC,269984,5000,WA,2009
2014 Toyota Corolla ,silver,PETROL,TOYOTA,COROLLA,MANUAL,214790,12500,NSW,2014
1996 BMW 328i,green,OTHER,BMW,SERIES 3,AUTOMATIC,93000,15500,WA,1996
2013 Hyundai Veloster,red,PETROL,HYUNDAI,VELOSTER,MANUAL,165000,9000,NSW,2013
2005 Subaru Forester,silver,PETROL,SUBARU,FORESTER,AUTOMATIC,179600,4800,NSW,2005
2011 Subaru Impreza,white,OTHER,SUBARU,IMPREZA,AUTOMATIC,231400,6750,WA,2011
2008 Toyota Camry,grey,OTHER,TOYOTA,CAMRY,AUTOMATIC,360000,3750,NSW,2008
2013 Ford Focus,black,PETROL,FORD,FOCUS,MANUAL,144000,8100,NSW,2013
2014 Toyota Camry,blue,HYBRID,TOYOTA,CAMRY,AUTOMATIC,295000,15400,WA,2014
2007 Toyota Aurion,silver,PETROL,TOYOTA,AURION,AUTOMATIC,300,4000,NSW,2007
2008 Honda Civic,grey,PETROL,HONDA,CIVIC,AUTOMATIC,221985,5755,WA,2008
2018 Audi A4,white,PETROL,AUDI,A4,AUTOMATIC,110000,22000,NSW,2018
2018 Subaru Levorg,white,OTHER,SUBARU,LEVORG,AUTOMATIC,198000,22500,NSW,2018
2015 Volkswagen Polo,white,PETROL,VOLKSWAGEN,POLO,AUTOMATIC,214000,6000,NSW,2015
2019 Mitsubishi Triton,white,DIESEL,MITSUBISHI,TRITON,AUTOMATIC,234593,14995,NSW,2019
2014 Subaru Outback,grey,PETROL,SUBARU,OUTBACK,AUTOMATIC,138000,13000,NSW,2014
2009 Toyota Hilux,white,DIESEL,TOYOTA,HILUX,AUTOMATIC,339000,15500,NSW,2009
2023 Mercedes-Benz GLB AMG 35,black,PETROL,MERCEDES-BENZ,GLB,AUTOMATIC,29000,75000,NSW,2023
2006 Holden Holden Colorado,white,DIESEL,HOLDEN,COLORADO,MANUAL,437620,7500,NSW,2006
2010 Audi A5,black,PETROL,AUDI,A5,AUTOMATIC,174000,11000,NSW,2010
2018 Toyota Hilux,white,PETROL,TOYOTA,HILUX,MANUAL,105000,24000,NSW,2018
2016 Jeep Grand Cherokee,black,PETROL,JEEP,GRAND CHEROKEE,AUTOMATIC,148000,18000,NSW,2016
2007 Holden Barina,red,PETROL,HOLDEN,BARINA,MANUAL,202000,3495,SA,2007
2019 Ford EcoSport,black,PETROL,FORD,ECOSPORT,AUTOMATIC,62000,12600,NSW,2019
2014 Mitsubishi Outlander ,grey,DIESEL,MITSUBISHI,OUTLANDER,AUTOMATIC,246000,11000,SA,2014
2014 Nissan Navara,red,DIESEL,NISSAN,NAVARA,AUTOMATIC,193000,15500,SA,2014
2013 Toyota Hilux,silver,DIESEL,TOYOTA,HILUX,AUTOMATIC,307000,25000,SA,2013
2019 Volkswagen Golf,silver,PETROL,VOLKSWAGEN,GOLF,AUTOMATIC,87500,22999,SA,2019
1989 Toyota Toyota bB,white,PETROL,TOYOTA,TOYOTA BB,AUTOMATIC,401000,10000,SA,1989
2012 Ford Ranger,blue,DIESEL,FORD,RANGER,MANUAL,269000,24000,SA,2012
2007 Audi A4,black,PETROL,AUDI,A4,AUTOMATIC,210000,4000,SA,2007
2013 Hyundai Hyundai iLOAD,white,DIESEL,HYUNDAI,ILOAD,AUTOMATIC,300000,12999,SA,2013
2010 Hyundai Getz,silver,PETROL,HYUNDAI,GETZ,AUTOMATIC,135700,6700,SA,2010
2014 Holden Commodore,blue,PETROL,HOLDEN,COMMODORE,AUTOMATIC,186000,20000,SA,2014
2011 Holden Commodore,blue,PETROL,HOLDEN,COMMODORE,AUTOMATIC,204638,35000,SA,2011
1977 Holden lx torana,white,PETROL,HOLDEN,TORANA,MANUAL,123456,3000,SA,1977
2018 Honda HR-V,blue,PETROL,HONDA,HR-V,AUTOMATIC,46036,25980,SA,2018
2011 Holden Holden Camira,red,PETROL,HOLDEN,CAMIRA,MANUAL,204000,3500,SA,2011
2000 Toyota Landcruiser,white,OTHER,TOYOTA,LANDCRUISER,MANUAL,188000,24000,SA,2000
1991 Nissan Patrol,green,PETROL,NISSAN,PATROL,MANUAL,12345,7000,SA,1991
2007 Ford Territory,white,PETROL,FORD,TERRITORY,AUTOMATIC,267000,4000,WA,2007
2007 Honda Civic,black,PETROL,HONDA,CIVIC,MANUAL,198000,5500,VIC,2007
2003 Nissan Patrol,silver,DIESEL,NISSAN,PATROL,AUTOMATIC,305000,16800,VIC,2003
2024 Mercedes-Benz Sprinter,white,DIESEL,MERCEDES-BENZ,SPRINTER,AUTOMATIC,5395,111111,VIC,2024
2007 Toyota Aurion,silver,PETROL,TOYOTA,AURION,AUTOMATIC,300000,5500,VIC,2007
2010 Ford Ranger,white,DIESEL,FORD,RANGER,AUTOMATIC,220000,11500,VIC,2010
2012 Holden Captiva,silver,PETROL,HOLDEN,CAPTIVA,AUTOMATIC,167000,3000,VIC,2012
2011 Toyota Crown Majesta ,silver,PETROL,TOYOTA,CROWN,AUTOMATIC,114170,21490,VIC,2011
2017 Škoda Fabia,grey,PETROL,ŠKODA,FABIA,MANUAL,151000,8950,VIC,2017
2008 Toyota Prius,blue,PETROL,TOYOTA,PRIUS,AUTOMATIC,250000,11000,VIC,2008
2011 Holden Commodore,silver,PETROL,HOLDEN,COMMODORE,AUTOMATIC,236162,3000,VIC,2011
2018 Nissan X-Trail,silver,PETROL,NISSAN,X-TRAIL,AUTOMATIC,270000,9000,WA,2018
2014 Toyota Corolla,blue,HYBRID,TOYOTA,COROLLA,AUTOMATIC,158000,4000,VIC,2014
2007 Nissan Patrol,silver,DIESEL,NISSAN,PATROL,MANUAL,205000,33000,VIC,2007
2010 Toyota crown hybrid,white,HYBRID,TOYOTA,CROWN,AUTOMATIC,117000,18000,WA,2010
2006 Volkswagen Golf,grey,DIESEL,VOLKSWAGEN,GOLF,MANUAL,112000,6500,WA,2006
2009 Mitsubishi Lancer,white,PETROL,MITSUBISHI,LANCER,AUTOMATIC,159859,16500,VIC,2009
2020 Ford ranger 3.2l 4x4 px3,white,DIESEL,FORD,RANGER,AUTOMATIC,182000,27950,VIC,2020
2011 Hyundai i30,white,PETROL,HYUNDAI,I30,AUTOMATIC,230000,4000,VIC,2011
2019 Renault Master,black,DIESEL,RENAULT,MASTER,MANUAL,110000,35000,VIC,2019
2021 Renault Kangoo,white,PETROL,RENAULT,KANGOO,MANUAL,108457,16950,VIC,2021
2023 BMW M4,grey,PETROL,BMW,SERIES 4,AUTOMATIC,14000,153000,NSW,2023
2007 Nissan X-Trail,white,PETROL,NISSAN,X-TRAIL,AUTOMATIC,223000,2995,NSW,2007
2007 Land Rover Discovery,white,DIESEL,LAND-ROVER,DISCOVERY,MANUAL,223000,3000,NSW,2007
2023 Suzuki Jimny,white,OTHER,SUZUKI,JIMNY,AUTOMATIC,40000,40000,WA,2023
2006 Mercedes-Benz 2006 mercedes-benz 20305a is a c-class s203 station wagon,gold,PETROL,MERCEDES-BENZ,C-CLASS,AUTOMATIC,177297,4200,NSW,2006
2015 Toyota Camry,silver,PETROL,TOYOTA,CAMRY,AUTOMATIC,120000,15999,NSW,2015
2014 Hyundai ix35 SE,silver,PETROL,HYUNDAI,IX35,AUTOMATIC,175845,12999,VIC,2014
2024 Ford ranger wildtrak 2.0 (4x4) 10 sp automatic double cab p/up,grey,DIESEL,FORD,RANGER,AUTOMATIC,5100,60000,NSW,2024
2011 MINI Countryman,white,PETROL,MINI,COUNTRYMAN,MANUAL,130000,9500,QLD,2011
2007 Audi A6,grey,DIESEL,AUDI,A6,AUTOMATIC,220000,8000,NSW,2007
2011 Mazda BT-50,grey,DIESEL,MAZDA,BT-50,MANUAL,185000,20000,NSW,2011
2012 Nissan Dualis +2,purple,PETROL,NISSAN,DUALIS,AUTOMATIC,277603,8990,QLD,2012
2012 Holden Barina,red,PETROL,HOLDEN,BARINA,MANUAL,192000,3800,WA,2012
2018 Land Rover Discovery Sport,grey,DIESEL,LAND-ROVER,DISCOVERY SPORT,AUTOMATIC,73000,25500,NSW,2018
2000 Toyota Landcruiser,white,OTHER,TOYOTA,LANDCRUISER,MANUAL,338000,35000,WA,2000
2011 Kia Optima Platinum ,silver,PETROL,KIA,OPTIMA,AUTOMATIC,95000,15500,WA,2011
2015 Kia cerato s premium yd my15 multi point f/inj 1.8l 6 sp auto,red,PETROL,KIA,CERATO,AUTOMATIC,60767,15490,SA,2015
2007 Hyundai i30,blue,PETROL,HYUNDAI,I30,MANUAL,169000,4500,WA,2007
2018 Suzuki swift gl navigator,white,PETROL,SUZUKI,SWIFT,AUTOMATIC,75000,16500,WA,2018
2015 Ford Focus,blue,PETROL,FORD,FOCUS,AUTOMATIC,192000,8500,WA,2015
2007 Mitsubishi Grandis,black,PETROL,MITSUBISHI,GRANDIS,AUTOMATIC,270000,5000,WA,2007
2006 Honda Accord,silver,PETROL,HONDA,ACCORD,AUTOMATIC,243000,4300,WA,2006
2011 Audi a4 s-line,grey,PETROL,AUDI,A4,AUTOMATIC,124200,10800,WA,2011
2015 Toyota Kluger,grey,PETROL,TOYOTA,KLUGER,AUTOMATIC,224740,19888,WA,2015
2009 Mitsubishi Lancer,silver,PETROL,MITSUBISHI,LANCER,MANUAL,218000,5000,WA,2009
2019 Toyota Hilux,white,DIESEL,TOYOTA,HILUX,AUTOMATIC,260000,38990,WA,2019
2009 Toyota Camry,black,PETROL,TOYOTA,CAMRY,AUTOMATIC,204000,8300,WA,2009
2007 Honda Accord,silver,PETROL,HONDA,ACCORD,AUTOMATIC,211000,5200,WA,2007
2012 Suzuki Swift,blue,OTHER,SUZUKI,SWIFT,MANUAL,105732,12908,WA,2012
2007 Toyota Aurion,blue,PETROL,TOYOTA,AURION,AUTOMATIC,249453,5000,WA,2007
2019 Renault Koleos,grey,OTHER,RENAULT,KOLEOS,AUTOMATIC,84500,16800,WA,2019
2012 Holden Commodore,black,PETROL,HOLDEN,COMMODORE,AUTOMATIC,216000,12000,WA,2012
1970 Volkswagen Karmann Ghia,blue,PETROL,VOLKSWAGEN,VOLKSWAGEN KARMANN GHIA,MANUAL,64851,25000,WA,1970
2014 LDV V80,white,DIESEL,LDV,V80,MANUAL,175000,6000,WA,2014
2010 Volkswagen Amarok,white,DIESEL,VOLKSWAGEN,AMAROK,MANUAL,338000,9000,VIC,2010
2008 Ford Focus,black,OTHER,FORD,FOCUS,AUTOMATIC,193000,4900,VIC,2008
2009 Nissan Navara,grey,DIESEL,NISSAN,NAVARA,AUTOMATIC,231000,11000,VIC,2009
2012 Ford Territory,black,PETROL,FORD,TERRITORY,AUTOMATIC,276000,9500,VIC,2012
2002 Toyota Corolla,white,PETROL,TOYOTA,COROLLA,AUTOMATIC,200000,4500,VIC,2002
2006 HINO Dutro,white,DIESEL,HINO,DUTRO,MANUAL,350000,6000,VIC,2006
2016 Hyundai I30 ,grey,PETROL,HYUNDAI,I30,AUTOMATIC,179000,11990,VIC,2016
2012 Mercedes-Benz Sprinter,white,DIESEL,MERCEDES-BENZ,SPRINTER,AUTOMATIC,310000,25000,VIC,2012
2013 BMW X1,white,PETROL,BMW,X1,AUTOMATIC,140000,13900,VIC,2013
2009 Toyota other,black,PETROL,TOYOTA,OTHER,AUTOMATIC,109200,15999,VIC,2009
2015 Hyundai Elantra,red,PETROL,HYUNDAI,ELANTRA,AUTOMATIC,178800,10000,VIC,2015
2023 Volkswagen golf r 20th anniversary edition,white,PETROL,VOLKSWAGEN,GOLF,AUTOMATIC,8600,69000,VIC,2023
2003 Ford Falcon 🤘,white,OTHER,FORD,FALCON,AUTOMATIC,165267,7990,VIC,2003
1989 Nissan urvan,white,PETROL,NISSAN,URVAN,MANUAL,212000,8000,VIC,1989
2022 Mazda CX-3,white,PETROL,MAZDA,CX-3,AUTOMATIC,55100,19900,QLD,2022
2005 Holden Commodore,red,PETROL,HOLDEN,COMMODORE,AUTOMATIC,211999,2950,QLD,2005
1995 Nissan Patrol,red,DIESEL,NISSAN,PATROL,MANUAL,600000,18000,QLD,1995
2005 Toyota Hilux,white,DIESEL,TOYOTA,HILUX,MANUAL,240000,23500,QLD,2005
2021 Volkswagen Golf,yellow,PETROL,VOLKSWAGEN,GOLF,AUTOMATIC,39000,29500,QLD,2021
2011 Holden Captiva,black,PETROL,HOLDEN,CAPTIVA,AUTOMATIC,223599,5500,QLD,2011
2004 Toyota Kluger ,black,OTHER,TOYOTA,KLUGER,AUTOMATIC,287000,4900,QLD,2004
2004 Toyota Camry,blue,PETROL,TOYOTA,CAMRY,AUTOMATIC,261550,4000,QLD,2004
2019 Mercedes-Benz Sprinter,yellow,DIESEL,MERCEDES-BENZ,SPRINTER,AUTOMATIC,246190,37990,QLD,2019
1999 Toyota Hilux,green,PETROL,TOYOTA,HILUX,MANUAL,319000,8500,QLD,1999
2017 Toyota Hiace,white,OTHER,TOYOTA,HIACE,AUTOMATIC,235000,17000,QLD,2017
2017 Škoda Octavia,blue,PETROL,ŠKODA,OCTAVIA,AUTOMATIC,165000,20500,QLD,2017
2000 Mitsubishi Pajero,green,PETROL,MITSUBISHI,PAJERO,AUTOMATIC,300000,4000,QLD,2000
2016 Mazda cx-9 🔥,silver,PETROL,MAZDA,CX-9,AUTOMATIC,181014,22888,SA,2016
2002 Holden Commodore,black,PETROL,HOLDEN,COMMODORE,AUTOMATIC,144000,123456,QLD,2002
2015 Mazda CX-3,white,PETROL,MAZDA,CX-3,AUTOMATIC,101000,21000,QLD,2015
2016 Toyota Yaris,white,OTHER,TOYOTA,YARIS,MANUAL,168000,10000,QLD,2016
2015 Mazda CX-5,black,DIESEL,MAZDA,CX-5,AUTOMATIC,230000,15000,SA,2015
2015 Mazda CX-5,black,PETROL,MAZDA,CX-5,AUTOMATIC,102000,14500,QLD,2015
2017 Hyundai sonata premium lf3 my17 sedan,white,PETROL,HYUNDAI,SONATA,AUTOMATIC,118333,16999,SA,2017
2012 Subaru XV,red,PETROL,SUBARU,XV,MANUAL,342000,5000,SA,2012
2008 BMW X5,black,DIESEL,BMW,X5,AUTOMATIC,5500,5500,QLD,2008
2013 Ford Ranger,grey,DIESEL,FORD,RANGER,AUTOMATIC,137600,23500,SA,2013
2021 Toyota hilux gun126r sr (4x4) diesel turbo f/inj automatic double cab pick up,white,DIESEL,TOYOTA,HILUX,AUTOMATIC,144865,36990,SA,2021
2017 Ford Ranger XL Hi-Rider,white,DIESEL,FORD,RANGER,AUTOMATIC,135878,20500,SA,2017
2013 BMW 1 series 118d f20,black,DIESEL,BMW,1 SERIES,AUTOMATIC,126000,12000,SA,2013
2012 Jeep Compass,black,PETROL,JEEP,COMPASS,AUTOMATIC,182000,6500,SA,2012
2009 Nissan Tiida,white,PETROL,NISSAN,TIIDA,AUTOMATIC,313000,4000,SA,2009
2017 Volkswagen Jetta,white,PETROL,VOLKSWAGEN,JETTA,AUTOMATIC,59777,16999,SA,2017
2008 Toyota Camry,white,PETROL,TOYOTA,CAMRY,AUTOMATIC,200800,7999,NSW,2008
2012 Holden Captiva,white,OTHER,HOLDEN,CAPTIVA,MANUAL,19690,5500,SA,2012
2014 Mercedes-Benz Mercedes-Benz 250SE,white,PETROL,MERCEDES-BENZ,MERCEDES-BENZ 250SE,AUTOMATIC,1800,15000,NSW,2014
1997 Honda Civic 25th anniversary model ,silver,PETROL,HONDA,CIVIC,AUTOMATIC,160963,4500,NSW,1997
2018 Volkswagen Touareg,silver,DIESEL,VOLKSWAGEN,TOUAREG,AUTOMATIC,107000,27500,NSW,2018
2010 Audi Q5,black,PETROL,AUDI,Q5,AUTOMATIC,209000,4900,NSW,2010
2007 Holden Barina,grey,OTHER,HOLDEN,BARINA,AUTOMATIC,95000,5250,NSW,2007
2003 Toyota landcruiser 100 series 1HD-FTE conversion,white,DIESEL,TOYOTA,LANDCRUISER,MANUAL,300,18000,NSW,2003
2019 Volvo fm450,white,OTHER,VOLVO,FM450,AUTOMATIC,150000,75000,NSW,2019
1990 Holden Commodore,red,PETROL,HOLDEN,COMMODORE,AUTOMATIC,249000,30000,VIC,1990
2005 Toyota Corolla,red,PETROL,TOYOTA,COROLLA,AUTOMATIC,220000,4800,VIC,2005
2013 Toyota Camry,grey,PETROL,TOYOTA,CAMRY,AUTOMATIC,196000,11800,VIC,2013
2009 Nissan Navara D40 RX,white,DIESEL,NISSAN,NAVARA,MANUAL,309000,9880,NSW,2009
2008 Mazda BT-50,silver,DIESEL,MAZDA,BT-50,MANUAL,295000,9500,QLD,2008
2005 Toyota Camry,silver,PETROL,TOYOTA,CAMRY,AUTOMATIC,219000,3550,NSW,2005
2017 Mitsubishi Outlander,red,PETROL,MITSUBISHI,OUTLANDER,AUTOMATIC,69900,21499,NSW,2017
2016 Ford Ranger,silver,DIESEL,FORD,RANGER,AUTOMATIC,164000,32500,NSW,2016
2012 Hyundai Accent,silver,PETROL,HYUNDAI,ACCENT,AUTOMATIC,93321,9499,SA,2012
2013 FIAT Panda,blue,PETROL,FIAT,PANDA,AUTOMATIC,113362,7465,NSW,2013
2017 Suzuki Swift Hatchback GL Navigator AZ,white,PETROL,SUZUKI,SWIFT,AUTOMATIC,66177,17977,SA,2017
2012 Subaru XV 2.0i-S 2.0L auto,white,PETROL,SUBARU,XV,AUTOMATIC,130850,13990,WA,2012
2022 Toyota kluger wagon gx gsu70r,white,PETROL,TOYOTA,KLUGER,AUTOMATIC,75683,36477,SA,2022
2010 BMW X1,grey,DIESEL,BMW,X1,AUTOMATIC,209596,6000,SA,2010
2017 Mercedes-Benz GLS350d AMG,black,DIESEL,MERCEDES-BENZ,GLS,AUTOMATIC,116000,45990,SA,2017
2017 Toyota Kluger Wagon GX GSU55R,white,PETROL,TOYOTA,KLUGER,AUTOMATIC,115587,27977,SA,2017
2004 Holden Calais,gold,OTHER,HOLDEN,CALAIS,AUTOMATIC,300000,15000,WA,2004
2023 Nissan Leaf Very LOW KMS,white,ELECTRIC,NISSAN,LEAF,AUTOMATIC,4900,23299,WA,2023
2004 Holden Commodore,gold,PETROL,HOLDEN,COMMODORE,AUTOMATIC,217000,4500,WA,2004
2023 Nissan X-TRAIL,white,PETROL,NISSAN,X-TRAIL,AUTOMATIC,7799,28999,WA,2023
2018 Audi Q5,black,DIESEL,AUDI,Q5,AUTOMATIC,115000,28500,WA,2018
2004 Toyota Echo,white,OTHER,TOYOTA,ECHO,AUTOMATIC,260000,3650,WA,2004
2018 Ford Ranger 3.2L (4x4) PX MKII MY18,silver,DIESEL,FORD,RANGER,AUTOMATIC,221954,18590,WA,2018
2008 Ssangyong Rexton ,white,OTHER,SSANGYONG,REXTON,AUTOMATIC,212000,5999,WA,2008
2022 Toyota CAMRY,blue,HYBRID,TOYOTA,CAMRY,AUTOMATIC,8261,35999,WA,2022
2008 Hyundai ACCENT,beige,PETROL,HYUNDAI,ACCENT,AUTOMATIC,192201,4990,WA,2008
2012 Holden Ute,white,OTHER,HOLDEN,UTE,AUTOMATIC,231649,24000,WA,2012
2019 Hyundai  SANTA FE ACTIVE CRDi AWD,grey,DIESEL,HYUNDAI,SANTA FE,AUTOMATIC,221564,18990,WA,2019
2007 Lexus RX350,black,OTHER,LEXUS,RX,AUTOMATIC,193354,7500,WA,2007
2010 Suzuki Grand Vitara,black,PETROL,SUZUKI,GRAND VITARA,AUTOMATIC,202000,10000,WA,2010
2019 Mazda CX-8,grey,DIESEL,MAZDA,CX-8,AUTOMATIC,96000,26000,WA,2019
2024 Ford Ranger WILDTRAK 4X4 MY24 Double Cab,grey,DIESEL,FORD,RANGER,AUTOMATIC,61841,64888,WA,2024
2012 Nissan Navara,white,DIESEL,NISSAN,NAVARA,MANUAL,284000,6000,QLD,2012
2012 Toyota Hilux,white,DIESEL,TOYOTA,HILUX,MANUAL,296000,17500,QLD,2012
2010 Audi A4,grey,DIESEL,AUDI,A4,AUTOMATIC,243000,6500,QLD,2010
2004 Mercedes-Benz Mercedes-Benz ML350,white,PETROL,MERCEDES-BENZ,MERCEDES-BENZ ML350,AUTOMATIC,280000,5000,WA,2004
2012 BMW X3,red,OTHER,BMW,X3,AUTOMATIC,127000,11900,QLD,2012
2005 Jeep Grand Cherokee,black,DIESEL,JEEP,GRAND CHEROKEE,AUTOMATIC,157000,8000,WA,2005
2008 Mitsubishi Triton,black,DIESEL,MITSUBISHI,TRITON,MANUAL,188000,13500,QLD,2008
2007 Audi A4,silver,PETROL,AUDI,A4,AUTOMATIC,131202,3500,QLD,2007
2014 Subaru wrx  sti  my15,white,PETROL,SUBARU,WRX,MANUAL,203000,27990,QLD,2014
2011 Toyota Hilux,white,PETROL,TOYOTA,HILUX,MANUAL,320000,11500,QLD,2011
2013 Nissan LEAF,white,OTHER,NISSAN,LEAF,AUTOMATIC,76000,8900,QLD,2013
2021 Ford Ranger,blue,DIESEL,FORD,RANGER,AUTOMATIC,110000,44900,QLD,2021
2006 Nissan navara d40,blue,DIESEL,NISSAN,NAVARA,AUTOMATIC,294500,4500,QLD,2006
2004 Holden Rodeo,white,PETROL,HOLDEN,RODEO,AUTOMATIC,294684,3100,QLD,2004
2017 Mazda CX-5,white,DIESEL,MAZDA,CX-5,AUTOMATIC,110000,24500,QLD,2017
2007 Nissan Tiida,silver,PETROL,NISSAN,TIIDA,MANUAL,164315,4500,VIC,2007
2015 Nissan Navara,white,DIESEL,NISSAN,NAVARA,AUTOMATIC,44300,35000,QLD,2015
1998 Holden LT holden rodeo dual cab,burgundy,PETROL,HOLDEN,RODEO,MANUAL,388000,3000,VIC,1998
2017 Mazda CX-3,blue,PETROL,MAZDA,CX-3,AUTOMATIC,84000,14999,QLD,2017
2013 Ford Focus,blue,PETROL,FORD,FOCUS,MANUAL,226000,4500,VIC,2013
1998 Toyota Starlet,white,OTHER,TOYOTA,STARLET,AUTOMATIC,123456,8000,VIC,1998
2020 Land Rover Range Rover Evoque,white,OTHER,LAND-ROVER,RANGE ROVER EVOQUE,AUTOMATIC,53000,47500,VIC,2020
2010 Hyundai Hyundai iLOAD,white,DIESEL,HYUNDAI,ILOAD,MANUAL,176447,9700,VIC,2010
2015 Mercedes-Benz CLA 200,black,OTHER,MERCEDES-BENZ,A-CLASS,AUTOMATIC,12345,12345,VIC,2015
2010 Holden Captiva,silver,DIESEL,HOLDEN,CAPTIVA,AUTOMATIC,248000,4699,VIC,2010
2008 Subaru Forester,grey,PETROL,SUBARU,FORESTER,AUTOMATIC,198500,8499,VIC,2008
2019 Mercedes-Benz Mercedes-Benz X250,white,DIESEL,MERCEDES-BENZ,MERCEDES-BENZ X250,AUTOMATIC,172000,30500,VIC,2019
2017 Toyota Yaris,silver,PETROL,TOYOTA,YARIS,AUTOMATIC,120653,14900,VIC,2017
2009 Volkswagen Passat,silver,PETROL,VOLKSWAGEN,PASSAT,AUTOMATIC,190000,7000,VIC,2009
2011 Volvo V60,silver,OTHER,VOLVO,V60,AUTOMATIC,122000,8999,QLD,2011
2010 Mitsubishi Lancer,white,PETROL,MITSUBISHI,LANCER,AUTOMATIC,224000,12500,VIC,2010
2020 Toyota Corolla Ascent Sport Hybrid,white,HYBRID,TOYOTA,COROLLA,AUTOMATIC,36000,25790,QLD,2020
2014 Toyota FJ Cruiser,black,PETROL,TOYOTA,FJ CRUISER,AUTOMATIC,174000,36900,VIC,2014
"2009 Toyota Hilux KUN26R MY09 SR Cab Chassis Xtra Cab 2dr Man 5sp, 4x4 915kg 3.0DT",white,DIESEL,TOYOTA,HILUX,MANUAL,251294,22990,QLD,2009
2017 Mitsubishi Lancer,black,PETROL,MITSUBISHI,LANCER,MANUAL,125050,10500,QLD,2017
2013 Mercedes-Benz Mercedes-Benz ML250 CDI,white,DIESEL,MERCEDES-BENZ,MERCEDES-BENZ ML250 CDI,AUTOMATIC,160000,15000,QLD,2013
2024 Suzuki carry x limited 4x4,grey,PETROL,SUZUKI,CARRY,AUTOMATIC,300,24999,QLD,2024
1974 Ford Falcon,white,PETROL,FORD,FALCON,MANUAL,999999,7500,QLD,1974
2013 Mitsubishi Mirage,pink,PETROL,MITSUBISHI,MIRAGE,MANUAL,178000,4300,VIC,2013
2003 Ford Falcon,blue,OTHER,FORD,FALCON,MANUAL,270000,12500,VIC,2003
2000 Toyota Landcruiser 100,white,OTHER,TOYOTA,LANDCRUISER,MANUAL,320000,15000,QLD,2000
2014 Toyota camry hybrid,blue,HYBRID,TOYOTA,CAMRY,AUTOMATIC,89450,14900,SA,2014
2016 Mitsubishi Mirage,orange,PETROL,MITSUBISHI,MIRAGE,AUTOMATIC,104600,6900,NSW,2016
2020 Volkswagen Amarok,charcoal,DIESEL,VOLKSWAGEN,AMAROK,AUTOMATIC,61215,65000,SA,2020
2024 Toyota Camry,white,HYBRID,TOYOTA,CAMRY,AUTOMATIC,90000,38000,SA,2024
2006 Ford Falcon,red,PETROL,FORD,FALCON,AUTOMATIC,258181,3000,QLD,2006
2016 Jeep Grand Cherokee,grey,PETROL,JEEP,GRAND CHEROKEE,AUTOMATIC,151000,18400,VIC,2016
2009 Subaru Forester,black,PETROL,SUBARU,FORESTER,AUTOMATIC,254319,6700,WA,2009
2012 Toyota Corolla,white,PETROL,TOYOTA,COROLLA,AUTOMATIC,217000,8499,WA,2012
2020 Lexus is350 fsport,white,OTHER,LEXUS,IS,AUTOMATIC,39000,67000,WA,2020
2011 Suzuki Grand Vitara,grey,PETROL,SUZUKI,GRAND VITARA,AUTOMATIC,203914,12000,WA,2011
2003 Toyota Hilux,white,DIESEL,TOYOTA,HILUX,MANUAL,300000,14000,WA,2003
2003 Toyota Corolla,white,OTHER,TOYOTA,COROLLA,AUTOMATIC,392909,3300,WA,2003
2012 Hyundai i30,silver,DIESEL,HYUNDAI,I30,AUTOMATIC,205500,6400,WA,2012
2017 Ford Ranger,white,DIESEL,FORD,RANGER,AUTOMATIC,172000,22000,WA,2017
2012 Volkswagen Golf,white,PETROL,VOLKSWAGEN,GOLF,AUTOMATIC,130000,8999,WA,2012
2008 Suzuki Grand Vitara,white,PETROL,SUZUKI,GRAND VITARA,MANUAL,300300,6500,WA,2008
2016 Subaru Forester,silver,PETROL,SUBARU,FORESTER,AUTOMATIC,146000,16000,WA,2016
2005 BMW X5,blue,DIESEL,BMW,X5,AUTOMATIC,255771,5000,WA,2005
2021 BMW 220I M sport,turquoise,PETROL,BMW,220I M SPORT,AUTOMATIC,54000,36888,WA,2021
2014 Toyota Hilux,white,DIESEL,TOYOTA,HILUX,MANUAL,275000,24990,WA,2014
2009 Hyundai i30,black,PETROL,HYUNDAI,I30,AUTOMATIC,196000,6000,VIC,2009
2019 Ford Ranger,grey,DIESEL,FORD,RANGER,AUTOMATIC,126000,39990,WA,2019
1988 Holden Calais,blue,PETROL,HOLDEN,CALAIS,AUTOMATIC,116000,50000,VIC,1988
2018 Toyota Camry,white,HYBRID,TOYOTA,CAMRY,AUTOMATIC,167000,25500,VIC,2018
2014 Hyundai I30,white,PETROL,HYUNDAI,I30,AUTOMATIC,176000,9000,WA,2014
2021 Renault arkana,black,PETROL,RENAULT,ARKANA,AUTOMATIC,67415,21500,VIC,2021
2014 Hyundai Veloster,white,PETROL,HYUNDAI,VELOSTER,AUTOMATIC,144120,12500,VIC,2014
2011 Toyota Camry,silver,HYBRID,TOYOTA,CAMRY,AUTOMATIC,174500,10400,VIC,2011
2015 Nissan X-Trail,silver,PETROL,NISSAN,X-TRAIL,AUTOMATIC,138500,12000,VIC,2015
2016 Ford Ranger,white,DIESEL,FORD,RANGER,MANUAL,161728,12000,VIC,2016
2018 Volvo XC60,white,DIESEL,VOLVO,XC60,AUTOMATIC,128634,22500,VIC,2018
2006 Subaru Impreza,orange,PETROL,SUBARU,IMPREZA,MANUAL,174000,12000,VIC,2006
2018 Mercedes-Benz C-Class,silver,PETROL,MERCEDES-BENZ,C-CLASS,AUTOMATIC,108000,26300,VIC,2018
2019 Ford ranger xlt,grey,DIESEL,FORD,RANGER,AUTOMATIC,82379,34000,VIC,2019
2023 Subaru Forester,grey,HYBRID,SUBARU,FORESTER,AUTOMATIC,120540,26990,VIC,2023
2020 Volkswagen Amarok,white,DIESEL,VOLKSWAGEN,AMAROK,AUTOMATIC,110000,30500,VIC,2020
2016 Isuzu D-Max,white,DIESEL,ISUZU,D-MAX,AUTOMATIC,220000,28000,VIC,2016
2018 Hyundai Tucson,silver,DIESEL,HYUNDAI,TUCSON,AUTOMATIC,130000,18000,VIC,2018
2015 Ford Falcon,white,OTHER,FORD,FALCON,AUTOMATIC,256000,13000,VIC,2015
2013 Audi Q7,white,DIESEL,AUDI,Q7,AUTOMATIC,98858,16250,VIC,2013
2016 Toyota Fortuner,blue,DIESEL,TOYOTA,FORTUNER,AUTOMATIC,122589,34200,QLD,2016
2008 Mazda BT-50,white,DIESEL,MAZDA,BT-50,MANUAL,257000,4500,QLD,2008
2017 Volkswagen Golf,silver,PETROL,VOLKSWAGEN,GOLF,AUTOMATIC,106000,14000,QLD,2017
2023 Isuzu MU-X,white,DIESEL,ISUZU,MU-X,AUTOMATIC,62000,58000,QLD,2023
2022 Nissan Navara,grey,DIESEL,NISSAN,NAVARA,MANUAL,43000,52000,QLD,2022
2024 Ford Ranger,white,DIESEL,FORD,RANGER,AUTOMATIC,17000,68000,VIC,2024
2010 Jeep Wrangler,black,PETROL,JEEP,WRANGLER,AUTOMATIC,104093,12999,QLD,2010
2013 Hyundai Ix35,white,PETROL,HYUNDAI,IX35,AUTOMATIC,274000,6000,QLD,2013
2013 Jeep Wrangler,white,PETROL,JEEP,WRANGLER,AUTOMATIC,130000,23000,QLD,2013
2015 Toyota Corolla,red,PETROL,TOYOTA,COROLLA,AUTOMATIC,121000,12000,QLD,2015
2007 HSV Caprice,black,PETROL,HSV,CAPRICE,AUTOMATIC,258000,17000,QLD,2007
2015 Volkswagen transporter,white,DIESEL,VOLKSWAGEN,TRANSPORTER,AUTOMATIC,131000,20000,QLD,2015
2005 Ford Territory,grey,PETROL,FORD,TERRITORY,AUTOMATIC,266000,6500,QLD,2005
2021 Toyota Hilux,white,DIESEL,TOYOTA,HILUX,AUTOMATIC,102000,52000,QLD,2021
2020 Volkswagen Amarok,grey,DIESEL,VOLKSWAGEN,AMAROK,AUTOMATIC,61500,45000,QLD,2020
2012 Hyundai Elantra,blue,OTHER,HYUNDAI,ELANTRA,AUTOMATIC,171000,6990,QLD,2012
2023 Ford Ranger,white,DIESEL,FORD,RANGER,AUTOMATIC,85000,59900,QLD,2023
2017 Hyundai Veloster,red,PETROL,HYUNDAI,VELOSTER,MANUAL,106000,15000,QLD,2017
2010 Audi A3,grey,PETROL,AUDI,A3,AUTOMATIC,159000,3500,NSW,2010
2014 Volkswagen Golf,silver,PETROL,VOLKSWAGEN,GOLF,AUTOMATIC,87000,13000,NSW,2014
2006 Suzuki Swift,grey,PETROL,SUZUKI,SWIFT,AUTOMATIC,119000,5500,NSW,2006
2019 Ford Ranger,white,DIESEL,FORD,RANGER,AUTOMATIC,203000,19500,NSW,2019
2015 Jaguar XE,grey,PETROL,JAGUAR,XE,AUTOMATIC,95000,17000,NSW,2015
2014 Kia Rio,grey,PETROL,KIA,RIO,AUTOMATIC,151000,8000,NSW,2014
2017 Toyota Yaris,white,PETROL,TOYOTA,YARIS,AUTOMATIC,149000,11800,NSW,2017
2014 Nissan dualis st,white,PETROL,NISSAN,DUALIS,AUTOMATIC,86000,10800,NSW,2014
2001 Honda S2000,blue,PETROL,HONDA,S2000,MANUAL,144000,37500,NSW,2001
2016 Kia cerato,grey,PETROL,KIA,CERATO,AUTOMATIC,92000,12200,NSW,2016
2012 Ford Fiesta,black,PETROL,FORD,FIESTA,MANUAL,124000,6050,NSW,2012
2018 Honda Odyssey,white,PETROL,HONDA,ODYSSEY,AUTOMATIC,183100,22000,NSW,2018
2018 Volkswagen Amarok,grey,DIESEL,VOLKSWAGEN,AMAROK,AUTOMATIC,175367,32999,NSW,2018
2014 Toyota 86 GTS,white,PETROL,TOYOTA,86 GTS,MANUAL,220000,17000,NSW,2014
2024 Renault Master,white,DIESEL,RENAULT,MASTER,AUTOMATIC,1234,49000,NSW,2024
2019 Toyota Hilux,white,PETROL,TOYOTA,HILUX,AUTOMATIC,130000,28870,NSW,2019
2012 Ford Focus,silver,PETROL,FORD,FOCUS,AUTOMATIC,140062,7000,NSW,2012
2013 Toyota Camry,white,HYBRID,TOYOTA,CAMRY,AUTOMATIC,85000,19500,SA,2013
2021 Hyundai Sonata,white,PETROL,HYUNDAI,SONATA,AUTOMATIC,60383,33500,NSW,2021
2022 Škoda Octavia,black,PETROL,ŠKODA,OCTAVIA,AUTOMATIC,22000,40000,SA,2022
2002 Isuzu frr500,white,DIESEL,ISUZU,FRR500,MANUAL,493000,55000,NSW,2002
2016 Mercedes-Benz mercedes cla 200,grey,OTHER,MERCEDES-BENZ,CLA,AUTOMATIC,99100,29500,SA,2016
2012 Nissan Almera,silver,PETROL,NISSAN,ALMERA,AUTOMATIC,250000,4000,SA,2012
2019 Hyundai i30,white,PETROL,HYUNDAI,I30,AUTOMATIC,48500,20000,SA,2019
2020 Hyundai Venue,red,PETROL,HYUNDAI,VENUE,AUTOMATIC,17000,15990,SA,2020
2021 Nissan Navara,white,DIESEL,NISSAN,NAVARA,AUTOMATIC,73800,43000,SA,2021
2013 Mazda BT-50,white,DIESEL,MAZDA,BT-50,MANUAL,190000,9000,SA,2013
2001 Suzuki Ignis ,blue,PETROL,SUZUKI,IGNIS,AUTOMATIC,125708,3000,SA,2001
2023 Nissan Patrol,white,OTHER,NISSAN,PATROL,AUTOMATIC,40000,93000,SA,2023
2023 Nissan Qashqai,silver,OTHER,NISSAN,QASHQAI,AUTOMATIC,46308,28000,SA,2023
2009 Mercedes-Benz C200 ,black,PETROL,MERCEDES-BENZ,C-CLASS,AUTOMATIC,132000,6999,SA,2009
2020 Toyota Camry,red,PETROL,TOYOTA,CAMRY,AUTOMATIC,15100,27000,SA,2020
2005 Toyota Echo,grey,PETROL,TOYOTA,ECHO,MANUAL,120000,5400,SA,2005
2012 Subaru XV,red,OTHER,SUBARU,XV,AUTOMATIC,148000,13990,SA,2012
2018 BMW 320i m sport,grey,OTHER,BMW,320I M SPORT,AUTOMATIC,102000,25000,QLD,2018
2002 Toyota Landcruiser 100,silver,PETROL,TOYOTA,LANDCRUISER,AUTOMATIC,450000,13000,SA,2002
2014 Audi A4,grey,PETROL,AUDI,A4,AUTOMATIC,87000,13400,NSW,2014
1998 Toyota Corolla,white,PETROL,TOYOTA,COROLLA,AUTOMATIC,247724,2700,QLD,1998
2007 Toyota RAV4,black,OTHER,TOYOTA,RAV4,AUTOMATIC,278841,6000,WA,2007
2004 Volkswagen transporter,blue,PETROL,VOLKSWAGEN,TRANSPORTER,AUTOMATIC,208000,8000,WA,2004
2012 Ford Fiesta,silver,PETROL,FORD,FIESTA,AUTOMATIC,106000,10000,WA,2012
2010 Mazda BT-50,white,DIESEL,MAZDA,BT-50,MANUAL,250000,6000,WA,2010
2010 Toyota Hilux,white,DIESEL,TOYOTA,HILUX,MANUAL,260000,18000,WA,2010
2007 Mitsubishi pajero vrx,blue,PETROL,MITSUBISHI,PAJERO,AUTOMATIC,330000,11000,WA,2007
2010 Holden commodore ss,green,PETROL,HOLDEN,COMMODORE,MANUAL,101322,32990,WA,2010
2014 Ford Focus,blue,OTHER,FORD,FOCUS,MANUAL,161000,12500,WA,2014
2022 Haval jolion,white,PETROL,HAVAL,JOLION,AUTOMATIC,40000,24000,WA,2022
2021 Toyota Corolla,white,PETROL,TOYOTA,COROLLA,AUTOMATIC,268045,19500,WA,2021
2014 Hyundai Santa Fe,black,DIESEL,HYUNDAI,SANTA FE,AUTOMATIC,242558,7000,WA,2014
2021 Kia Sorento,silver,DIESEL,KIA,SORENTO,AUTOMATIC,43000,46888,WA,2021
2013 Hyundai Hyundai iLOAD,white,DIESEL,HYUNDAI,ILOAD,MANUAL,259000,12000,WA,2013
2008 Toyota Corolla,white,PETROL,TOYOTA,COROLLA,AUTOMATIC,263000,6000,WA,2008
2009 Mazda CX-7,white,PETROL,MAZDA,CX-7,AUTOMATIC,266165,5000,WA,2009
2018 Ford Ranger,charcoal,DIESEL,FORD,RANGER,AUTOMATIC,129000,35500,WA,2018
2012 Nissan Dualis,black,PETROL,NISSAN,DUALIS,AUTOMATIC,157000,8500,NSW,2012
2015 Land Rover Range Rover Sport,white,DIESEL,LAND-ROVER,RANGE ROVER SPORT,AUTOMATIC,154000,33000,NSW,2015
2015 Toyota Hilux,white,DIESEL,TOYOTA,HILUX,MANUAL,127000,35000,WA,2015
2009 Audi TT,grey,PETROL,AUDI,TT,AUTOMATIC,177000,11000,NSW,2009
2011 Toyota Hiace,white,DIESEL,TOYOTA,HIACE,AUTOMATIC,280000,18900,NSW,2011
2022 BMW M135i,grey,PETROL,BMW,SERIES 1,AUTOMATIC,48100,52500,NSW,2022
2011 Subaru Tribeca,black,PETROL,SUBARU,TRIBECA,AUTOMATIC,145000,5700,NSW,2011
2011 Dodge Journey,grey,PETROL,DODGE,JOURNEY,AUTOMATIC,224000,5900,WA,2011
2025 Mazda BT-50,black,DIESEL,MAZDA,BT-50,AUTOMATIC,2200,54888,WA,2025
2003 Toyota Landcruiser 100,white,PETROL,TOYOTA,LANDCRUISER,AUTOMATIC,398000,16999,NSW,2003
2018 MINI Cooper S F55LCI,blue,PETROL,MINI,COOPER,AUTOMATIC,49000,29500,NSW,2018
2018 Hyundai i30,blue,DIESEL,HYUNDAI,I30,AUTOMATIC,91489,16999,NSW,2018
2025 Haval h6 gt,blue,PETROL,HAVAL,H6,AUTOMATIC,3500,42000,NSW,2025
2008 Mitsubishi Lancer,silver,PETROL,MITSUBISHI,LANCER,MANUAL,248750,4200,NSW,2008
2016 Subaru XV,white,PETROL,SUBARU,XV,AUTOMATIC,138600,15800,NSW,2016
2010 Honda CR-V,blue,PETROL,HONDA,CR-V,AUTOMATIC,302000,6000,NSW,2010
2021 Kia Sportage,white,PETROL,KIA,SPORTAGE,AUTOMATIC,82000,24999,NSW,2021
2024 Kia SELTOS SPORT + AWD,blue,PETROL,KIA,SELTOS,AUTOMATIC,25000,35777,NSW,2024
2016 Honda [hidden information]22732,blue,PETROL,HONDA,E,AUTOMATIC,210183,10888,VIC,2016
2024 Suzuki Vitara,white,PETROL,SUZUKI,VITARA,AUTOMATIC,12345,12345,VIC,2024
2007 Subaru Impreza,grey,OTHER,SUBARU,IMPREZA,MANUAL,240000,7000,NSW,2007
2020 Honda CR-V,white,PETROL,HONDA,CR-V,AUTOMATIC,153593,23000,VIC,2020
2012 Volkswagen Golf,grey,PETROL,VOLKSWAGEN,GOLF,AUTOMATIC,132603,13900,VIC,2012
2014 Toyota Hilux,gold,DIESEL,TOYOTA,HILUX,AUTOMATIC,192000,32500,NSW,2014
1998 Mercedes-Benz E320,gold,PETROL,MERCEDES-BENZ,E-CLASS,AUTOMATIC,54944,9990,NSW,1998
2018 Jeep Wrangler Unlimited,black,OTHER,JEEP,WRANGLER,AUTOMATIC,197000,38500,VIC,2018
2016 Toyota Prius,gold,HYBRID,TOYOTA,PRIUS,AUTOMATIC,109000,19500,VIC,2016
2006 BMW X5,grey,PETROL,BMW,X5,AUTOMATIC,200000,4500,VIC,2006
2016 Isuzu D-Max,silver,DIESEL,ISUZU,D-MAX,MANUAL,135265,26000,VIC,2016
2013 Toyota Kluger grand,blue,PETROL,TOYOTA,KLUGER,AUTOMATIC,210000,13900,VIC,2013
2003 Nissan Pulsar,grey,PETROL,NISSAN,PULSAR,AUTOMATIC,240000,2950,VIC,2003
2006 Nissan 350Z,black,PETROL,NISSAN,350Z,AUTOMATIC,20010,9800,VIC,2006
2011 Hyundai i30,white,PETROL,HYUNDAI,I30,AUTOMATIC,165400,5000,VIC,2011
2021 Volkswagen Tiguan,silver,OTHER,VOLKSWAGEN,TIGUAN,AUTOMATIC,62250,25000,VIC,2021
2016 Hyundai i30,white,PETROL,HYUNDAI,I30,AUTOMATIC,167500,15750,VIC,2016
1976 BMW 520i,red,OTHER,BMW,SERIES 5,MANUAL,123456,4000,QLD,1976
2023 Mazda CX-5,silver,PETROL,MAZDA,CX-5,AUTOMATIC,27326,23999,QLD,2023
2012 Volkswagen Passat,silver,PETROL,VOLKSWAGEN,PASSAT,AUTOMATIC,152000,7999,VIC,2012
2020 Honda Civic,blue,PETROL,HONDA,CIVIC,AUTOMATIC,34400,24000,VIC,2020
2018 Hyundai i30,silver,PETROL,HYUNDAI,I30,AUTOMATIC,109022,17488,VIC,2018
2015 Hyundai i20,grey,PETROL,HYUNDAI,I20,AUTOMATIC,91000,11200,QLD,2015
2006 Holden Ute,red,PETROL,HOLDEN,UTE,AUTOMATIC,219000,19000,QLD,2006
2023 Volkswagen   T-Cross,silver,PETROL,VOLKSWAGEN,T-CROSS,AUTOMATIC,6537,19800,QLD,2023
2009 Volkswagen Golf,silver,DIESEL,VOLKSWAGEN,GOLF,AUTOMATIC,154000,6999,QLD,2009
2008 Holden Holden Colorado,black,PETROL,HOLDEN,COLORADO,MANUAL,356000,3500,QLD,2008
2014 Hyundai iMax,black,PETROL,HYUNDAI,IMAX,AUTOMATIC,284000,11000,QLD,2014
2012 Ford Ranger,white,DIESEL,FORD,RANGER,MANUAL,266000,16000,QLD,2012
2007 Ford Ranger,white,DIESEL,FORD,RANGER,MANUAL,215000,3500,QLD,2007
2013 Ford Ranger,white,OTHER,FORD,RANGER,AUTOMATIC,312000,14000,QLD,2013
2018 Nissan Navara,black,OTHER,NISSAN,NAVARA,MANUAL,103435,27999,QLD,2018
2001 Holden Rodeo,blue,DIESEL,HOLDEN,RODEO,MANUAL,200000,3000,QLD,2001
2014 Volkswagen Golf,black,PETROL,VOLKSWAGEN,GOLF,MANUAL,240000,3750,QLD,2014
2015 BMW X1,white,PETROL,BMW,X1,AUTOMATIC,124000,17900,SA,2015
2017 Mitsubishi Triton,black,DIESEL,MITSUBISHI,TRITON,AUTOMATIC,156000,26750,QLD,2017
2009 Nissan Murano,red,PETROL,NISSAN,MURANO,AUTOMATIC,196520,5200,QLD,2009
2023 Hyundai palisade highlander,silver,DIESEL,HYUNDAI,PALISADE,AUTOMATIC,179000,44950,SA,2023
2002 Holden Commodore,blue,PETROL,HOLDEN,COMMODORE,AUTOMATIC,168500,19000,SA,2002
2014 Lexus RX350,silver,PETROL,LEXUS,RX,AUTOMATIC,90000,24800,SA,2014
2005 Holden Rodeo,white,PETROL,HOLDEN,RODEO,AUTOMATIC,183000,11900,SA,2005
2020 Honda CR-V,white,PETROL,HONDA,CR-V,AUTOMATIC,62000,26500,SA,2020
2014 Jeep Grand Cherokee,white,PETROL,JEEP,GRAND CHEROKEE,AUTOMATIC,144000,39000,SA,2014
1982 Toyota Crown,white,PETROL,TOYOTA,CROWN,AUTOMATIC,262000,7500,SA,1982
1993 Toyota Camry,grey,PETROL,TOYOTA,CAMRY,MANUAL,280000,3500,SA,1993
2006 Ford Falcon,black,PETROL,FORD,FALCON,AUTOMATIC,183000,3000,SA,2006
2016 Mazda CX-3,white,PETROL,MAZDA,CX-3,AUTOMATIC,142000,14900,SA,2016
2017 Mitsubishi Triton ,white,DIESEL,MITSUBISHI,TRITON,AUTOMATIC,149000,23000,SA,2017
2021 Ford Ranger,grey,DIESEL,FORD,RANGER,AUTOMATIC,107000,45000,SA,2021
2008 Volkswagen transporter,white,DIESEL,VOLKSWAGEN,TRANSPORTER,AUTOMATIC,302042,10800,QLD,2008
2004 Volkswagen Golf,grey,PETROL,VOLKSWAGEN,GOLF,MANUAL,176000,2750,QLD,2004
2010 Volkswagen Polo,silver,DIESEL,VOLKSWAGEN,POLO,AUTOMATIC,160256,6000,QLD,2010
2008 Honda Civic,silver,PETROL,HONDA,CIVIC,MANUAL,162000,4000,QLD,2008
2012 Nissan X-Trail,grey,PETROL,NISSAN,X-TRAIL,AUTOMATIC,180000,12000,WA,2012
2011 Volkswagen Amarok,white,DIESEL,VOLKSWAGEN,AMAROK,MANUAL,171000,23500,SA,2011
2015 Mitsubishi Pajero,white,DIESEL,MITSUBISHI,PAJERO,AUTOMATIC,220131,30000,QLD,2015
2020 Nissan JUKE,blue,PETROL,NISSAN,JUKE,AUTOMATIC,114758,17500,VIC,2020
2015 Toyota Yaris,charcoal,OTHER,TOYOTA,YARIS,AUTOMATIC,200000,13995,QLD,2015
2005 Subaru Forester,white,OTHER,SUBARU,FORESTER,MANUAL,257000,5000,NSW,2005
2004 Mitsubishi Delica,white,PETROL,MITSUBISHI,DELICA,AUTOMATIC,244000,14995,NSW,2004
2008 Holden Caprice,silver,PETROL,HOLDEN,CAPRICE,AUTOMATIC,298500,5000,NSW,2008
2017 Mitsubishi Lancer,grey,PETROL,MITSUBISHI,LANCER,AUTOMATIC,91000,16000,QLD,2017
2012 Suzuki Swift,yellow,PETROL,SUZUKI,SWIFT,MANUAL,110598,10500,NSW,2012
"2021 Nissan Navara Pro-4X, Towbar, CarPlay",red,DIESEL,NISSAN,NAVARA,AUTOMATIC,83410,44880,QLD,2021
2006 Toyota Hilux,purple,DIESEL,TOYOTA,HILUX,MANUAL,312000,16000,NSW,2006
2006 Toyota Yaris,black,OTHER,TOYOTA,YARIS,AUTOMATIC,236000,2800,NSW,2006
2011 Ford Falcon,grey,PETROL,FORD,FALCON,AUTOMATIC,300000,5500,NSW,2011
2017 Mercedes-Benz a-class,grey,PETROL,MERCEDES-BENZ,A-CLASS,AUTOMATIC,60000,21990,NSW,2017
2009 Hyundai Hyundai iLOAD,white,DIESEL,HYUNDAI,ILOAD,MANUAL,300,7500,NSW,2009
2012 Toyota RAV4,grey,PETROL,TOYOTA,RAV4,MANUAL,220000,7500,NSW,2012
2007 Toyota Camry,gold,PETROL,TOYOTA,CAMRY,AUTOMATIC,228000,7500,NSW,2007
2018 Nissan Pathfinder,red,PETROL,NISSAN,PATHFINDER,AUTOMATIC,68517,21000,NSW,2018
2009 BMW 135i,grey,PETROL,BMW,SERIES 1,AUTOMATIC,168987,15000,NSW,2009
2018 Mercedes-Benz glc 250d,grey,DIESEL,MERCEDES-BENZ,GLC,AUTOMATIC,79368,32000,NSW,2018
2017 Toyota Hilux,white,DIESEL,TOYOTA,HILUX,AUTOMATIC,110000,50000,NSW,2017
2015 Holden Commodore,white,PETROL,HOLDEN,COMMODORE,AUTOMATIC,202000,14000,NSW,2015
2009 BMW X3,burgundy,DIESEL,BMW,X3,AUTOMATIC,158386,5600,QLD,2009
1974 Volkswagen Kombi,orange,PETROL,VOLKSWAGEN,KOMBI,MANUAL,55000,26000,NSW,1974
2014 Toyota Corolla,black,PETROL,TOYOTA,COROLLA,AUTOMATIC,130000,14000,NSW,2014
1996 Toyota Hilux,blue,DIESEL,TOYOTA,HILUX,AUTOMATIC,295000,21000,WA,1996
2018 Mazda CX-8,red,DIESEL,MAZDA,CX-8,AUTOMATIC,122908,20999,WA,2018
2014 Volkswagen Polo,red,PETROL,VOLKSWAGEN,POLO,AUTOMATIC,196777,6000,WA,2014
2013 Volkswagen Amarok,white,DIESEL,VOLKSWAGEN,AMAROK,AUTOMATIC,279742,11999,WA,2013
2017 Isuzu D-Max,white,DIESEL,ISUZU,D-MAX,AUTOMATIC,148000,31000,VIC,2017
1999 Hyundai Sonata,white,PETROL,HYUNDAI,SONATA,AUTOMATIC,120000,3000,WA,1999
2010 Holden Holden Colorado,white,DIESEL,HOLDEN,COLORADO,MANUAL,265000,10000,WA,2010
2015 Volkswagen golf gti performance pack,white,OTHER,VOLKSWAGEN,GOLF,AUTOMATIC,104500,24000,NSW,2015
2010 Audi A5,grey,PETROL,AUDI,A5,MANUAL,176500,10000,WA,2010
2010 Ford Focus,red,PETROL,FORD,FOCUS,MANUAL,139000,12500,WA,2010
2009 Mitsubishi Outlander,white,PETROL,MITSUBISHI,OUTLANDER,AUTOMATIC,321575,4200,WA,2009
1994 Toyota Hilux,white,PETROL,TOYOTA,HILUX,MANUAL,300000,4500,WA,1994
2018 Toyota Camry,white,PETROL,TOYOTA,CAMRY,AUTOMATIC,214000,17500,WA,2018
2012 MINI cooper s,red,PETROL,MINI,COOPER,AUTOMATIC,170379,13000,WA,2012
2014 Ford Kuga,blue,DIESEL,FORD,KUGA,AUTOMATIC,195000,9000,WA,2014
2019 Toyota Landcruiser,white,DIESEL,TOYOTA,LANDCRUISER,MANUAL,150000,90000,VIC,2019
2001 Toyota Camry,white,OTHER,TOYOTA,CAMRY,AUTOMATIC,260000,3750,WA,2001
2007 Honda CR-V,black,PETROL,HONDA,CR-V,AUTOMATIC,195000,9000,WA,2007
2007 Toyota Crown Majesta UZS186 C TYPE F PACKAGE,white,PETROL,TOYOTA,CROWN,AUTOMATIC,86000,24999,VIC,2007
2017 Nissan Navara,white,DIESEL,NISSAN,NAVARA,AUTOMATIC,127000,33000,VIC,2017
2006 Ford Falcon,white,PETROL,FORD,FALCON,AUTOMATIC,306007,4250,VIC,2006
2005 Toyota Landcruiser 100,grey,PETROL,TOYOTA,LANDCRUISER,AUTOMATIC,423000,19300,VIC,2005
2015 Toyota Kluger,white,PETROL,TOYOTA,KLUGER,AUTOMATIC,280080,16500,WA,2015
2018 Hyundai Hyundai iLOAD,white,DIESEL,HYUNDAI,ILOAD,AUTOMATIC,129100,27500,VIC,2018
2013 Toyota Hilux,silver,OTHER,TOYOTA,HILUX,AUTOMATIC,2150,35000,VIC,2013
2013 Ford fiesta zetec,silver,PETROL,FORD,FIESTA,AUTOMATIC,79215,5000,VIC,2013
2010 Nissan Micra,black,OTHER,NISSAN,MICRA,AUTOMATIC,200000,3500,VIC,2010
2003 Toyota Camry,gold,PETROL,TOYOTA,CAMRY,AUTOMATIC,180000,3500,VIC,2003
2006 Mitsubishi other,white,OTHER,MITSUBISHI,OTHER,MANUAL,528000,12900,VIC,2006
2022 Renault arkana,grey,PETROL,RENAULT,ARKANA,AUTOMATIC,18820,29190,VIC,2022
2011 BMW 528i,black,PETROL,BMW,SERIES 5,AUTOMATIC,121000,17999,VIC,2011
1998 Toyota Starlet,white,PETROL,TOYOTA,STARLET,MANUAL,200000,9999,QLD,1998
2017 Holden colorado ltz space cab,white,DIESEL,HOLDEN,COLORADO,AUTOMATIC,195748,25000,QLD,2017
2011 Nissan Navara,silver,DIESEL,NISSAN,NAVARA,MANUAL,170000,14500,QLD,2011
2006 Subaru impreza wrx,blue,PETROL,SUBARU,IMPREZA,MANUAL,200000,10000,QLD,2006
2016 Mercedes-Benz GLS350d,white,DIESEL,MERCEDES-BENZ,GLS,AUTOMATIC,105000,60000,QLD,2016
2008 Volkswagen Golf,silver,PETROL,VOLKSWAGEN,GOLF,AUTOMATIC,51707,25950,QLD,2008
2018 Mercedes-Benz GLA180,silver,PETROL,MERCEDES-BENZ,A-CLASS,AUTOMATIC,67462,24800,QLD,2018
1995 Holden Ute,black,PETROL,HOLDEN,UTE,MANUAL,215409,29500,QLD,1995
2017 Mercedes-Benz A250 ,white,PETROL,MERCEDES-BENZ,A-CLASS,AUTOMATIC,112954,23000,QLD,2017
2023 Toyota Hilux,white,DIESEL,TOYOTA,HILUX,MANUAL,45000,55000,SA,2023
2011 Hyundai i20,black,PETROL,HYUNDAI,I20,MANUAL,105000,2500,QLD,2011
2004 Holden Commodore,white,PETROL,HOLDEN,COMMODORE,AUTOMATIC,350000,2500,WA,2004
2016 Lexus Lexus NX 200t,grey,PETROL,LEXUS,NX,AUTOMATIC,120000,26500,SA,2016
2019 Toyota Landcruiser Prado,black,DIESEL,TOYOTA,LANDCRUISER,AUTOMATIC,171000,54999,SA,2019
2001 Nissan Patrol,white,OTHER,NISSAN,PATROL,MANUAL,210000,25000,SA,2001
2020 Toyota camry ascent sport,white,PETROL,TOYOTA,CAMRY,AUTOMATIC,13648,26990,SA,2020
2015 Toyota Hilux,white,DIESEL,TOYOTA,HILUX,AUTOMATIC,260000,33000,SA,2015
2012 Kia Rio,red,PETROL,KIA,RIO,AUTOMATIC,215000,7500,SA,2012
2019 Ford Transit costum,white,DIESEL,FORD,TRANSIT,AUTOMATIC,33500,28700,SA,2019
2016 Toyota Corolla,silver,PETROL,TOYOTA,COROLLA,AUTOMATIC,201100,12000,SA,2016
2004 Holden Commodore,red,PETROL,HOLDEN,COMMODORE,AUTOMATIC,330,25000,SA,2004
2013 Volkswagen Crafter,white,DIESEL,VOLKSWAGEN,CRAFTER,MANUAL,267000,16500,SA,2013
2005 Toyota Camry,red,PETROL,TOYOTA,CAMRY,AUTOMATIC,221607,4500,SA,2005
2009 Holden Commodore,green,PETROL,HOLDEN,COMMODORE,AUTOMATIC,317177,4500,SA,2009
2006 Ford Escape,silver,PETROL,FORD,ESCAPE,AUTOMATIC,240000,6000,SA,2006
2016 Ford Focus,white,PETROL,FORD,FOCUS,MANUAL,115000,9500,SA,2016
2012 Ford Fiesta,white,PETROL,FORD,FIESTA,AUTOMATIC,98500,9499,SA,2012
2023 Lexus IS500F Sport,blue,PETROL,LEXUS,IS,AUTOMATIC,21625,99950,SA,2023
2002 Holden Rodeo,white,PETROL,HOLDEN,RODEO,MANUAL,280000,2500,QLD,2002
2004 Jaguar Jaguar XJ6,grey,OTHER,JAGUAR,XJ,AUTOMATIC,130000,20000,QLD,2004
2017 Holden Astra,grey,PETROL,HOLDEN,ASTRA,MANUAL,202000,6950,VIC,2017
2011 Subaru Forester · 2.5L AWD,white,PETROL,SUBARU,FORESTER,AUTOMATIC,255000,6500,WA,2011
2003 Ford Falcon,blue,PETROL,FORD,FALCON,MANUAL,299000,22000,WA,2003
2021 Subaru WRX STI,blue,PETROL,SUBARU,WRX,MANUAL,65000,56000,SA,2021
2018 Holden Holden Colorado,white,DIESEL,HOLDEN,COLORADO,AUTOMATIC,162000,27000,SA,2018
2007 Holden Commodore,gold,PETROL,HOLDEN,COMMODORE,AUTOMATIC,320000,3500,SA,2007
2008 Toyota Camry,silver,PETROL,TOYOTA,CAMRY,AUTOMATIC,243000,6500,SA,2008
2003 Toyota Corolla,grey,PETROL,TOYOTA,COROLLA,AUTOMATIC,250000,3999,SA,2003
2015 Mazda CX-5,grey,PETROL,MAZDA,CX-5,AUTOMATIC,248700,11800,QLD,2015
2019 Kia Cerato,silver,PETROL,KIA,CERATO,AUTOMATIC,128000,16000,VIC,2019
2018 Holden Colorado LTZ,silver,DIESEL,HOLDEN,COLORADO,AUTOMATIC,134505,27490,SA,2018
1968 Holden Holden HQ,white,PETROL,HOLDEN,HOLDEN HQ,MANUAL,50000,5500,QLD,1968
2005 Isuzu nqr,white,DIESEL,ISUZU,NQR,MANUAL,439000,23000,QLD,2005
2011 Subaru Forester,grey,PETROL,SUBARU,FORESTER,MANUAL,169000,8390,SA,2011
2011 Ford Falcon XR6 Ute limited edition ,black,PETROL,FORD,FALCON,AUTOMATIC,199000,15500,SA,2011
1999 Toyota Landcruiser 100,blue,OTHER,TOYOTA,LANDCRUISER,AUTOMATIC,365000,11000,SA,1999
2019 Land Rover Discovery,white,PETROL,LAND-ROVER,DISCOVERY,AUTOMATIC,52286,37000,SA,2019
1999 Hyundai Excel,green,PETROL,HYUNDAI,EXCEL,AUTOMATIC,93000,4200,SA,1999
2018 Jeep Grand Cherokee,black,PETROL,JEEP,GRAND CHEROKEE,AUTOMATIC,147000,23999,SA,2018
2003 MINI Cooper,black,PETROL,MINI,COOPER,MANUAL,223000,9900,SA,2003
2016 Volkswagen Tiguan,grey,DIESEL,VOLKSWAGEN,TIGUAN,AUTOMATIC,128000,27000,SA,2016
2016 Jaguar XE,black,PETROL,JAGUAR,XE,AUTOMATIC,120000,21000,SA,2016
2017 Mitsubishi ASX,white,PETROL,MITSUBISHI,ASX,AUTOMATIC,112135,18990,SA,2017
2001 Toyota Landcruiser,silver,PETROL,TOYOTA,LANDCRUISER,AUTOMATIC,292000,12000,SA,2001
2016 BMW X5,white,DIESEL,BMW,X5,AUTOMATIC,121000,37000,VIC,2016
1976 Toyota Landcruiser,grey,PETROL,TOYOTA,LANDCRUISER,MANUAL,197600,5500,VIC,1976
1980 Holden Commodore,yellow,PETROL,HOLDEN,COMMODORE,AUTOMATIC,1000,11500,VIC,1980
2016 Jeep Cherokee,grey,OTHER,JEEP,CHEROKEE,AUTOMATIC,64000,15000,VIC,2016
1973 Toyota Landcruiser,red,OTHER,TOYOTA,LANDCRUISER,MANUAL,197300,6500,VIC,1973
2013 Toyota Hilux,grey,DIESEL,TOYOTA,HILUX,AUTOMATIC,247000,28000,VIC,2013
2003 Toyota Echo,blue,PETROL,TOYOTA,ECHO,MANUAL,270000,4000,VIC,2003
2019 Holden Equinox lt,red,DIESEL,HOLDEN,EQUINOX,AUTOMATIC,196500,7500,VIC,2019
2021 Toyota Camry,white,PETROL,TOYOTA,CAMRY,AUTOMATIC,121000,35000,VIC,2021
2021 Toyota Corolla Fielder,black,HYBRID,TOYOTA,COROLLA,AUTOMATIC,107818,19995,VIC,2021
2016 Audi Q5,blue,PETROL,AUDI,Q5,AUTOMATIC,113000,19000,VIC,2016
2006 Honda CR-V,silver,PETROL,HONDA,CR-V,AUTOMATIC,325000,4000,NSW,2006
1996 Mercedes-Benz Mercedes-Benz 220SE,blue,OTHER,MERCEDES-BENZ,MERCEDES-BENZ 220SE,AUTOMATIC,149999,12500,NSW,1996
2009 Audi A5,black,DIESEL,AUDI,A5,AUTOMATIC,99000,13800,NSW,2009
2008 Volkswagen Jetta,red,PETROL,VOLKSWAGEN,JETTA,AUTOMATIC,198000,2800,NSW,2008
2007 Honda Accord,white,PETROL,HONDA,ACCORD,AUTOMATIC,192000,5000,NSW,2007
2004 Holden Calais,black,PETROL,HOLDEN,CALAIS,AUTOMATIC,212000,5000,SA,2004
2005 Nissan Patrol,silver,PETROL,NISSAN,PATROL,AUTOMATIC,250000,12345,VIC,2005
2013 Holden Captiva,black,DIESEL,HOLDEN,CAPTIVA,AUTOMATIC,169000,6000,NSW,2013
2015 Toyota Camry,silver,HYBRID,TOYOTA,CAMRY,AUTOMATIC,402000,9999,NSW,2015
1986 BMW E30,beige,OTHER,BMW,SERIES 3,MANUAL,190000,11000,NSW,1986
2008 Mitsubishi Grandis,grey,PETROL,MITSUBISHI,GRANDIS,AUTOMATIC,294000,2750,NSW,2008
2009 Toyota Hiace,white,OTHER,TOYOTA,HIACE,AUTOMATIC,308000,11750,NSW,2009
2018 Toyota Fortuner,white,DIESEL,TOYOTA,FORTUNER,AUTOMATIC,110000,45000,NSW,2018
2013 Holden Cruze,silver,PETROL,HOLDEN,CRUZE,AUTOMATIC,126461,7990,NSW,2013
2007 Lexus Lexus ES 350,gold,PETROL,LEXUS,ES,AUTOMATIC,277603,4700,NSW,2007
2012 BMW X5,silver,PETROL,BMW,X5,AUTOMATIC,186000,25000,NSW,2012
2012 Hyundai Hyundai iLOAD,white,DIESEL,HYUNDAI,ILOAD,MANUAL,312560,9500,NSW,2012
2018 Ford Mondeo,white,DIESEL,FORD,MONDEO,AUTOMATIC,172000,8000,NSW,2018
2016 Land Rover Discovery Sport,white,DIESEL,LAND-ROVER,DISCOVERY SPORT,AUTOMATIC,189000,17000,NSW,2016
2011 Toyota Hilux,white,DIESEL,TOYOTA,HILUX,MANUAL,159996,31000,NSW,2011
1993 Nissan Patrol,white,DIESEL,NISSAN,PATROL,MANUAL,482000,35000,WA,1993
2004 Ford Falcon,purple,PETROL,FORD,FALCON,AUTOMATIC,235000,12345,WA,2004
2024 Toyota Landcruiser,black,DIESEL,TOYOTA,LANDCRUISER,AUTOMATIC,49500,123456,WA,2024
2010 Subaru Outback,white,DIESEL,SUBARU,OUTBACK,MANUAL,219400,7999,WA,2010
2009 Audi S5,white,OTHER,AUDI,S5,AUTOMATIC,205000,22000,WA,2009
2024 Ssangyong rexton,grey,DIESEL,SSANGYONG,REXTON,AUTOMATIC,7537,36860,WA,2024
2021 Mitsubishi Outlander,blue,PETROL,MITSUBISHI,OUTLANDER,AUTOMATIC,61504,31989,WA,2021
2012 Holden Cruze CD,red,PETROL,HOLDEN,CRUZE,AUTOMATIC,168225,7999,WA,2012
2006 Volkswagen Golf,black,DIESEL,VOLKSWAGEN,GOLF,MANUAL,300,2500,WA,2006
2011 Holden Calais,brown,PETROL,HOLDEN,CALAIS,AUTOMATIC,200000,19000,WA,2011
2020 Toyota Corolla - 4WD,white,OTHER,TOYOTA,COROLLA,AUTOMATIC,93000,24990,WA,2020
2016 Nissan X-Trail,blue,PETROL,NISSAN,X-TRAIL,AUTOMATIC,222370,11000,WA,2016
2008 Holden Barina,silver,PETROL,HOLDEN,BARINA,MANUAL,172000,2800,WA,2008
2017 Land Rover Discovery SD4 SE MY17,silver,DIESEL,LAND-ROVER,DISCOVERY,AUTOMATIC,110500,33000,QLD,2017
2014 Volkswagen Golf,red,PETROL,VOLKSWAGEN,GOLF,AUTOMATIC,170000,9000,WA,2014
2022 Tesla Model 3 long range duel motor ,white,ELECTRIC,TESLA,MODEL 3,AUTOMATIC,96000,41000,WA,2022
2006 Mitsubishi Colt,grey,OTHER,MITSUBISHI,COLT,AUTOMATIC,168000,2800,QLD,2006
2013 Holden Holden Colorado,white,DIESEL,HOLDEN,COLORADO,AUTOMATIC,204000,11500,QLD,2013
2018 Toyota Corolla,orange,PETROL,TOYOTA,COROLLA,AUTOMATIC,111600,20000,QLD,2018
2021 Mercedes-Benz Vito,white,OTHER,MERCEDES-BENZ,VITO,AUTOMATIC,5500,44200,QLD,2021
1988 Nissan Patrol,grey,PETROL,NISSAN,PATROL,MANUAL,180000,25000,QLD,1988
2015 Volkswagen Polo,red,PETROL,VOLKSWAGEN,POLO,MANUAL,160000,11500,QLD,2015
2012 Toyota Camry,silver,HYBRID,TOYOTA,CAMRY,AUTOMATIC,351000,8990,QLD,2012
2015 Toyota Camry,silver,HYBRID,TOYOTA,CAMRY,AUTOMATIC,580000,9500,QLD,2015
2018 Toyota Hilux,white,DIESEL,TOYOTA,HILUX,AUTOMATIC,120300,45989,WA,2018
2015 Holden Captiva,white,OTHER,HOLDEN,CAPTIVA,AUTOMATIC,67000,9999,WA,2015
2021 Toyota Hilux,white,DIESEL,TOYOTA,HILUX,AUTOMATIC,140522,34888,WA,2021
2008 Toyota Hiace,white,PETROL,TOYOTA,HIACE,MANUAL,377413,10000,NSW,2008
2020 Nissan Navara D23 S4 MY20 N-TREK Warrior Utility Dual Cab 4dr Spts Auto 7sp 4x4 724kg 2.3DTT,black,DIESEL,NISSAN,NAVARA,AUTOMATIC,82679,41917,SA,2020
2017 Toyota RAV4 GXL AWD 1 OWNER LOGBOOK MECHANICALLY EXCELLENT CONDITION,grey,PETROL,TOYOTA,RAV4,AUTOMATIC,158000,22995,NSW,2017
2018 Isuzu d-max utility ls-m my17,white,DIESEL,ISUZU,D-MAX,AUTOMATIC,173362,29977,SA,2018
1999 Toyota Camry,blue,PETROL,TOYOTA,CAMRY,AUTOMATIC,113000,4800,NSW,1999
2024 Toyota Alphard Z Hybird,white,HYBRID,TOYOTA,ALPHARD,AUTOMATIC,3000,93999,SA,2024
2008 Ford FOCUS,grey,PETROL,FORD,FOCUS,AUTOMATIC,170466,5590,WA,2008
2017 Mazda CX-5,black,DIESEL,MAZDA,CX-5,AUTOMATIC,148000,24999,VIC,2017
2018 Volkswagen Passat,white,PETROL,VOLKSWAGEN,PASSAT,AUTOMATIC,123500,18950,VIC,2018
2013 Toyota Landcruiser Prado,silver,DIESEL,TOYOTA,LANDCRUISER,AUTOMATIC,333145,17000,QLD,2013
2012 Toyota Camry,blue,PETROL,TOYOTA,CAMRY,AUTOMATIC,220000,4990,QLD,2012
2014 Subaru Impreza,silver,PETROL,SUBARU,IMPREZA,AUTOMATIC,184500,9900,VIC,2014
2018 Nissan Pathfinder,black,PETROL,NISSAN,PATHFINDER,AUTOMATIC,48758,26900,VIC,2018
2010 Audi TT,black,PETROL,AUDI,TT,AUTOMATIC,92000,9999,VIC,2010
2018 Mitsubishi Outlander diesel 2018 ,silver,OTHER,MITSUBISHI,OUTLANDER,AUTOMATIC,130000,2500,VIC,2018
2020 LDV t60 luxe auto 4x4,black,DIESEL,LDV,T60,AUTOMATIC,19000,25990,VIC,2020
2015 Nissan Navara,blue,DIESEL,NISSAN,NAVARA,MANUAL,326000,16000,VIC,2015
2014 Toyota Corolla,orange,PETROL,TOYOTA,COROLLA,AUTOMATIC,109959,16500,VIC,2014
2013 Volkswagen Golf,white,PETROL,VOLKSWAGEN,GOLF,AUTOMATIC,210000,7000,VIC,2013
2010 Mitsubishi Outlander,white,PETROL,MITSUBISHI,OUTLANDER,AUTOMATIC,330000,5000,VIC,2010
2018 Land Rover Discovery Sport,white,OTHER,LAND-ROVER,DISCOVERY SPORT,AUTOMATIC,168155,19990,VIC,2018
2013 Holden Commodore,white,OTHER,HOLDEN,COMMODORE,AUTOMATIC,10000,12345,QLD,2013
2015 Honda City ,white,PETROL,HONDA,CITY,AUTOMATIC,165000,14500,VIC,2015
2014 Jeep Cherokee,white,DIESEL,JEEP,CHEROKEE,AUTOMATIC,123000,11500,VIC,2014
2023 Toyota corolla sx hybrid,black,HYBRID,TOYOTA,COROLLA,AUTOMATIC,18000,32500,VIC,2023
2004 Holden Rodeo,beige,PETROL,HOLDEN,RODEO,MANUAL,267000,3300,QLD,2004
2004 Mitsubishi Lancer,grey,OTHER,MITSUBISHI,LANCER,AUTOMATIC,195000,2700,QLD,2004
2010 Holden Holden Colorado,burgundy,DIESEL,HOLDEN,COLORADO,MANUAL,297095,14000,QLD,2010
2008 Mercedes-Benz mercedes benz b class b-200,black,PETROL,MERCEDES-BENZ,CLA,AUTOMATIC,216043,4500,SA,2008
2008 Holden Commodore,blue,PETROL,HOLDEN,COMMODORE,MANUAL,12345,5000,QLD,2008
2010 Honda Civic,black,PETROL,HONDA,CIVIC,AUTOMATIC,139470,15700,NSW,2010
2008 Mercedes-Benz Mercedes-Benz ML320 CDI,silver,DIESEL,MERCEDES-BENZ,MERCEDES-BENZ ML320 CDI,AUTOMATIC,237700,6500,SA,2008
2012 Toyota Camry,gold,PETROL,TOYOTA,CAMRY,AUTOMATIC,570000,8000,NSW,2012
2008 Nissan Navara,silver,DIESEL,NISSAN,NAVARA,MANUAL,209000,6000,QLD,2008
2009 Subaru Forester,charcoal,PETROL,SUBARU,FORESTER,MANUAL,181000,13500,SA,2009
2010 Volvo XC60,black,DIESEL,VOLVO,XC60,AUTOMATIC,218500,7000,VIC,2010
2006 Honda Civic,white,PETROL,HONDA,CIVIC,MANUAL,220000,4500,NSW,2006
2004 Toyota Corolla,silver,PETROL,TOYOTA,COROLLA,MANUAL,220000,5000,SA,2004
2017 Ford Mustang FM 2017MY GT Fastback 2dr Man 6sp 5.0i,blue,PETROL,FORD,MUSTANG,MANUAL,56787,54917,SA,2017
2014 Nissan Navara,white,DIESEL,NISSAN,NAVARA,MANUAL,276000,10500,WA,2014
2006 Toyota Camry,silver,PETROL,TOYOTA,CAMRY,AUTOMATIC,151000,6000,WA,2006
1997 Ford Fairlane,red,PETROL,FORD,FAIRLANE,AUTOMATIC,300000,10000,WA,1997
2015 Toyota Camry,white,PETROL,TOYOTA,CAMRY,AUTOMATIC,164000,14500,NSW,2015
2007 Suzuki Swift,black,PETROL,SUZUKI,SWIFT,AUTOMATIC,235000,3500,WA,2007
2017 Audi A1,grey,PETROL,AUDI,A1,AUTOMATIC,87000,18500,WA,2017
2013 Suzuki swift gl hatchback 5dr auto 4sp 1.4i,blue,PETROL,SUZUKI,SWIFT,AUTOMATIC,191581,9989,WA,2013
2013 Jeep Grand Cherokee,white,DIESEL,JEEP,GRAND CHEROKEE,AUTOMATIC,223052,11599,WA,2013
2022 Mitsubishi Outlander LS 7 SEAT (2WD) ZM,silver,PETROL,MITSUBISHI,OUTLANDER,AUTOMATIC,42550,32990,WA,2022
2015 Mercedes-Benz sprinter 313 cdi,white,DIESEL,MERCEDES-BENZ,SPRINTER,AUTOMATIC,213500,25500,WA,2015
2018 Nissan Navara RX 4x4,white,DIESEL,NISSAN,NAVARA,MANUAL,111843,26888,WA,2018
2004 Toyota Hilux,white,DIESEL,TOYOTA,HILUX,MANUAL,251000,7500,WA,2004
2015 Toyota Crown Majesta V6,white,HYBRID,TOYOTA,CROWN,AUTOMATIC,57500,32800,NSW,2015
2013 Toyota Landcruiser Prado GXL 150 T/D 3.0 Auto 4WD,white,DIESEL,TOYOTA,LANDCRUISER,AUTOMATIC,357260,21999,VIC,2013
2005 Mercedes-Benz Viano,black,DIESEL,MERCEDES-BENZ,VIANO,AUTOMATIC,227423,40000,VIC,2005
2012 Subaru Forester,grey,PETROL,SUBARU,FORESTER,AUTOMATIC,155000,11000,VIC,2012
2014 Hyundai Veloster,white,PETROL,HYUNDAI,VELOSTER,MANUAL,177000,7000,VIC,2014
2021 MG ZS SUV,white,PETROL,MG,ZS,AUTOMATIC,68000,13999,WA,2021
2020 BMW x3 20i,grey,PETROL,BMW,X3,AUTOMATIC,109400,32888,VIC,2020
2009 Volkswagen Polo,silver,PETROL,VOLKSWAGEN,POLO,AUTOMATIC,85000,5399,VIC,2009
2004 Nissan Pulsar,black,PETROL,NISSAN,PULSAR,AUTOMATIC,281000,2700,VIC,2004
1999 Holden Statesman,gold,PETROL,HOLDEN,STATESMAN,AUTOMATIC,337159,4500,VIC,1999
2017 Ford Mondeo,white,DIESEL,FORD,MONDEO,AUTOMATIC,178514,9500,VIC,2017
1976 Ford F-350,black,PETROL,FORD,F-350,MANUAL,300000,13950,VIC,1976
2012 Audi A4,grey,PETROL,AUDI,A4,AUTOMATIC,158236,9700,SA,2012
2016 Holden Caprice,white,PETROL,HOLDEN,CAPRICE,AUTOMATIC,50634,38000,SA,2016
2013 Holden Cruze equipe,grey,DIESEL,HOLDEN,CRUZE,AUTOMATIC,211020,4500,QLD,2013
2016 Holden Trax,orange,PETROL,HOLDEN,TRAX,AUTOMATIC,143000,8500,WA,2016
2016 Ford Ranger,white,DIESEL,FORD,RANGER,AUTOMATIC,139000,35500,VIC,2016
2021 Suzuki baleno,white,PETROL,SUZUKI,BALENO,AUTOMATIC,76874,15500,SA,2021
1999 Nissan Navara,grey,OTHER,NISSAN,NAVARA,MANUAL,430000,2900,VIC,1999
1970 Dodge Charger,orange,PETROL,DODGE,CHARGER,AUTOMATIC,999,170000,VIC,1970
2024 Renault Trafic,grey,DIESEL,RENAULT,TRAFIC,AUTOMATIC,9300,38900,VIC,2024
2001 Lexus IS200,silver,PETROL,LEXUS,IS,AUTOMATIC,205000,5500,VIC,2001
2018 Toyota Hilux,white,DIESEL,TOYOTA,HILUX,AUTOMATIC,131500,34000,VIC,2018
1990 Holden statesman,white,OTHER,HOLDEN,STATESMAN,AUTOMATIC,174500,20000,VIC,1990
2012 Toyota 86 gts,black,PETROL,TOYOTA,86 GTS,MANUAL,78000,23000,VIC,2012
2015 Mercedes-Benz C200,grey,PETROL,MERCEDES-BENZ,C-CLASS,AUTOMATIC,87262,26500,VIC,2015
2007 Honda Jazz,silver,PETROL,HONDA,JAZZ,AUTOMATIC,185043,5000,VIC,2007
2023 BMW X3,grey,PETROL,BMW,X3,AUTOMATIC,67000,69900,VIC,2023
2010 Volkswagen Golf,white,PETROL,VOLKSWAGEN,GOLF,AUTOMATIC,211000,2500,VIC,2010
2022 Toyota Kluger,grey,PETROL,TOYOTA,KLUGER,AUTOMATIC,17000,54990,VIC,2022
2018 Hyundai i30,white,PETROL,HYUNDAI,I30,MANUAL,116000,14000,VIC,2018
2021 Toyota Camry,white,OTHER,TOYOTA,CAMRY,AUTOMATIC,160000,29500,VIC,2021
2016 Hyundai Accent,red,PETROL,HYUNDAI,ACCENT,AUTOMATIC,131000,8500,VIC,2016
2015 Honda fit,yellow,HYBRID,HONDA,FIT,AUTOMATIC,63110,13995,VIC,2015
2010 Nissan Tiida,silver,PETROL,NISSAN,TIIDA,AUTOMATIC,140000,4800,QLD,2010
2006 Holden Commodore,blue,PETROL,HOLDEN,COMMODORE,AUTOMATIC,290000,3500,QLD,2006
2011 Toyota Yaris,pink,PETROL,TOYOTA,YARIS,MANUAL,121000,7000,QLD,2011
2016 Honda Odyssey,silver,PETROL,HONDA,ODYSSEY,AUTOMATIC,117000,22880,QLD,2016
2006 HINO FD,white,DIESEL,HINO,FD,MANUAL,801243,69800,QLD,2006
2016 Hyundai Accent,white,PETROL,HYUNDAI,ACCENT,AUTOMATIC,48658,14990,QLD,2016
1992 Nissan Serena,black,PETROL,NISSAN,SERENA,AUTOMATIC,375000,5000,QLD,1992
2008 Toyota Camry,white,PETROL,TOYOTA,CAMRY,AUTOMATIC,230000,5500,QLD,2008
2010 Toyota Hiace,white,OTHER,TOYOTA,HIACE,AUTOMATIC,23000,9000,QLD,2010
2009 Kia Rio,black,PETROL,KIA,RIO,MANUAL,172000,4000,QLD,2009
2012 Honda Accord,grey,PETROL,HONDA,ACCORD,AUTOMATIC,173986,11000,QLD,2012
2012 Hyundai i30,white,OTHER,HYUNDAI,I30,AUTOMATIC,162000,7950,QLD,2012
2015 Toyota tarago glx,white,PETROL,TOYOTA,TARAGO GLX,AUTOMATIC,202500,15500,QLD,2015
2000 Toyota Landcruiser 100,white,PETROL,TOYOTA,LANDCRUISER,AUTOMATIC,316000,19000,QLD,2000
2010 BMW X5,silver,DIESEL,BMW,X5,AUTOMATIC,175000,13000,QLD,2010
2011 Toyota FJ Cruiser,yellow,PETROL,TOYOTA,FJ CRUISER,AUTOMATIC,225000,24888,QLD,2011
2014 Ford Ranger,blue,DIESEL,FORD,RANGER,AUTOMATIC,168000,19990,QLD,2014
2008 Suzuki Swift,silver,PETROL,SUZUKI,SWIFT,AUTOMATIC,180200,4900,QLD,2008
2011 Hyundai i30,red,OTHER,HYUNDAI,I30,AUTOMATIC,250000,5000,QLD,2011
2014 Audi SQ5,black,DIESEL,AUDI,SQ5,AUTOMATIC,190000,14500,QLD,2014
2010 Nissan X-Trail,white,PETROL,NISSAN,X-TRAIL,AUTOMATIC,214000,6000,WA,2010
2004 Nissan X-Trail,gold,PETROL,NISSAN,X-TRAIL,AUTOMATIC,133000,10000,WA,2004
2016 Ford Mustang,grey,PETROL,FORD,MUSTANG,MANUAL,135917,42990,WA,2016
2007 Volvo XC90,black,DIESEL,VOLVO,XC90,AUTOMATIC,248694,5000,WA,2007
2018 Toyota RAV4,white,PETROL,TOYOTA,RAV4,AUTOMATIC,158000,19800,WA,2018
2010 Mitsubishi Lancer,grey,PETROL,MITSUBISHI,LANCER,AUTOMATIC,300000,4800,WA,2010
2011 Jeep Grand Cherokee,green,DIESEL,JEEP,GRAND CHEROKEE,AUTOMATIC,200000,8000,WA,2011
2012 Hyundai i30,blue,PETROL,HYUNDAI,I30,AUTOMATIC,150000,11500,WA,2012
2013 Toyota estima,black,PETROL,TOYOTA,ESTIMA,AUTOMATIC,101000,20999,WA,2013
2020 Subaru WRX,charcoal,PETROL,SUBARU,WRX,MANUAL,53000,38000,WA,2020
2006 Hyundai Getz,blue,PETROL,HYUNDAI,GETZ,AUTOMATIC,272000,3700,WA,2006
2016 Ford F-150,white,PETROL,FORD,F-150,AUTOMATIC,175000,100000,WA,2016
2013 Ford Territory,white,PETROL,FORD,TERRITORY,AUTOMATIC,235000,7750,WA,2013
2019 Mitsubishi Triton,white,DIESEL,MITSUBISHI,TRITON,MANUAL,79000,32000,WA,2019
2019 Isuzu nlr 45/150,white,DIESEL,ISUZU,NLR 45/150,MANUAL,63000,34000,WA,2019
2004 Nissan Patrol,white,DIESEL,NISSAN,PATROL,MANUAL,255000,14200,NSW,2004
2007 BMW series 3,silver,PETROL,BMW,SERIES 3,AUTOMATIC,134600,9000,NSW,2007
2020 Ford Mustang,grey,PETROL,FORD,MUSTANG,MANUAL,38040,59400,NSW,2020
2018 Hyundai Kona,white,PETROL,HYUNDAI,KONA,AUTOMATIC,118000,17000,WA,2018
2010 Ford Falcon,grey,PETROL,FORD,FALCON,AUTOMATIC,142305,16000,NSW,2010
2004 Hyundai Elantra,blue,OTHER,HYUNDAI,ELANTRA,AUTOMATIC,123288,3600,NSW,2004
2015 Holden Ute,white,PETROL,HOLDEN,UTE,AUTOMATIC,211000,11000,NSW,2015
2013 Toyota Aurion,white,PETROL,TOYOTA,AURION,AUTOMATIC,191000,10000,NSW,2013
2012 Toyota Corolla,grey,PETROL,TOYOTA,COROLLA,AUTOMATIC,171000,10700,NSW,2012
2017 Hyundai i30,white,PETROL,HYUNDAI,I30,AUTOMATIC,59000,23000,NSW,2017
2020 Volkswagen Polo,black,PETROL,VOLKSWAGEN,POLO,AUTOMATIC,61302,17000,NSW,2020
2015 Kia Sportage,silver,PETROL,KIA,SPORTAGE,AUTOMATIC,187000,10000,NSW,2015
2014 Isuzu D-Max,black,DIESEL,ISUZU,D-MAX,AUTOMATIC,250000,22500,NSW,2014
2015 Nissan 370Z,white,OTHER,NISSAN,370Z,AUTOMATIC,140000,21000,NSW,2015
2016 Holden Commodore,white,PETROL,HOLDEN,COMMODORE,AUTOMATIC,68000,67000,NSW,2016
2023 LDV t60 executive,blue,OTHER,LDV,T60,AUTOMATIC,18500,29700,NSW,2023
2014 Volkswagen Crafter,white,DIESEL,VOLKSWAGEN,CRAFTER,MANUAL,276000,25000,NSW,2014
2007 Toyota Aurion,black,PETROL,TOYOTA,AURION,AUTOMATIC,146000,19900,SA,2007
2012 Ford Fiesta,silver,PETROL,FORD,FIESTA,AUTOMATIC,133000,7300,SA,2012
2013 Kia Cerato,white,PETROL,KIA,CERATO,AUTOMATIC,190000,10000,SA,2013
2011 Isuzu D-Max,silver,DIESEL,ISUZU,D-MAX,MANUAL,370000,11000,SA,2011
2016 Mitsubishi triton,charcoal,DIESEL,MITSUBISHI,TRITON,MANUAL,160100,30000,SA,2016
2020 Renault Master,white,DIESEL,RENAULT,MASTER,AUTOMATIC,109542,28500,SA,2020
2008 BMW X5,grey,OTHER,BMW,X5,AUTOMATIC,302000,5900,SA,2008
2013 Holden Commodore,white,PETROL,HOLDEN,COMMODORE,MANUAL,107346,22000,SA,2013
2012 Hyundai iMax,grey,DIESEL,HYUNDAI,IMAX,AUTOMATIC,201496,11850,SA,2012
1989 Nissan 300ZX,red,PETROL,NISSAN,Z,AUTOMATIC,149000,23500,SA,1989
2015 Hyundai i30,white,PETROL,HYUNDAI,I30,AUTOMATIC,148000,10500,SA,2015
2014 Jeep Grand Cherokee,silver,OTHER,JEEP,GRAND CHEROKEE,AUTOMATIC,230000,10500,SA,2014
2010 Hyundai i30,blue,PETROL,HYUNDAI,I30,AUTOMATIC,245000,4800,SA,2010
2014 Holden Ute,black,PETROL,HOLDEN,UTE,AUTOMATIC,130000,29000,SA,2014
2012 Nissan Navara,silver,DIESEL,NISSAN,NAVARA,AUTOMATIC,217497,11000,SA,2012
2019 Audi Q2 ,grey,PETROL,AUDI,Q2,AUTOMATIC,68000,25250,SA,2019
2008 Toyota kluger,grey,PETROL,TOYOTA,KLUGER,AUTOMATIC,410892,6999,SA,2008
2013 Holden commodore ve sv6 sportwagon lpg,white,OTHER,HOLDEN,COMMODORE,AUTOMATIC,148894,10000,SA,2013
2011 Toyota Landcruiser Prado,white,DIESEL,TOYOTA,LANDCRUISER,AUTOMATIC,275000,27000,SA,2011
2006 Audi A3,silver,PETROL,AUDI,A3,AUTOMATIC,159000,6700,SA,2006
2014 Kia Rio,blue,PETROL,KIA,RIO,AUTOMATIC,97100,10200,SA,2014
2013 Ford Ranger,white,DIESEL,FORD,RANGER,AUTOMATIC,168000,16900,WA,2013
2006 Toyota Aurion,white,PETROL,TOYOTA,AURION,AUTOMATIC,243152,4500,NSW,2006
2010 Ford Focus,silver,OTHER,FORD,FOCUS,AUTOMATIC,170000,5900,SA,2010
2009 Holden Ute,black,PETROL,HOLDEN,UTE,AUTOMATIC,184000,20000,SA,2009
2009 Holden Holden Colorado,grey,DIESEL,HOLDEN,COLORADO,MANUAL,205000,26500,QLD,2009
2011 Nissan Navara,white,OTHER,NISSAN,NAVARA,MANUAL,176597,7500,WA,2011
2012 Holden Barina,white,PETROL,HOLDEN,BARINA,MANUAL,145500,5750,WA,2012
2013 Audi Q5,black,PETROL,AUDI,Q5,AUTOMATIC,144699,13999,WA,2013
2007 Ford Transit,white,DIESEL,FORD,TRANSIT,MANUAL,308000,10000,WA,2007
2011 Hyundai Hyundai iLOAD,white,DIESEL,HYUNDAI,ILOAD,MANUAL,200000,12000,WA,2011
2004 Holden Rodeo,white,PETROL,HOLDEN,RODEO,MANUAL,277000,7900,WA,2004
2016 Ford Ranger,white,DIESEL,FORD,RANGER,AUTOMATIC,84000,30000,WA,2016
1997 Ford Falcon,brown,OTHER,FORD,FALCON,AUTOMATIC,217000,2500,WA,1997
2014 Kia Cerato,white,PETROL,KIA,CERATO,AUTOMATIC,117800,12900,WA,2014
2023 Nissan Navara,grey,OTHER,NISSAN,NAVARA,AUTOMATIC,48000,74999,WA,2023
2019 Ford Ranger,grey,DIESEL,FORD,RANGER,AUTOMATIC,80000,43000,WA,2019
2003 Hyundai Getz,yellow,OTHER,HYUNDAI,GETZ,AUTOMATIC,164000,3700,WA,2003
2011 Holden Ute,black,PETROL,HOLDEN,UTE,MANUAL,250000,15900,WA,2011
2010 Nissan Navara,white,OTHER,NISSAN,NAVARA,AUTOMATIC,215000,14000,WA,2010
2011 Kia Rio,white,PETROL,KIA,RIO,MANUAL,149940,5200,WA,2011
2010 Mitsubishi Lancer,grey,PETROL,MITSUBISHI,LANCER,AUTOMATIC,198000,7000,QLD,2010
2010 Suzuki Alto,red,PETROL,SUZUKI,ALTO,AUTOMATIC,105000,5500,QLD,2010
2020 Hyundai i30,red,PETROL,HYUNDAI,I30,AUTOMATIC,56900,16750,QLD,2020
2008 Holden Holden Colorado,red,PETROL,HOLDEN,COLORADO,MANUAL,317152,3000,QLD,2008
2016 Hyundai Accent,white,PETROL,HYUNDAI,ACCENT,AUTOMATIC,104000,11000,QLD,2016
2016 Mercedes-Benz E200,white,PETROL,MERCEDES-BENZ,E-CLASS,AUTOMATIC,213862,24990,QLD,2016
2017 Mitsubishi Lancer,silver,PETROL,MITSUBISHI,LANCER,AUTOMATIC,85826,18000,QLD,2017
2009 Holden Commodore,black,PETROL,HOLDEN,COMMODORE,MANUAL,280984,5000,QLD,2009
2015 Subaru WRX,grey,OTHER,SUBARU,WRX,MANUAL,200000,23000,QLD,2015
2010 Hyundai Getz,blue,OTHER,HYUNDAI,GETZ,AUTOMATIC,80710,7500,QLD,2010
2011 Volkswagen Golf,white,PETROL,VOLKSWAGEN,GOLF,AUTOMATIC,290000,8000,QLD,2011
2002 Nissan Patrol,gold,DIESEL,NISSAN,PATROL,AUTOMATIC,350000,4000,QLD,2002
2015 Kia Sportage,silver,PETROL,KIA,SPORTAGE,AUTOMATIC,154015,12000,QLD,2015
2018 Nissan Navara,silver,DIESEL,NISSAN,NAVARA,MANUAL,144000,36000,QLD,2018
2012 Ford Ranger,white,DIESEL,FORD,RANGER,AUTOMATIC,225000,12500,NSW,2012
2007 Toyota Yaris,silver,PETROL,TOYOTA,YARIS,MANUAL,177000,4000,NSW,2007
2016 BMW X3,white,DIESEL,BMW,X3,AUTOMATIC,97000,21000,NSW,2016
2017 Toyota Hilux,grey,DIESEL,TOYOTA,HILUX,AUTOMATIC,253900,34000,NSW,2017
2014 Lexus is350 auto r,grey,PETROL,LEXUS,IS,AUTOMATIC,107418,23500,NSW,2014
2020 Kia Sorento,blue,DIESEL,KIA,SORENTO,AUTOMATIC,77500,43000,NSW,2020
2021 Porsche Macan,white,PETROL,PORSCHE,MACAN,AUTOMATIC,53000,112888,NSW,2021
2022 Hyundai i30 n line premium sedan,grey,PETROL,HYUNDAI,I30,AUTOMATIC,63500,34000,NSW,2022
2011 Hyundai i30,silver,OTHER,HYUNDAI,I30,AUTOMATIC,90821,11999,NSW,2011
2005 Toyota Landcruiser,silver,DIESEL,TOYOTA,LANDCRUISER,MANUAL,430000,43000,NSW,2005
2025 Toyota Corolla,black,PETROL,TOYOTA,COROLLA,AUTOMATIC,12000,46000,NSW,2025
1994 Toyota Landcruiser,green,PETROL,TOYOTA,LANDCRUISER,MANUAL,600,19999,NSW,1994
2012 Toyota estima,silver,HYBRID,TOYOTA,ESTIMA,AUTOMATIC,139000,17500,NSW,2012
2015 Holden Commodore,black,OTHER,HOLDEN,COMMODORE,AUTOMATIC,211000,29500,NSW,2015
2010 Toyota Kluger,silver,PETROL,TOYOTA,KLUGER,AUTOMATIC,30000,5499,NSW,2010
2011 Toyota Corolla,black,PETROL,TOYOTA,COROLLA,AUTOMATIC,97081,10999,NSW,2011
2010 Toyota Aurion,white,PETROL,TOYOTA,AURION,AUTOMATIC,288698,6500,NSW,2010
2018 Kia Cerato,white,PETROL,KIA,CERATO,AUTOMATIC,121000,14000,NSW,2018
2013 Mitsubishi ASX,white,PETROL,MITSUBISHI,ASX,AUTOMATIC,42000,15500,VIC,2013
2013 Subaru XV,black,PETROL,SUBARU,XV,AUTOMATIC,150000,14500,VIC,2013
2014 Kia Sportage,white,DIESEL,KIA,SPORTAGE,AUTOMATIC,140700,15000,VIC,2014
2000 Volvo other,white,DIESEL,VOLVO,OTHER,MANUAL,108803,65000,VIC,2000
2013 Nissan Pulsar,black,PETROL,NISSAN,PULSAR,AUTOMATIC,132000,7000,VIC,2013
2012 Ford Fiesta,black,PETROL,FORD,FIESTA,MANUAL,198000,2800,VIC,2012
2009 Land Rover Discovery,grey,DIESEL,LAND-ROVER,DISCOVERY,AUTOMATIC,232523,16750,VIC,2009
2017 Audi Q2,grey,DIESEL,AUDI,Q2,AUTOMATIC,900,25000,VIC,2017
2001 Nissan Patrol,silver,OTHER,NISSAN,PATROL,MANUAL,3000,42500,VIC,2001
2010 Volkswagen Golf,silver,PETROL,VOLKSWAGEN,GOLF,AUTOMATIC,111000,7500,VIC,2010
2001 Ford Falcon,white,PETROL,FORD,FALCON,MANUAL,280000,123456,VIC,2001
2010 Mitsubishi triton,white,DIESEL,MITSUBISHI,TRITON,AUTOMATIC,221450,12500,VIC,2010
2020 LDV d90 executive sv9a,blue,PETROL,LDV,D90,AUTOMATIC,111149,24750,SA,2020
2021 Toyota Yaris,silver,HYBRID,TOYOTA,YARIS,AUTOMATIC,92943,20990,SA,2021
1990 Ford Fairmont,silver,PETROL,FORD,FAIRMONT,AUTOMATIC,347000,5000,VIC,1990
2019 Ford Ranger,white,DIESEL,FORD,RANGER,AUTOMATIC,187000,18999,VIC,2019
1999 Ford Falcon,white,PETROL,FORD,FALCON,AUTOMATIC,249474,3500,SA,1999
2009 Nissan Navara,white,DIESEL,NISSAN,NAVARA,AUTOMATIC,250000,15000,SA,2009
2016 Toyota Camry,beige,PETROL,TOYOTA,CAMRY,AUTOMATIC,168100,13999,VIC,2016
1968 Chevrolet Camaro,black,OTHER,CHEVROLET,CAMARO,AUTOMATIC,80000,100000,SA,1968
2025 Hyundai i30,white,HYBRID,HYUNDAI,I30,AUTOMATIC,20000,30999,SA,2025
2017 Honda CR-V,white,OTHER,HONDA,CR-V,AUTOMATIC,104000,20000,SA,2017
2009 Toyota Crown,silver,OTHER,TOYOTA,CROWN,AUTOMATIC,204000,10500,SA,2009
2009 Holden Calais,white,PETROL,HOLDEN,CALAIS,AUTOMATIC,200000,10000,VIC,2009
2007 Toyota Prado,grey,DIESEL,TOYOTA,PRADO,AUTOMATIC,433499,16000,SA,2007
2008 Holden Commodore,beige,PETROL,HOLDEN,COMMODORE,AUTOMATIC,232779,2500,NSW,2008
2009 Toyota Prius,grey,PETROL,TOYOTA,PRIUS,AUTOMATIC,220000,10000,NSW,2009
2022 Mitsubishi Outlander,silver,PETROL,MITSUBISHI,OUTLANDER,AUTOMATIC,90000,34900,NSW,2022
2012 Subaru XV,charcoal,PETROL,SUBARU,XV,AUTOMATIC,200000,10800,NSW,2012
2011 Holden Commodore,white,PETROL,HOLDEN,COMMODORE,MANUAL,233000,12000,SA,2011
2017 Land Rover Discovery,grey,DIESEL,LAND-ROVER,DISCOVERY,AUTOMATIC,165000,48900,SA,2017
2008 Mercedes-Benz Sprinter,white,DIESEL,MERCEDES-BENZ,SPRINTER,MANUAL,200000,4000,SA,2008
2003 Honda Accord,silver,PETROL,HONDA,ACCORD,AUTOMATIC,208000,4500,NSW,2003
2010 Subaru Forester,blue,PETROL,SUBARU,FORESTER,AUTOMATIC,253000,6000,NSW,2010
2007 Honda Civic,silver,PETROL,HONDA,CIVIC,AUTOMATIC,164000,5800,QLD,2007
2022 LDV Deliver 9 mobile dessert truck ,white,DIESEL,LDV,DELIVER 9,AUTOMATIC,112333,55000,NSW,2022
1973 Holden Holden One Tonner,grey,PETROL,HOLDEN,HOLDEN ONE TONNER,MANUAL,100000,14000,SA,1973
2021 Nissan Navara,silver,DIESEL,NISSAN,NAVARA,AUTOMATIC,83000,48000,WA,2021
2011 Nissan Pathfinder,grey,DIESEL,NISSAN,PATHFINDER,AUTOMATIC,313000,12500,VIC,2011
2021 Volkswagen Polo,black,PETROL,VOLKSWAGEN,POLO,AUTOMATIC,102456,15500,VIC,2021
2015 Nissan Serena,white,HYBRID,NISSAN,SERENA,AUTOMATIC,60000,17000,VIC,2015
2014 Volkswagen Golf,white,DIESEL,VOLKSWAGEN,GOLF,AUTOMATIC,210000,9999,VIC,2014
2024 Nissan Navara,grey,DIESEL,NISSAN,NAVARA,AUTOMATIC,5250,63000,VIC,2024
2003 Toyota Echo,blue,PETROL,TOYOTA,ECHO,MANUAL,321000,2500,VIC,2003
2020 Nissan Qashqai,white,OTHER,NISSAN,QASHQAI,AUTOMATIC,88000,25000,VIC,2020
2014 Holden Commodore,blue,PETROL,HOLDEN,COMMODORE,AUTOMATIC,184000,15000,VIC,2014
2006 Subaru WRX,blue,OTHER,SUBARU,WRX,MANUAL,250000,16000,VIC,2006
2016 Honda Accord,black,PETROL,HONDA,ACCORD,AUTOMATIC,130800,20000,VIC,2016
2022 LDV ute,red,OTHER,LDV,UTE,AUTOMATIC,46000,24000,VIC,2022
2017 Volkswagen Golf,black,PETROL,VOLKSWAGEN,GOLF,MANUAL,88000,30000,VIC,2017
2009 Honda Accord,blue,PETROL,HONDA,ACCORD,AUTOMATIC,252000,5500,VIC,2009
1978 Ford F-350,yellow,PETROL,FORD,F-350,MANUAL,12345,9500,VIC,1978
2013 Mitsubishi ASX,red,DIESEL,MITSUBISHI,ASX,AUTOMATIC,205200,10500,WA,2013
2007 Jeep Cherokee,silver,PETROL,JEEP,CHEROKEE,AUTOMATIC,255000,5500,WA,2007
2010 Hyundai Getz,silver,OTHER,HYUNDAI,GETZ,AUTOMATIC,199000,4800,WA,2010
2012 Mercedes-Benz c-class,silver,PETROL,MERCEDES-BENZ,C-CLASS,AUTOMATIC,170700,15000,WA,2012
2012 Kia Sorento,white,PETROL,KIA,SORENTO,AUTOMATIC,113668,14990,WA,2012
1997 Ford Falcon,white,PETROL,FORD,FALCON,AUTOMATIC,445000,8750,VIC,1997
2019 Land Rover RANGE ROVER VELAR,black,PETROL,LAND-ROVER,RANGE ROVER VELAR,AUTOMATIC,141000,36990,WA,2019
2016 Subaru WRX,black,PETROL,SUBARU,WRX,AUTOMATIC,125000,29000,WA,2016
2006 Hyundai Getz,red,PETROL,HYUNDAI,GETZ,MANUAL,230000,3500,WA,2006
2017 Hyundai Kona,black,PETROL,HYUNDAI,KONA,AUTOMATIC,180000,19800,WA,2017
2014 Toyota Camry,white,PETROL,TOYOTA,CAMRY,AUTOMATIC,485000,15000,WA,2014
2022 Mazda CX-9,grey,PETROL,MAZDA,CX-9,AUTOMATIC,27000,40000,WA,2022
2005 Mazda RX-8,white,PETROL,MAZDA,RX-8,MANUAL,105937,29890,WA,2005
2019 Land Rover Range Rover,white,DIESEL,LAND-ROVER,RANGE ROVER,AUTOMATIC,62000,89900,WA,2019
2013 Toyota FJ Cruiser,orange,OTHER,TOYOTA,FJ CRUISER,AUTOMATIC,295000,21700,WA,2013
2024 Kia Cerato,silver,PETROL,KIA,CERATO,AUTOMATIC,26000,28000,VIC,2024
2006 Nissan Patrol,white,DIESEL,NISSAN,PATROL,MANUAL,300000,25000,WA,2006
2006 Toyota Yaris,silver,PETROL,TOYOTA,YARIS,AUTOMATIC,270000,5000,WA,2006
2011 Nissan navara st-x d40,gold,DIESEL,NISSAN,NAVARA,AUTOMATIC,204000,14500,WA,2011
1994 Mitsubishi Pajero,green,PETROL,MITSUBISHI,PAJERO,AUTOMATIC,316572,5500,WA,1994
2008 Mitsubishi lancer vrx,grey,PETROL,MITSUBISHI,LANCER,AUTOMATIC,247520,6500,WA,2008
2013 Isuzu D-Max,white,DIESEL,ISUZU,D-MAX,AUTOMATIC,329533,9999,WA,2013
2013 Mazda BT-50,white,DIESEL,MAZDA,BT-50,MANUAL,207000,27000,QLD,2013
2013 Toyota Aurion,blue,PETROL,TOYOTA,AURION,AUTOMATIC,130307,12000,QLD,2013
2017 Ford Ranger,white,DIESEL,FORD,RANGER,AUTOMATIC,142500,33000,QLD,2017
2013 BMW X3,white,PETROL,BMW,X3,AUTOMATIC,138114,13000,QLD,2013
2008 Hyundai Tucson,black,PETROL,HYUNDAI,TUCSON,MANUAL,207000,4000,QLD,2008
2009 Honda city sedan,red,PETROL,HONDA,CITY,AUTOMATIC,240000,3000,QLD,2009
2006 Honda Jazz,blue,PETROL,HONDA,JAZZ,AUTOMATIC,232000,5700,QLD,2006
2016 Nissan Navara,black,DIESEL,NISSAN,NAVARA,AUTOMATIC,301000,14500,QLD,2016
2012 Kia Rio,grey,PETROL,KIA,RIO,MANUAL,175000,5250,QLD,2012
2010 Suzuki Swift,silver,PETROL,SUZUKI,SWIFT,AUTOMATIC,171000,5500,QLD,2010
1988 Ford Courier,blue,OTHER,FORD,COURIER,MANUAL,278693,2500,QLD,1988
2014 Holden Barina,white,PETROL,HOLDEN,BARINA,MANUAL,179000,3500,QLD,2014
2008 Holden Astra,black,DIESEL,HOLDEN,ASTRA,AUTOMATIC,233000,4950,SA,2008
2007 Subaru Forester,silver,PETROL,SUBARU,FORESTER,AUTOMATIC,166857,9500,QLD,2007
2012 Kia Cerato,blue,PETROL,KIA,CERATO,AUTOMATIC,204993,7500,SA,2012
2010 Ford Mondeo,silver,DIESEL,FORD,MONDEO,AUTOMATIC,213000,5700,SA,2010
2012 Holden Captiva,silver,DIESEL,HOLDEN,CAPTIVA,AUTOMATIC,111022,6900,SA,2012
2004 Ford F-250,silver,DIESEL,FORD,F-250,AUTOMATIC,293500,60000,SA,2004
2006 Ford Falcon,grey,OTHER,FORD,FALCON,AUTOMATIC,210607,5500,SA,2006
2014 Ford Focus,red,PETROL,FORD,FOCUS,AUTOMATIC,151437,7500,QLD,2014
2006 Mercedes-Benz Mercedes-Benz 280SL,black,PETROL,MERCEDES-BENZ,SL,AUTOMATIC,46500,20000,SA,2006
2021 Toyota Hilux,black,DIESEL,TOYOTA,HILUX,AUTOMATIC,80000,120000,SA,2021
2014 Renault Trafic,white,DIESEL,RENAULT,TRAFIC,AUTOMATIC,174500,13500,VIC,2014
2012 Mazda CX-5,red,OTHER,MAZDA,CX-5,AUTOMATIC,155349,13000,NSW,2012
2016 Mazda BT-50,white,DIESEL,MAZDA,BT-50,MANUAL,229704,18000,NSW,2016
2014 Hyundai Ix35,black,OTHER,HYUNDAI,IX35,AUTOMATIC,180227,9000,NSW,2014
2007 Jeep Cherokee,black,DIESEL,JEEP,CHEROKEE,AUTOMATIC,82831,12990,NSW,2007
2022 Toyota Corolla ZR Hatch Auto,red,PETROL,TOYOTA,COROLLA,AUTOMATIC,56250,31800,NSW,2022
2017 Ford focus st,white,PETROL,FORD,FOCUS,MANUAL,113000,21000,SA,2017
2024 Mazda BT-50,white,DIESEL,MAZDA,BT-50,AUTOMATIC,47848,48000,NSW,2024
2003 Holden Commodore,purple,PETROL,HOLDEN,COMMODORE,MANUAL,328000,6000,NSW,2003
1996 Nissan Patrol,white,DIESEL,NISSAN,PATROL,MANUAL,375000,3500,NSW,1996
2016 Holden Holden Colorado,white,DIESEL,HOLDEN,COLORADO,AUTOMATIC,92000,16000,NSW,2016
2017 Subaru Levorg,grey,PETROL,SUBARU,LEVORG,AUTOMATIC,143000,25000,NSW,2017
2016 Toyota RAV4 Wagon Cruiser ASA44R,white,PETROL,TOYOTA,RAV4,AUTOMATIC,139587,24977,SA,2016
2022 Mitsubishi ASX,white,PETROL,MITSUBISHI,ASX,AUTOMATIC,26500,24000,SA,2022
2012 Ford Fiesta,orange,OTHER,FORD,FIESTA,MANUAL,172000,4999,SA,2012
2003 Toyota Echo,green,OTHER,TOYOTA,ECHO,MANUAL,270000,2500,VIC,2003
2011 Mercedes-Benz Mercedes-Benz 220S,white,PETROL,MERCEDES-BENZ,MERCEDES-BENZ 220S,AUTOMATIC,145000,6000,WA,2011
2019 Honda Civic,blue,PETROL,HONDA,CIVIC,AUTOMATIC,109900,21990,VIC,2019
2012 Ford Ranger,black,DIESEL,FORD,RANGER,MANUAL,270000,4500,VIC,2012
2017 Volkswagen Amarok TDI550 Highline!,grey,DIESEL,VOLKSWAGEN,AMAROK,AUTOMATIC,164481,24999,QLD,2017
2006 Honda civic fd2 sport,black,PETROL,HONDA,CIVIC,MANUAL,235000,6500,SA,2006
2012 Mazda CX-5,red,DIESEL,MAZDA,CX-5,AUTOMATIC,41000,14900,QLD,2012
2003 Nissan Nissan Stagea,black,PETROL,NISSAN,NISSAN STAGEA,AUTOMATIC,130000,11500,SA,2003
2023 Toyota Hilux,white,DIESEL,TOYOTA,HILUX,AUTOMATIC,22580,66000,VIC,2023
2014 Mitsubishi Lancer,grey,PETROL,MITSUBISHI,LANCER,AUTOMATIC,167000,9999,WA,2014
2012 Ford Ranger,black,DIESEL,FORD,RANGER,MANUAL,390000,13000,NSW,2012
"2002 Toyota landcruiser fzj105r gxl wagon 2st 5dr auto 4sp, 4x4 4.5i",white,PETROL,TOYOTA,LANDCRUISER,AUTOMATIC,359003,23990,QLD,2002
1999 Suzuki Grand Vitara,silver,PETROL,SUZUKI,GRAND VITARA,AUTOMATIC,274000,5200,QLD,1999
2003 Toyota Toyota Mark II,white,PETROL,TOYOTA,TOYOTA MARK II,AUTOMATIC,150000,16500,QLD,2003
2011 Mercedes-Benz 300 CE,white,PETROL,MERCEDES-BENZ,300 CE,AUTOMATIC,14600,13300,QLD,2011
2007 Subaru Impreza,silver,PETROL,SUBARU,IMPREZA,AUTOMATIC,206000,6500,QLD,2007
"2021 Kia Sorento GT-Line, 2WD with a 3.5L V6 engine, 8-speed",blue,PETROL,KIA,SORENTO,AUTOMATIC,60000,49500,QLD,2021
2019 Great Wall STEED,black,PETROL,GWM,STEED,MANUAL,157569,12999,QLD,2019
2006 Nissan Patrol,gold,DIESEL,NISSAN,PATROL,MANUAL,385900,9500,QLD,2006
2012 Toyota Hilux,white,DIESEL,TOYOTA,HILUX,MANUAL,426000,10000,QLD,2012
2002 Jeep Grand Cherokee,black,PETROL,JEEP,GRAND CHEROKEE,AUTOMATIC,219000,3300,QLD,2002
2007 BMW X3,grey,PETROL,BMW,X3,AUTOMATIC,200000,2999,SA,2007
2005 Toyota Landcruiser Prado,black,DIESEL,TOYOTA,LANDCRUISER,AUTOMATIC,274000,20000,QLD,2005
2004 Toyota Corolla,silver,OTHER,TOYOTA,COROLLA,AUTOMATIC,239000,3499,NSW,2004
1968 Ford Falcon,green,PETROL,FORD,FALCON,AUTOMATIC,79464,65000,QLD,1968
2010 Nissan Elgrand e52,white,PETROL,NISSAN,ELGRAND,AUTOMATIC,168425,16500,QLD,2010
2010 Nissan Navara,grey,DIESEL,NISSAN,NAVARA,MANUAL,220000,10000,QLD,2010
2003 Holden Commodore,white,PETROL,HOLDEN,COMMODORE,MANUAL,300,123456,QLD,2003
2018 Toyota Hilux,grey,DIESEL,TOYOTA,HILUX,MANUAL,154000,55000,NSW,2018
2004 Holden Calais,black,OTHER,HOLDEN,CALAIS,AUTOMATIC,12345,12345,QLD,2004
2016 Toyota Camry,silver,HYBRID,TOYOTA,CAMRY,AUTOMATIC,329000,9499,NSW,2016
2022 Toyota Alphard,black,HYBRID,TOYOTA,ALPHARD,AUTOMATIC,49000,47888,NSW,2022
2009 Volkswagen Golf,red,PETROL,VOLKSWAGEN,GOLF,AUTOMATIC,125000,8500,NSW,2009
2023 Toyota Kluger grande,charcoal,PETROL,TOYOTA,KLUGER,AUTOMATIC,55000,60000,NSW,2023
2019 Toyota Hilux,white,PETROL,TOYOTA,HILUX,MANUAL,61000,16000,NSW,2019
2016 Porsche Macan,black,DIESEL,PORSCHE,MACAN,AUTOMATIC,90000,52500,NSW,2016
2015 Kia Cerato,white,PETROL,KIA,CERATO,AUTOMATIC,124000,8500,NSW,2015
2014 Subaru Forester,white,PETROL,SUBARU,FORESTER,AUTOMATIC,169000,14000,NSW,2014
2011 Honda Odyssey,black,PETROL,HONDA,ODYSSEY,AUTOMATIC,112000,9999,NSW,2011
2013 Lexus IS250 F Sport 2.5L 6sp Auto,blue,PETROL,LEXUS,IS,AUTOMATIC,136260,24990,WA,2013
2018 Isuzu D-Max,white,DIESEL,ISUZU,MU-X,AUTOMATIC,279900,14500,NSW,2018
2013 Mercedes-Benz c-class,white,PETROL,MERCEDES-BENZ,C-CLASS,AUTOMATIC,250000,12000,NSW,2013
2009 Audi Q5,silver,DIESEL,AUDI,Q5,AUTOMATIC,276306,7500,NSW,2009
2014 Ford Ranger XLT PX 4x4,gold,DIESEL,FORD,RANGER,AUTOMATIC,282088,17488,WA,2014
2009 Ford Territory,white,PETROL,FORD,TERRITORY,AUTOMATIC,182000,2500,WA,2009
2013 BMW X5,grey,DIESEL,BMW,X5,AUTOMATIC,132000,19400,WA,2013
2005 Nissan Pathfinder,white,PETROL,NISSAN,PATHFINDER,AUTOMATIC,350000,7000,WA,2005
2011 Volkswagen Tiguan,blue,PETROL,VOLKSWAGEN,TIGUAN,AUTOMATIC,286770,5000,WA,2011
2003 Nissan Nissan Skyline GT-R,white,PETROL,NISSAN,GT-R,AUTOMATIC,125130,12900,WA,2003
2011 Volkswagen Tiguan,grey,DIESEL,VOLKSWAGEN,TIGUAN,AUTOMATIC,269000,6000,WA,2011
2018 Toyota Kluger,white,PETROL,TOYOTA,KLUGER,AUTOMATIC,39831,35989,WA,2018
1999 Honda Civic,silver,PETROL,HONDA,CIVIC,MANUAL,219000,9000,WA,1999
2014 Holden Holden Colorado,white,DIESEL,HOLDEN,COLORADO,MANUAL,140000,15000,WA,2014
2015 Honda Grace Hybrid,black,HYBRID,HONDA,E,AUTOMATIC,86000,17000,WA,2015
2010 Ford Ranger,white,DIESEL,FORD,RANGER,AUTOMATIC,17000,13975,WA,2010
2004 BMW X5,grey,DIESEL,BMW,X5,AUTOMATIC,299000,8000,WA,2004
2008 Mitsubishi Outlander,blue,PETROL,MITSUBISHI,OUTLANDER,AUTOMATIC,255000,3500,VIC,2008
2006 Toyota Hiace,white,PETROL,TOYOTA,HIACE,MANUAL,230000,13500,VIC,2006
2023 Kia Rio S,blue,PETROL,KIA,RIO,AUTOMATIC,68188,19990,VIC,2023
2014 Holden cruze series z,white,PETROL,HOLDEN,CRUZE,MANUAL,164000,4999,WA,2014
2013 Toyota kruger,grey,PETROL,TOYOTA,KRUGER,AUTOMATIC,320000,8500,VIC,2013
2010 Ford Ranger,white,DIESEL,FORD,RANGER,MANUAL,140000,13400,VIC,2010
2008 Toyota Hilux,white,DIESEL,TOYOTA,HILUX,MANUAL,285000,15000,VIC,2008
2004 Nissan Patrol,burgundy,DIESEL,NISSAN,PATROL,AUTOMATIC,268914,13000,WA,2004
2006 Kia Rio,silver,PETROL,KIA,RIO,MANUAL,223784,3100,VIC,2006
2018 Renault Koleos,white,PETROL,RENAULT,KOLEOS,AUTOMATIC,140000,17999,VIC,2018
2015 Volkswagen Golf,white,OTHER,VOLKSWAGEN,GOLF,AUTOMATIC,110000,13000,VIC,2015
2011 Suzuki Kizashi,black,PETROL,SUZUKI,KIZASHI,AUTOMATIC,118000,9000,VIC,2011
2001 Toyota Corolla,grey,PETROL,TOYOTA,COROLLA,AUTOMATIC,270000,2500,VIC,2001
2013 BMW X3,silver,DIESEL,BMW,X3,AUTOMATIC,140000,10000,VIC,2013
2000 Mercedes-Benz E240 E-Class Elegance W210,white,OTHER,MERCEDES-BENZ,E-CLASS,AUTOMATIC,199500,7250,VIC,2000
2010 Subaru Forester,silver,PETROL,SUBARU,FORESTER,AUTOMATIC,199999,7300,SA,2010
2003 BMW 325CI,blue,PETROL,BMW,SERIES 3,AUTOMATIC,177000,8199,VIC,2003
2003 Toyota Camry,gold,PETROL,TOYOTA,CAMRY,AUTOMATIC,210000,4000,SA,2003
2017 BMW x4 xdrive20d coupe,silver,DIESEL,BMW,X4,AUTOMATIC,105135,23290,SA,2017
2022 Toyota Corolla Hybrid,silver,HYBRID,TOYOTA,COROLLA,AUTOMATIC,6000,26990,SA,2022
1980 Holden commodore vc l carb automatic sedan,blue,PETROL,HOLDEN,COMMODORE,AUTOMATIC,346199,13990,SA,1980
2012 Ford Ranger 2.5 Petrol,grey,PETROL,FORD,RANGER,AUTOMATIC,205777,10500,SA,2012
2014 Hyundai Accent,silver,PETROL,HYUNDAI,ACCENT,AUTOMATIC,15739,12500,SA,2014
2017 Ford Transit custom,white,DIESEL,FORD,TRANSIT CUSTOM,AUTOMATIC,340000,15000,SA,2017
2016 Mitsubishi mq triton gls,blue,DIESEL,MITSUBISHI,TRITON,MANUAL,205000,18000,SA,2016
2012 Subaru Forester,white,DIESEL,SUBARU,FORESTER,MANUAL,196200,8500,SA,2012
2011 Mitsubishi Outlander,white,PETROL,MITSUBISHI,OUTLANDER,AUTOMATIC,319000,5450,SA,2011
2009 Ford Falcon,silver,PETROL,FORD,FALCON,AUTOMATIC,281000,5000,SA,2009
2018 BMW 5 series 520i luxury line g30,blue,PETROL,BMW,5 SERIES,AUTOMATIC,117131,29888,WA,2018
2012 Honda JAZZ VIBE-S ,red,PETROL,HONDA,JAZZ,AUTOMATIC,142600,9990,WA,2012
2003 Toyota Echo,grey,PETROL,TOYOTA,ECHO,AUTOMATIC,165000,4300,SA,2003
2020 Suzuki  SWIFT GL NAVIGATOR ,blue,PETROL,SUZUKI,SWIFT,AUTOMATIC,45860,15490,WA,2020
2020 Kia  SELTOS SPORT (2WD),white,PETROL,KIA,SELTOS,AUTOMATIC,29694,21490,WA,2020
2013 Ford Territory,gold,OTHER,FORD,TERRITORY,AUTOMATIC,232000,7999,WA,2013
2004 Toyota Corolla,blue,OTHER,TOYOTA,COROLLA,MANUAL,252000,3200,WA,2004
2015 Holden cruze sti,black,PETROL,HOLDEN,CRUZE,MANUAL,161659,7000,VIC,2015
2013 Holden Captiva,silver,DIESEL,HOLDEN,CAPTIVA,AUTOMATIC,218000,3000,NSW,2013
2005 Mitsubishi lancer evolution 9 wagon evo,purple,OTHER,MITSUBISHI,LANCER,MANUAL,122000,46500,NSW,2005
2021 Ford ranger xl hi-rider,white,DIESEL,FORD,RANGER,AUTOMATIC,150771,23999,NSW,2021
2015 Hyundai Veloster,red,PETROL,HYUNDAI,VELOSTER,MANUAL,107166,10990,QLD,2015
2001 Toyota Landcruiser Prado,gold,PETROL,TOYOTA,LANDCRUISER,AUTOMATIC,410000,8500,QLD,2001
2005 Toyota Landcruiser Prado,white,PETROL,TOYOTA,LANDCRUISER,AUTOMATIC,345000,14000,QLD,2005
2014 Nissan Pathfinder,silver,PETROL,NISSAN,PATHFINDER,AUTOMATIC,137000,4000,QLD,2014
2019 Holden colorado ls-x 4x4 rg my20,red,DIESEL,HOLDEN,COLORADO,AUTOMATIC,111854,32999,QLD,2019
2014 Nissan navara st-r 2.5l cr,white,DIESEL,NISSAN,NAVARA,MANUAL,170600,16999,QLD,2014
2022 Mazda CX-3,white,PETROL,MAZDA,CX-3,AUTOMATIC,43000,23800,NSW,2022
2009 Mitsubishi triton glx dual cab 2.5 litre diesel,silver,DIESEL,MITSUBISHI,TRITON,AUTOMATIC,156000,11299,QLD,2009
2016 Volkswagen TIGUAN 140TDI R-LINE 4MOTION MY17 FACELIFT 3 YEARS WARRANTY,white,DIESEL,VOLKSWAGEN,TIGUAN,AUTOMATIC,133000,23500,QLD,2016
2005 Nissan Navara,black,DIESEL,NISSAN,NAVARA,MANUAL,127835,123456,QLD,2005
1985 Holden Commodore,green,PETROL,HOLDEN,COMMODORE,AUTOMATIC,12345,16000,NSW,1985
2007 Nissan Navara,white,OTHER,NISSAN,NAVARA,AUTOMATIC,196330,11000,QLD,2007
2025 BMW X3,white,OTHER,BMW,X3,AUTOMATIC,10000,76900,NSW,2025
2015 Toyota Corolla,blue,HYBRID,TOYOTA,COROLLA,AUTOMATIC,160000,14000,NSW,2015
2011 Subaru Forester,silver,OTHER,SUBARU,FORESTER,MANUAL,157000,7999,QLD,2011
2018 Volkswagen Tiguan 132TSI Allspace!,grey,PETROL,VOLKSWAGEN,TIGUAN,AUTOMATIC,176651,16999,QLD,2018
2006 Honda Civic,red,PETROL,HONDA,CIVIC,MANUAL,243000,4000,QLD,2006
2007 Mercedes-Benz Mercedes-Benz ML500,silver,PETROL,MERCEDES-BENZ,MERCEDES-BENZ ML500,AUTOMATIC,141000,16500,NSW,2007
2005 Suzuki Jimny,blue,PETROL,SUZUKI,JIMNY,MANUAL,75000,14500,QLD,2005
2014 Audi A3,silver,PETROL,AUDI,A3,AUTOMATIC,94500,19500,NSW,2014
2013 Hyundai Veloster SR Turbo,grey,PETROL,HYUNDAI,VELOSTER,MANUAL,229000,8880,NSW,2013
2002 Toyota Corolla,blue,OTHER,TOYOTA,COROLLA,MANUAL,237000,3000,NSW,2002
1990 Nissan Nissan 180SX,black,PETROL,NISSAN,NISSAN 180SX,MANUAL,1000,90000,VIC,1990
2009 Holden Barina,silver,PETROL,HOLDEN,BARINA,MANUAL,120000,3500,NSW,2009
2020 Ford Ranger XL PX MkIII 2.2 Auto 4WD Dual Cab,white,DIESEL,FORD,RANGER,AUTOMATIC,212175,21999,VIC,2020
2005 Mercedes-Benz C240,silver,PETROL,MERCEDES-BENZ,C-CLASS,AUTOMATIC,260000,5499,VIC,2005
2006 Toyota Yaris,grey,PETROL,TOYOTA,YARIS,MANUAL,131000,6000,VIC,2006
2008 Nissan Navara,green,DIESEL,NISSAN,NAVARA,MANUAL,292000,6000,VIC,2008
2009 Toyota RAV4,blue,PETROL,TOYOTA,RAV4,AUTOMATIC,11111,11111,VIC,2009
2000 Toyota RAV4,red,PETROL,TOYOTA,RAV4,AUTOMATIC,250000,3500,VIC,2000
2010 Volvo XC60,white,DIESEL,VOLVO,XC60,AUTOMATIC,345100,3499,VIC,2010
2014 Volkswagen Passat,silver,OTHER,VOLKSWAGEN,PASSAT,AUTOMATIC,170000,9500,VIC,2014
2002 Toyota Hiace,white,PETROL,TOYOTA,HIACE,AUTOMATIC,305000,18000,VIC,2002
2018 Toyota Landcruiser,black,DIESEL,TOYOTA,LANDCRUISER,MANUAL,210000,114999,VIC,2018
2013 Nissan pulsar asst,brown,PETROL,NISSAN,PULSAR,AUTOMATIC,226600,4500,VIC,2013
2015 BMW  X4 Xdrive 35I F26 My15,black,PETROL,BMW,X4,AUTOMATIC,140889,25990,VIC,2015
2015 Ford Ranger,grey,DIESEL,FORD,RANGER,AUTOMATIC,280000,19800,VIC,2015
2022 Toyota Corolla,white,HYBRID,TOYOTA,COROLLA,AUTOMATIC,120000,25000,VIC,2022
2002 Honda Civic,blue,PETROL,HONDA,CIVIC,AUTOMATIC,312594,2600,VIC,2002
2012 Toyota Hiace,silver,PETROL,TOYOTA,HIACE,AUTOMATIC,72800,25990,VIC,2012
2015 BMW series 3,grey,PETROL,BMW,SERIES 3,AUTOMATIC,120000,22000,VIC,2015
2011 Subaru Impreza,blue,PETROL,SUBARU,IMPREZA,MANUAL,204000,6999,SA,2011
2013 Subaru Legacy Touring Wagon 2.0GT DIT ,silver,PETROL,SUBARU,LEGACY TOURING WAGON 2.0GT DIT,AUTOMATIC,67750,21990,SA,2013
1996 Mercedes-Benz 500 SL,silver,PETROL,MERCEDES-BENZ,SL,AUTOMATIC,234000,15000,WA,1996
2007 Subaru Outback,blue,PETROL,SUBARU,OUTBACK,AUTOMATIC,226000,4000,WA,2007
2014 Ford Focus,blue,PETROL,FORD,FOCUS,MANUAL,89000,10000,SA,2014
2018 Toyota Hilux Utility Workmate TGN121R,white,PETROL,TOYOTA,HILUX,AUTOMATIC,87233,26977,SA,2018
1985 Holden Commodore,white,PETROL,HOLDEN,COMMODORE,MANUAL,200000,25000,WA,1985
2006 Mitsubishi Lancer,silver,PETROL,MITSUBISHI,LANCER,MANUAL,273000,2500,WA,2006
2008 Volkswagen Caddy,white,PETROL,VOLKSWAGEN,CADDY,MANUAL,269949,7000,WA,2008
2000 Mitsubishi pajero glx,green,PETROL,MITSUBISHI,PAJERO,MANUAL,400000,4500,WA,2000
2004 Mitsubishi Mitsubishi Express,white,PETROL,MITSUBISHI,EXPRESS,MANUAL,255800,4500,WA,2004
2005 HSV Club Sport,blue,PETROL,HSV,CLUB SPORT,MANUAL,130000,37000,WA,2005
2015 Hyundai Accent,white,PETROL,HYUNDAI,ACCENT,MANUAL,240000,7000,VIC,2015
2013 Land Rover Range Rover,red,OTHER,LAND-ROVER,RANGE ROVER,AUTOMATIC,180000,24999,WA,2013
2014 BMW 320i,blue,PETROL,BMW,SERIES 3,AUTOMATIC,122189,17490,VIC,2014
2012 Hyundai sedan,white,OTHER,HYUNDAI,SEDAN,MANUAL,200000,4000,VIC,2012
2015 Hyundai Ix35,red,PETROL,HYUNDAI,IX35,AUTOMATIC,142668,12699,VIC,2015
2009 Honda CR-V,silver,PETROL,HONDA,CR-V,AUTOMATIC,177000,6850,VIC,2009
2022 Hyundai i30,grey,PETROL,HYUNDAI,I30,AUTOMATIC,50500,40000,SA,2022
2014 Toyota CROWN HYBRID ,silver,HYBRID,TOYOTA,CROWN,AUTOMATIC,127632,22990,QLD,2014
1996 Toyota Landcruiser Prado 78 *1KZTE*,green,DIESEL,TOYOTA,LANDCRUISER,AUTOMATIC,258088,36998,VIC,1996
2015 Ford Ranger,white,DIESEL,FORD,RANGER,MANUAL,149000,26990,VIC,2015
2018 Toyota Hiace 4WD *GL Spec + Low kms*,white,DIESEL,TOYOTA,HIACE,AUTOMATIC,140128,33998,VIC,2018
2014 Holden Captiva,white,PETROL,HOLDEN,CAPTIVA,AUTOMATIC,208767,2700,VIC,2014
2017 Holden Astra,grey,OTHER,HOLDEN,ASTRA,AUTOMATIC,12345,12345,VIC,2017
2008 Kia Rio,red,OTHER,KIA,RIO,MANUAL,155000,4500,VIC,2008
2014 Toyota Camry,white,PETROL,TOYOTA,CAMRY,AUTOMATIC,245000,11500,VIC,2014
2010 Volkswagen Golf,white,PETROL,VOLKSWAGEN,GOLF,AUTOMATIC,210000,9000,VIC,2010
2013 Mazda CX-5 GRAND TOURING KE SERIES,red,DIESEL,MAZDA,CX-5,AUTOMATIC,210000,11999,SA,2013
1998 Toyota Camry,green,PETROL,TOYOTA,CAMRY,AUTOMATIC,183941,2800,WA,1998
2017 Hyundai I30 ACTIVE AUTO HATCHBACK MY17,white,PETROL,HYUNDAI,I30,AUTOMATIC,149000,15999,SA,2017
"2016 Audi A1 Sport 8X 🔥 154,216kms",white,PETROL,AUDI,A1,AUTOMATIC,154216,12999,NSW,2016
2004 Toyota Camry,silver,DIESEL,TOYOTA,CAMRY,AUTOMATIC,310,3800,SA,2004
2020 BMW m2 competition,blue,PETROL,BMW,M2,AUTOMATIC,43000,57500,QLD,2020
2003 Toyota Hilux,white,PETROL,TOYOTA,HILUX,MANUAL,249122,10000,SA,2003
2011 Toyota kluger,blue,PETROL,TOYOTA,KLUGER,AUTOMATIC,136000,23500,NSW,2011
2006 Toyota Hiace,white,PETROL,TOYOTA,HIACE,AUTOMATIC,123456,18500,VIC,2006
2016 Holden Commodore,red,PETROL,HOLDEN,COMMODORE,AUTOMATIC,150000,7000,VIC,2016
2022 Hyundai i30,grey,PETROL,HYUNDAI,I30,AUTOMATIC,35000,39900,VIC,2022
2004 Honda Accord,silver,OTHER,HONDA,ACCORD,AUTOMATIC,217000,4500,VIC,2004
2010 Volkswagen Golf,black,PETROL,VOLKSWAGEN,GOLF,MANUAL,226695,3000,VIC,2010
2020 Toyota Hiace Commuter SLWB Wheelchair ♿,white,DIESEL,TOYOTA,HIACE,AUTOMATIC,18000,69999,VIC,2020
2011 Volkswagen Golf,grey,PETROL,VOLKSWAGEN,GOLF,AUTOMATIC,193800,6200,VIC,2011
2011 Mitsubishi ASX,white,PETROL,MITSUBISHI,ASX,AUTOMATIC,200000,7800,VIC,2011
2019 Audi A4,grey,PETROL,AUDI,A4,AUTOMATIC,66400,12345,VIC,2019
2018 Toyota Camry,red,PETROL,TOYOTA,CAMRY,AUTOMATIC,165000,18200,VIC,2018
2010 Toyota CROWN,white,PETROL,TOYOTA,CROWN,AUTOMATIC,94965,15600,VIC,2010
2012 Toyota Hilux,silver,DIESEL,TOYOTA,HILUX,MANUAL,201500,24500,VIC,2012
2022 Hyundai i30,white,PETROL,HYUNDAI,I30,AUTOMATIC,33457,39999,VIC,2022
2009 Ford Falcon,black,PETROL,FORD,FALCON,MANUAL,240000,9500,VIC,2009
2009 FIAT Ducato,white,DIESEL,FIAT,DUCATO,AUTOMATIC,63633,69500,VIC,2009
2021 Kia Rio,white,PETROL,KIA,RIO,AUTOMATIC,478,15500,VIC,2021
2012 Hyundai i45,silver,PETROL,HYUNDAI,I45,AUTOMATIC,214000,7500,VIC,2012
2016 Mazda BT-50,white,DIESEL,MAZDA,BT-50,AUTOMATIC,87500,30000,VIC,2016
2020 Toyota rav4 gxl,blue,PETROL,TOYOTA,RAV4,AUTOMATIC,70762,33990,SA,2020
2021 Ford Ranger,black,DIESEL,FORD,RANGER,AUTOMATIC,55000,42000,SA,2021
2010 Holden Holden Colorado,white,PETROL,HOLDEN,COLORADO,MANUAL,195000,8500,SA,2010
2007 Toyota Kluger,grey,PETROL,TOYOTA,KLUGER,AUTOMATIC,23400,8999,SA,2007
2014 Ford Focus,black,PETROL,FORD,FOCUS,MANUAL,134000,9990,SA,2014
2004 Toyota Corolla,black,OTHER,TOYOTA,COROLLA,AUTOMATIC,240000,4000,SA,2004
1970 Chrysler Valiant,white,OTHER,CHRYSLER,VALIANT,AUTOMATIC,177777,43000,SA,1970
2019 Jeep jl wrangler sport s,red,PETROL,JEEP,WRANGLER,AUTOMATIC,135000,32500,SA,2019
2004 Holden Ute,white,PETROL,HOLDEN,UTE,AUTOMATIC,220000,25000,SA,2004
2024 MG ZS,white,PETROL,MG,ZS,AUTOMATIC,2876,17300,SA,2024
2023 Subaru Outback,grey,PETROL,SUBARU,OUTBACK,AUTOMATIC,28000,30000,SA,2023
2010 Holden Commodore,silver,OTHER,HOLDEN,COMMODORE,AUTOMATIC,253000,13500,SA,2010
2019 Ford Ranger,white,DIESEL,FORD,RANGER,AUTOMATIC,151000,25900,SA,2019
2019 Mercedes-Benz c class c200,black,PETROL,MERCEDES-BENZ,CLA,AUTOMATIC,35353,42500,SA,2019
1989 Toyota Hiace,yellow,DIESEL,TOYOTA,HIACE,MANUAL,370000,4000,QLD,1989
2017 Mitsubishi Pajero Sport,grey,DIESEL,MITSUBISHI,PAJERO SPORT,AUTOMATIC,126000,32000,QLD,2017
2015 Hyundai Ix35,red,PETROL,HYUNDAI,IX35,AUTOMATIC,188500,7800,QLD,2015
2010 Ford Falcon,silver,PETROL,FORD,FALCON,AUTOMATIC,167000,2700,QLD,2010
2019 MG ZS,black,PETROL,MG,ZS,AUTOMATIC,71000,12000,QLD,2019
2019 Honda Jazz,blue,PETROL,HONDA,JAZZ,AUTOMATIC,66009,15000,QLD,2019
2017 Audi A3,red,PETROL,AUDI,A3,AUTOMATIC,195812,5000,QLD,2017
2014 Ford Falcon,white,PETROL,FORD,FALCON,AUTOMATIC,215000,10000,NSW,2014
2017 Great Wall Steed ,white,DIESEL,GWM,STEED,MANUAL,110000,14000,QLD,2017
2022 Audi Q7,grey,OTHER,AUDI,Q7,AUTOMATIC,79000,77000,NSW,2022
2015 Land Rover Range Rover Sport,white,DIESEL,LAND-ROVER,RANGE ROVER SPORT,AUTOMATIC,150000,5000,NSW,2015
2024 Volkswagen Amarok,white,DIESEL,VOLKSWAGEN,AMAROK,AUTOMATIC,38000,65000,NSW,2024
2014 Toyota Camry,white,HYBRID,TOYOTA,CAMRY,AUTOMATIC,424622,6000,NSW,2014
2003 Mitsubishi Lancer,white,PETROL,MITSUBISHI,LANCER,MANUAL,142000,70000,NSW,2003
2010 Volkswagen Tiguan,white,PETROL,VOLKSWAGEN,TIGUAN,MANUAL,155000,7500,NSW,2010
2020 Volkswagen Amarok,silver,DIESEL,VOLKSWAGEN,AMAROK,AUTOMATIC,230000,30000,NSW,2020
2017 Ford Mustang,silver,PETROL,FORD,MUSTANG,AUTOMATIC,46000,41500,NSW,2017
2022 Hyundai i30,black,PETROL,HYUNDAI,I30,AUTOMATIC,51000,30000,NSW,2022
2024 Audi RS3,grey,PETROL,AUDI,RS3,AUTOMATIC,13763,97889,NSW,2024
1994 Land Rover Defender,white,DIESEL,LAND-ROVER,DEFENDER,MANUAL,285000,16500,QLD,1994
1984 Toyota Supra,black,PETROL,TOYOTA,SUPRA,AUTOMATIC,200000,3700,NSW,1984
2017 Audi Q7,grey,DIESEL,AUDI,Q7,AUTOMATIC,180000,25000,NSW,2017
2019 Hyundai Tucson,black,PETROL,HYUNDAI,TUCSON,AUTOMATIC,85000,21990,NSW,2019
2006 Toyota Yaris,grey,PETROL,TOYOTA,YARIS,AUTOMATIC,180000,5500,NSW,2006
2017 Isuzu D-Max,white,DIESEL,ISUZU,D-MAX,MANUAL,183000,17000,WA,2017
2006 BMW Z4,black,PETROL,BMW,Z4,AUTOMATIC,127300,17990,NSW,2006
2010 Honda Accord,black,PETROL,HONDA,ACCORD,AUTOMATIC,191000,7800,NSW,2010
2008 Holden Rodeo,white,DIESEL,HOLDEN,RODEO,MANUAL,320000,3500,SA,2008
2019 Toyota hilux,white,PETROL,TOYOTA,HILUX,AUTOMATIC,66000,29000,NSW,2019
2004 Holden Commodore,red,PETROL,HOLDEN,COMMODORE,AUTOMATIC,276000,9900,VIC,2004
2008 Kia Cerato,beige,PETROL,KIA,CERATO,AUTOMATIC,184000,3000,NSW,2008
2011 Ford Territory TX,white,DIESEL,FORD,TERRITORY,AUTOMATIC,168661,9990,WA,2011
2000 Holden Rodeo,white,DIESEL,HOLDEN,RODEO,MANUAL,350000,3500,QLD,2000
2009 Subaru WRX,black,OTHER,SUBARU,WRX,MANUAL,295000,2750,WA,2009
2011 Holden Commodore,grey,PETROL,HOLDEN,COMMODORE,AUTOMATIC,153000,10500,WA,2011
2007 Toyota Aurion,silver,PETROL,TOYOTA,AURION,AUTOMATIC,148900,8000,WA,2007
2013 Ford Kuga,grey,PETROL,FORD,KUGA,AUTOMATIC,202100,7800,WA,2013
2017 Toyota Corolla,white,HYBRID,TOYOTA,COROLLA,AUTOMATIC,140000,18500,WA,2017
2014 Hyundai Elantra,silver,PETROL,HYUNDAI,ELANTRA,AUTOMATIC,238000,7400,WA,2014
2008 Jeep Wrangler Unlimited,black,PETROL,JEEP,WRANGLER,AUTOMATIC,270900,6500,WA,2008
2014 Ford Ranger,white,DIESEL,FORD,RANGER,AUTOMATIC,260000,17990,WA,2014
2004 Mercedes-Benz Clk240,black,PETROL,MERCEDES-BENZ,CLA,AUTOMATIC,130000,3000,WA,2004
2018 Toyota Camry,black,PETROL,TOYOTA,CAMRY,AUTOMATIC,104185,24000,WA,2018
2019 Volkswagen Polo,brown,PETROL,VOLKSWAGEN,POLO,AUTOMATIC,196000,7500,WA,2019
2017 Honda CR-V,white,PETROL,HONDA,CR-V,AUTOMATIC,147000,19999,WA,2017
2006 Toyota Hilux,black,PETROL,TOYOTA,HILUX,MANUAL,350000,23000,WA,2006
2014 Honda CR-V,grey,PETROL,HONDA,CR-V,AUTOMATIC,184785,11000,WA,2014
2006 Hyundai Getz,red,OTHER,HYUNDAI,GETZ,AUTOMATIC,114865,3850,QLD,2006
2008 Holden Commodore,red,PETROL,HOLDEN,COMMODORE,AUTOMATIC,300000,10000,QLD,2008
2019 Ford Ranger,white,DIESEL,FORD,RANGER,AUTOMATIC,150000,34000,QLD,2019
2020 Volkswagen Polo,blue,PETROL,VOLKSWAGEN,POLO,AUTOMATIC,75000,15990,QLD,2020
2015 Mercedes-Benz c-class,silver,PETROL,MERCEDES-BENZ,C-CLASS,AUTOMATIC,139250,18500,QLD,2015
2013 Toyota Camry,blue,PETROL,TOYOTA,CAMRY,AUTOMATIC,207000,7500,QLD,2013
2021 Audi Q3,black,PETROL,AUDI,Q3,AUTOMATIC,87500,36995,QLD,2021
1988 Holden Calais,purple,PETROL,HOLDEN,CALAIS,AUTOMATIC,190000,65000,QLD,1988
2000 Mazda Bravo ,burgundy,PETROL,MAZDA,BRAVO,MANUAL,255000,4500,QLD,2000
2006 Ford Focus,blue,PETROL,FORD,FOCUS,AUTOMATIC,224058,3200,QLD,2006
2024 Mitsubishi ASX,red,PETROL,MITSUBISHI,ASX,AUTOMATIC,4000,29999,SA,2024
2014 Toyota Camry,white,PETROL,TOYOTA,CAMRY,AUTOMATIC,196000,10800,QLD,2014
2017 Honda Civic,grey,PETROL,HONDA,CIVIC,AUTOMATIC,124000,17500,QLD,2017
2016 Holden Holden Colorado,blue,DIESEL,HOLDEN,COLORADO,AUTOMATIC,175000,20000,SA,2016
2014 Volkswagen Passat,silver,DIESEL,VOLKSWAGEN,PASSAT,AUTOMATIC,106000,13000,SA,2014
1989 Ford Maverick,red,PETROL,FORD,MAVERICK,MANUAL,304000,12345,QLD,1989
2013 Mitsubishi ASX,silver,DIESEL,MITSUBISHI,ASX,MANUAL,192000,8500,SA,2013
2011 Audi Q5,grey,PETROL,AUDI,Q5,AUTOMATIC,132058,10990,SA,2011
1998 Toyota Landcruiser,white,DIESEL,TOYOTA,LANDCRUISER,MANUAL,405000,24000,SA,1998
2015 Suzuki Swift,grey,PETROL,SUZUKI,SWIFT,MANUAL,204733,6500,QLD,2015
2012 Ford Focus,blue,PETROL,FORD,FOCUS,AUTOMATIC,138400,7500,SA,2012
2017 Toyota Camry,black,PETROL,TOYOTA,CAMRY,AUTOMATIC,79000,18000,SA,2017
2017 Nissan Navara,white,DIESEL,NISSAN,NAVARA,MANUAL,159000,15500,SA,2017
2008 Toyota Kluger,black,PETROL,TOYOTA,KLUGER,AUTOMATIC,250000,11000,SA,2008
2009 Holden Commodore,blue,OTHER,HOLDEN,COMMODORE,AUTOMATIC,197000,2700,SA,2009
2010 Volvo XC60,black,PETROL,VOLVO,XC60,AUTOMATIC,147000,8500,SA,2010
1992 Ford F-250,white,PETROL,FORD,F-250,AUTOMATIC,323000,20000,SA,1992
2015 FIAT 500X,white,PETROL,FIAT,500X,MANUAL,131000,10490,SA,2015
2005 Nissan Pulsar,black,PETROL,NISSAN,PULSAR,AUTOMATIC,206000,3200,SA,2005
2011 Volkswagen Mk6 Golf R,white,OTHER,VOLKSWAGEN,GOLF,AUTOMATIC,187000,14999,VIC,2011
2008 Holden Commodore,silver,PETROL,HOLDEN,COMMODORE,AUTOMATIC,242000,4500,VIC,2008
2007 Audi Q7,white,DIESEL,AUDI,Q7,AUTOMATIC,141000,7500,VIC,2007
2015 Volkswagen Golf,red,OTHER,VOLKSWAGEN,GOLF,AUTOMATIC,89000,20000,VIC,2015
2016 Nissan Navara,red,DIESEL,NISSAN,NAVARA,MANUAL,240000,15000,VIC,2016
2025 Toyota RAV4,grey,HYBRID,TOYOTA,RAV4,AUTOMATIC,10000,59000,VIC,2025
2012 Hyundai Ix35,red,PETROL,HYUNDAI,IX35,AUTOMATIC,238000,8500,SA,2012
2022 Jeep gladiator,grey,PETROL,JEEP,GLADIATOR,AUTOMATIC,83000,55000,VIC,2022
2017 Holden Astra,grey,OTHER,HOLDEN,ASTRA,AUTOMATIC,109000,13500,VIC,2017
2009 BMW 320i ,black,OTHER,BMW,SERIES 3,AUTOMATIC,150000,10000,VIC,2009
2015 Holden Commodore,white,PETROL,HOLDEN,COMMODORE,AUTOMATIC,24500,12000,VIC,2015
1987 Mercedes-Benz 190 E,white,PETROL,MERCEDES-BENZ,190 E,AUTOMATIC,288000,5900,VIC,1987
2012 Ford Falcon,white,OTHER,FORD,FALCON,AUTOMATIC,252000,8500,VIC,2012
2016 Volkswagen Golf,blue,PETROL,VOLKSWAGEN,GOLF,AUTOMATIC,142000,22000,VIC,2016
2016 Holden trax,grey,OTHER,HOLDEN,TRAX,AUTOMATIC,130000,10000,NSW,2016
2010 Ford Territory,white,PETROL,FORD,TERRITORY,AUTOMATIC,240000,3000,VIC,2010
2010 Volkswagen Tiguan,black,PETROL,VOLKSWAGEN,TIGUAN,AUTOMATIC,185000,6850,VIC,2010
1995 Honda Civic,purple,OTHER,HONDA,CIVIC,MANUAL,170000,13800,NSW,1995
2015 Toyota Corolla,silver,OTHER,TOYOTA,COROLLA,AUTOMATIC,174621,13500,VIC,2015
2013 Ford Kuga,white,PETROL,FORD,KUGA,AUTOMATIC,153000,8500,NSW,2013
2013 Porsche Cayenne,black,DIESEL,PORSCHE,CAYENNE,AUTOMATIC,220000,22500,NSW,2013
2002 Toyota Landcruiser Prado,grey,PETROL,TOYOTA,LANDCRUISER,MANUAL,383000,12000,NSW,2002
2011 Lexus CT200H LUXURY,white,HYBRID,LEXUS,CT,AUTOMATIC,173131,15000,NSW,2011
2008 Audi A4,grey,DIESEL,AUDI,A4,AUTOMATIC,265080,3500,NSW,2008
2014 Dodge Journey,white,PETROL,DODGE,JOURNEY,AUTOMATIC,185000,7300,NSW,2014
2021 Toyota Landcruiser,black,DIESEL,TOYOTA,LANDCRUISER,AUTOMATIC,61034,124990,NSW,2021
2012 Hyundai Veloster,green,PETROL,HYUNDAI,VELOSTER,MANUAL,118000,8500,NSW,2012
2010 Kia Rio,grey,PETROL,KIA,RIO,AUTOMATIC,177174,4400,NSW,2010
2006 Holden Commodore,red,PETROL,HOLDEN,COMMODORE,AUTOMATIC,232000,9500,VIC,2006
2018 Mitsubishi ASX,white,PETROL,MITSUBISHI,ASX,AUTOMATIC,91000,18900,NSW,2018
2005 Hyundai Elantra,red,OTHER,HYUNDAI,ELANTRA,AUTOMATIC,114404,6999,NSW,2005
2011 Audi TT,white,PETROL,AUDI,TT,AUTOMATIC,117000,20000,NSW,2011
2016 Volkswagen Golf,white,PETROL,VOLKSWAGEN,GOLF,AUTOMATIC,93500,29500,WA,2016
2020 Mercedes-Benz Mercedes-Benz 230SL,white,PETROL,MERCEDES-BENZ,SL,AUTOMATIC,44000,45000,VIC,2020
2017 Mazda CX-9,grey,PETROL,MAZDA,CX-9,AUTOMATIC,103400,27500,WA,2017
2012 Isuzu FRD 500 TRUCK ABLE BUS CONVERSION 32 SEATS ,white,DIESEL,ISUZU,TRUCK,MANUAL,211000,39500,WA,2012
2005 Toyota Camry,black,PETROL,TOYOTA,CAMRY,AUTOMATIC,137000,6500,VIC,2005
2014 Toyota Corolla,silver,PETROL,TOYOTA,COROLLA,AUTOMATIC,229500,9999,WA,2014
2021 Jeep Cherokee,grey,PETROL,JEEP,CHEROKEE,AUTOMATIC,45500,31500,WA,2021
2017 Volkswagen Golf,yellow,PETROL,VOLKSWAGEN,GOLF,AUTOMATIC,150000,17200,QLD,2017
2007 Audi A4,grey,OTHER,AUDI,A4,AUTOMATIC,20000,3350,SA,2007
1984 Toyota Sprinter,white,PETROL,TOYOTA,SPRINTER,MANUAL,1000,65000,SA,1984
2007 Toyota yaris yrs auto,blue,PETROL,TOYOTA,YARIS,AUTOMATIC,217500,2800,NSW,2007
2018 Toyota Land cruiser Prado GXL,grey,DIESEL,TOYOTA,PRADO,AUTOMATIC,108661,49990,SA,2018
2015 Mercedes-Benz gle 350d,silver,DIESEL,MERCEDES-BENZ,GLE,AUTOMATIC,210000,27500,QLD,2015
2016 Volkswagen Polo,white,PETROL,VOLKSWAGEN,POLO,AUTOMATIC,86000,13000,NSW,2016
2018 Land Rover Range Rover Evoque,silver,DIESEL,LAND-ROVER,RANGE ROVER EVOQUE,AUTOMATIC,118000,27000,NSW,2018
2012 Subaru WRX Premium,blue,PETROL,SUBARU,WRX,MANUAL,194500,18500,NSW,2012
2012 Jeep Wrangler Unlimited,white,PETROL,JEEP,WRANGLER,AUTOMATIC,192188,25000,NSW,2012
2009 Holden Commodore,green,PETROL,HOLDEN,COMMODORE,AUTOMATIC,322000,4500,NSW,2009
1985 Chevrolet Corvette C4,red,PETROL,CHEVROLET,CORVETTE,MANUAL,128408,45000,NSW,1985
2015 Audi Q3,black,DIESEL,AUDI,Q3,AUTOMATIC,212000,9999,NSW,2015
2022 Subaru WRX,white,OTHER,SUBARU,WRX,AUTOMATIC,47200,49873,QLD,2022
2000 Subaru forester,blue,PETROL,SUBARU,FORESTER,AUTOMATIC,364000,2500,NSW,2000
2023 Jeep Grand Cherokee,white,PETROL,JEEP,GRAND CHEROKEE,AUTOMATIC,28000,55555,NSW,2023
2004 Holden Ute,silver,PETROL,HOLDEN,UTE,MANUAL,123456,12345,NSW,2004
2012 Mercedes-Benz cls-class,grey,PETROL,MERCEDES-BENZ,S-CLASS,AUTOMATIC,106000,23000,NSW,2012
2010 Honda Civic,black,PETROL,HONDA,CIVIC,MANUAL,262000,3000,VIC,2010
2007 Toyota Corolla,blue,PETROL,TOYOTA,COROLLA,MANUAL,241508,2500,NSW,2007
2013 Nissan X-Trail,white,PETROL,NISSAN,X-TRAIL,AUTOMATIC,226000,6500,NSW,2013
2016 Hyundai Veloster,grey,PETROL,HYUNDAI,VELOSTER,AUTOMATIC,89000,21500,NSW,2016
2012 Volkswagen Golf,black,PETROL,VOLKSWAGEN,GOLF,MANUAL,149000,7800,NSW,2012
2005 Hyundai Getz GL TB,silver,PETROL,HYUNDAI,GETZ,AUTOMATIC,93000,5995,SA,2005
2005 Mitsubishi Lancer,yellow,PETROL,MITSUBISHI,LANCER,MANUAL,187000,4500,SA,2005
2020 MINI Cooper,grey,PETROL,MINI,COOPER,MANUAL,16500,6500,SA,2020
2017 Hyundai Accent,black,PETROL,HYUNDAI,ACCENT,AUTOMATIC,160000,8200,NSW,2017
2010 Kia Rio,blue,OTHER,KIA,RIO,MANUAL,200000,2800,SA,2010
2008 Hyundai Getz,black,PETROL,HYUNDAI,GETZ,MANUAL,288932,3000,SA,2008
1995 Mazda rx7,red,PETROL,MAZDA,RX7,MANUAL,98600,125000,SA,1995
2016 Subaru Forester,charcoal,OTHER,SUBARU,FORESTER,AUTOMATIC,259600,12750,SA,2016
2014 Toyota Hiace,white,OTHER,TOYOTA,HIACE,AUTOMATIC,350000,20500,SA,2014
2006 Honda Civic,grey,PETROL,HONDA,CIVIC,MANUAL,187000,3300,SA,2006
2005 Holden Calais,black,PETROL,HOLDEN,CALAIS,AUTOMATIC,102335,3500,SA,2005
2006 Volvo V50,silver,OTHER,VOLVO,V50,AUTOMATIC,240000,5000,SA,2006
2011 Suzuki Swift,blue,PETROL,SUZUKI,SWIFT,MANUAL,333000,4000,SA,2011
2005 Toyota Camry,silver,PETROL,TOYOTA,CAMRY,AUTOMATIC,264000,4250,SA,2005
2004 Nissan Patrol,gold,DIESEL,NISSAN,PATROL,MANUAL,180000,16000,QLD,2004
2003 Subaru Forester,white,PETROL,SUBARU,FORESTER,AUTOMATIC,292500,3000,SA,2003
2018 Ford Ranger,white,DIESEL,FORD,RANGER,AUTOMATIC,190000,34999,QLD,2018
2012 Honda Civic,grey,PETROL,HONDA,CIVIC,AUTOMATIC,208000,8500,QLD,2012
2004 Holden Calais,blue,OTHER,HOLDEN,CALAIS,AUTOMATIC,20000,3500,QLD,2004
2002 Mercedes-Benz C200 Kompressor,silver,PETROL,MERCEDES-BENZ,C-CLASS,AUTOMATIC,147000,8000,QLD,2002
2011 Toyota Corolla,blue,PETROL,TOYOTA,COROLLA,MANUAL,191000,7000,QLD,2011
1995 Toyota Hiace,white,PETROL,TOYOTA,HIACE,MANUAL,485000,4800,QLD,1995
2016 Subaru WRX,blue,PETROL,SUBARU,WRX,MANUAL,209000,17990,QLD,2016
2016 Mercedes-Benz Mercedes-Benz ML500,black,PETROL,MERCEDES-BENZ,MERCEDES-BENZ ML500,AUTOMATIC,202132,19500,QLD,2016
2014 Toyota Hilux,white,DIESEL,TOYOTA,HILUX,MANUAL,219800,28000,WA,2014
2011 Toyota Landcruiser Prado,grey,DIESEL,TOYOTA,LANDCRUISER,AUTOMATIC,246000,29000,WA,2011
2003 Toyota corolla sedan ascent,white,PETROL,TOYOTA,COROLLA,AUTOMATIC,320000,3000,WA,2003
2010 Hyundai Getz,blue,PETROL,HYUNDAI,GETZ,MANUAL,186600,5990,WA,2010
2023 Toyota Hilux,brown,DIESEL,TOYOTA,HILUX,AUTOMATIC,66000,66000,WA,2023
2012 Toyota Landcruiser,white,DIESEL,TOYOTA,LANDCRUISER,MANUAL,140000,80000,WA,2012
"2019 Volkswagen amarok tdi420 4x4 $28,979",white,DIESEL,VOLKSWAGEN,AMAROK,AUTOMATIC,157000,28979,WA,2019
2021 Mitsubishi Eclipse Cross,blue,PETROL,MITSUBISHI,ECLIPSE CROSS,AUTOMATIC,63000,25999,WA,2021
2018 Škoda Fabia,black,PETROL,ŠKODA,FABIA,AUTOMATIC,94000,15990,VIC,2018
2016 Toyota kluger,white,PETROL,TOYOTA,KLUGER,AUTOMATIC,223000,22500,WA,2016
2013 Toyota Corolla,orange,OTHER,TOYOTA,COROLLA,AUTOMATIC,125000,14900,VIC,2013
2009 Hyundai Getz 🤘,white,OTHER,HYUNDAI,GETZ,AUTOMATIC,120204,8990,VIC,2009
2016 Volkswagen Golf,grey,PETROL,VOLKSWAGEN,GOLF,AUTOMATIC,188000,10000,VIC,2016
2017 Toyota Yaris,silver,PETROL,TOYOTA,YARIS,AUTOMATIC,69000,15500,VIC,2017
2014 Hyundai Veloster,white,PETROL,HYUNDAI,VELOSTER,AUTOMATIC,142033,11999,VIC,2014
2013 Volkswagen CC,grey,DIESEL,VOLKSWAGEN,CC,AUTOMATIC,240000,5000,VIC,2013
2011 Nissan Patrol,white,DIESEL,NISSAN,PATROL,MANUAL,180000,28000,VIC,2011
2012 Ford Ranger,blue,DIESEL,FORD,RANGER,AUTOMATIC,180000,20000,VIC,2012
2010 Ford focus xr5,grey,PETROL,FORD,FOCUS,MANUAL,285000,7000,VIC,2010
2018 Hyundai iMax,silver,DIESEL,HYUNDAI,IMAX,AUTOMATIC,108730,29000,VIC,2018
2011 Ford Territory,red,PETROL,FORD,TERRITORY,AUTOMATIC,349000,4700,VIC,2011
1997 Nissan Patrol,white,DIESEL,NISSAN,PATROL,MANUAL,400000,24000,VIC,1997
2004 Toyota Landcruiser 100,white,DIESEL,TOYOTA,LANDCRUISER,AUTOMATIC,574422,32500,QLD,2004
2018 Toyota Corolla,white,PETROL,TOYOTA,COROLLA,AUTOMATIC,130000,16999,VIC,2018
2017 Jeep Cherokee,white,PETROL,JEEP,CHEROKEE,AUTOMATIC,162000,13500,VIC,2017
2001 Honda CR-V,gold,PETROL,HONDA,CR-V,AUTOMATIC,297000,3800,VIC,2001
2018 Honda HR-V,grey,PETROL,HONDA,HR-V,AUTOMATIC,92000,19999,VIC,2018
2015 Jeep Patriot,black,OTHER,JEEP,PATRIOT,AUTOMATIC,112000,7999,QLD,2015
2026 Ford Fiesta,green,PETROL,FORD,FIESTA,AUTOMATIC,175000,2500,VIC,2026
2011 Hyundai i30,white,PETROL,HYUNDAI,I30,AUTOMATIC,166020,6999,SA,2011
2020 Kia Carnival Wagon S KA4 MY21,white,DIESEL,KIA,CARNIVAL,AUTOMATIC,89686,39977,SA,2020
2012 Jeep Grand Cherokee,black,DIESEL,JEEP,GRAND CHEROKEE,AUTOMATIC,282000,5500,NSW,2012
2008 Suzuki SX4,blue,PETROL,SUZUKI,SX4,MANUAL,259565,3999,WA,2008
2011 Isuzu D-Max,white,DIESEL,ISUZU,D-MAX,MANUAL,250000,9000,NSW,2011
2009 Ford Falcon,silver,PETROL,FORD,FALCON,AUTOMATIC,250000,6700,WA,2009
2011 Subaru Impreza,black,PETROL,SUBARU,IMPREZA,MANUAL,218184,19990,WA,2011
2010 Suzuki Swift,white,PETROL,SUZUKI,SWIFT,MANUAL,112000,9000,WA,2010
2017 BMW series 3,white,PETROL,BMW,SERIES 3,AUTOMATIC,113500,24888,WA,2017
2010 Suzuki Swift,grey,PETROL,SUZUKI,SWIFT,MANUAL,110000,5500,WA,2010
2021 BMW X5,grey,PETROL,BMW,X5,AUTOMATIC,87752,74999,WA,2021
2009 Hyundai Tucson,grey,PETROL,HYUNDAI,TUCSON,AUTOMATIC,110000,7788,WA,2009
2013 Holden Cruze,blue,PETROL,HOLDEN,CRUZE,MANUAL,180000,5500,WA,2013
2014 Volkswagen Amarok,silver,DIESEL,VOLKSWAGEN,AMAROK,AUTOMATIC,155000,20000,WA,2014
"2013 Suzuki SWIFT Auto 137,000 klms",green,PETROL,SUZUKI,SWIFT,AUTOMATIC,137299,11990,WA,2013
2008 Holden Commodore,black,OTHER,HOLDEN,COMMODORE,AUTOMATIC,155000,25500,WA,2008
2008 Nissan Murano,grey,PETROL,NISSAN,MURANO,AUTOMATIC,250000,5000,WA,2008
2010 Toyota CROWN MAJESTA G,black,PETROL,TOYOTA,CROWN,AUTOMATIC,132500,19800,NSW,2010
2006 Honda Accord,silver,PETROL,HONDA,ACCORD,AUTOMATIC,278000,3500,NSW,2006
2006 Subaru Outback,blue,OTHER,SUBARU,OUTBACK,AUTOMATIC,203000,4000,WA,2006
2020 Volvo XC40 T4 Inscription 2.0T Auto AWD,white,PETROL,VOLVO,XC40,AUTOMATIC,76700,31990,NSW,2020
2009 Jeep Wrangler Unlimited,black,DIESEL,JEEP,WRANGLER,AUTOMATIC,228000,19500,NSW,2009
2018 Honda civic rs,grey,PETROL,HONDA,CIVIC,AUTOMATIC,188000,17000,NSW,2018
2014 Hyundai Elantra,red,PETROL,HYUNDAI,ELANTRA,AUTOMATIC,244750,5000,NSW,2014
2023 Toyota Hilux,black,DIESEL,TOYOTA,HILUX,AUTOMATIC,55561,56000,NSW,2023
2013 Lexus Lexus CT200H,red,HYBRID,LEXUS,CT,AUTOMATIC,148430,16000,NSW,2013
2013 Audi A3,silver,DIESEL,AUDI,A3,AUTOMATIC,131476,11000,NSW,2013
2011 Ford Ranger,white,OTHER,FORD,RANGER,AUTOMATIC,172000,12000,NSW,2011
2012 Nissan Navara,white,DIESEL,NISSAN,NAVARA,AUTOMATIC,210000,12000,NSW,2012
2013 Kia rio hback s 5 door,charcoal,PETROL,KIA,RIO,AUTOMATIC,102200,13000,NSW,2013
1999 Toyota Landcruiser,white,DIESEL,TOYOTA,LANDCRUISER,MANUAL,430000,25000,NSW,1999
2018 Holden colorado utility ls rg my18,white,DIESEL,HOLDEN,COLORADO,AUTOMATIC,87448,29477,SA,2018
2004 Toyota Echo,blue,PETROL,TOYOTA,ECHO,MANUAL,239401,2500,SA,2004
2012 Toyota RAV4,grey,PETROL,TOYOTA,RAV4,AUTOMATIC,274000,7000,SA,2012
2017 Mitsubishi triton mq gls 4x4 t/diesel dual cab ute,white,DIESEL,MITSUBISHI,TRITON,AUTOMATIC,151088,26999,SA,2017
2016 Volkswagen Polo,white,PETROL,VOLKSWAGEN,POLO,AUTOMATIC,99350,13000,SA,2016
2013 Volkswagen Amarok,gold,DIESEL,VOLKSWAGEN,AMAROK,MANUAL,350000,3600,SA,2013
2014 Mitsubishi Lancer,silver,PETROL,MITSUBISHI,LANCER,AUTOMATIC,62800,13200,SA,2014
2007 Mercedes-Benz Mercedes-Benz ML320 CDI,gold,DIESEL,MERCEDES-BENZ,MERCEDES-BENZ ML320 CDI,AUTOMATIC,260000,8999,SA,2007
2005 Subaru Forester,white,OTHER,SUBARU,FORESTER,MANUAL,170000,9500,SA,2005
2013 Holden Barina,white,PETROL,HOLDEN,BARINA,MANUAL,186000,4000,SA,2013
2008 Subaru Forester,burgundy,PETROL,SUBARU,FORESTER,MANUAL,134054,10000,SA,2008
2004 Honda Accord,grey,PETROL,HONDA,ACCORD,AUTOMATIC,227350,2500,SA,2004
2008 Mitsubishi Pajero,red,DIESEL,MITSUBISHI,PAJERO,AUTOMATIC,360000,6300,SA,2008
2004 Toyota Landcruiser Prado,white,DIESEL,TOYOTA,LANDCRUISER,MANUAL,367000,15000,QLD,2004
2014 Holden Calais,white,PETROL,HOLDEN,CALAIS,AUTOMATIC,245000,12000,SA,2014
2017 Toyota CAMRY HYBRID,white,HYBRID,TOYOTA,CAMRY,AUTOMATIC,116000,19000,SA,2017
2010 Chevrolet commodore,black,PETROL,CHEVROLET,COMMODORE,AUTOMATIC,91215,24000,QLD,2010
2021 Haval ultra h6,black,PETROL,HAVAL,H6,AUTOMATIC,58500,23500,QLD,2021
2005 Honda Civic,gold,PETROL,HONDA,CIVIC,AUTOMATIC,206084,3300,QLD,2005
2011 Audi A3,red,PETROL,AUDI,A3,AUTOMATIC,200000,8000,QLD,2011
2016 Volkswagen Polo,black,PETROL,VOLKSWAGEN,POLO,MANUAL,98000,10000,QLD,2016
2022 Mercedes-Benz glc-class,grey,PETROL,MERCEDES-BENZ,C-CLASS,AUTOMATIC,23000,65000,QLD,2022
2001 Hyundai Accent,white,PETROL,HYUNDAI,ACCENT,AUTOMATIC,198481,3500,QLD,2001
2006 Kia Rio,black,PETROL,KIA,RIO,AUTOMATIC,181113,2590,QLD,2006
2000 Nissan Patrol,black,DIESEL,NISSAN,PATROL,AUTOMATIC,373230,10000,QLD,2000
2003 Honda Accord,gold,PETROL,HONDA,ACCORD,AUTOMATIC,227000,5800,QLD,2003
2016 Holden Holden Colorado,grey,DIESEL,HOLDEN,COLORADO,AUTOMATIC,174000,24500,QLD,2016
2006 Honda CR-V,red,OTHER,HONDA,CR-V,MANUAL,200000,2990,QLD,2006
2016 Volkswagen Golf,blue,PETROL,VOLKSWAGEN,GOLF,AUTOMATIC,203000,10000,QLD,2016
2013 Ford Ranger,white,DIESEL,FORD,RANGER,AUTOMATIC,178000,20000,QLD,2013
2017 Toyota Yaris,grey,PETROL,TOYOTA,YARIS,AUTOMATIC,126000,15950,VIC,2017
1992 Holden Commodore,blue,PETROL,HOLDEN,COMMODORE,MANUAL,326000,8500,QLD,1992
2019 Nissan Qashqai,black,OTHER,NISSAN,QASHQAI,AUTOMATIC,70000,22980,VIC,2019
2004 HINO FD,white,DIESEL,HINO,FD,MANUAL,480,33000,VIC,2004
2013 Nissan Pulsar,black,PETROL,NISSAN,PULSAR,MANUAL,144000,4500,VIC,2013
2018 Audi Q7,white,DIESEL,AUDI,Q7,AUTOMATIC,161523,39999,VIC,2018
2015 Ford Ranger,white,DIESEL,FORD,RANGER,AUTOMATIC,280000,25000,VIC,2015
2010 Nissan Murano,white,PETROL,NISSAN,MURANO,AUTOMATIC,169194,8500,SA,2010
2008 Lexus is,silver,PETROL,LEXUS,IS,AUTOMATIC,107000,17790,VIC,2008
1990 Ford transit,brown,DIESEL,FORD,TRANSIT,MANUAL,290000,5000,VIC,1990
2006 Honda Civic,purple,PETROL,HONDA,CIVIC,AUTOMATIC,253000,6000,VIC,2006
2010 Mazda CX-7,silver,DIESEL,MAZDA,CX-7,MANUAL,244000,2800,VIC,2010
2009 Volkswagen Golf,black,OTHER,VOLKSWAGEN,GOLF,MANUAL,260000,4200,VIC,2009
2017 Hyundai Veloster,white,PETROL,HYUNDAI,VELOSTER,AUTOMATIC,183456,14990,VIC,2017
2000 Toyota Hilux,green,DIESEL,TOYOTA,HILUX,MANUAL,389000,13500,VIC,2000
2019 Nissan NAVARA RX 4X4 D23 SERIES III AUTOMATIC TURBO DIESEL DUAL CAB,white,DIESEL,NISSAN,NAVARA,AUTOMATIC,238499,19990,QLD,2019
2016 Honda civic vti lx top of the range,black,PETROL,HONDA,CIVIC,AUTOMATIC,230000,13500,VIC,2016
2006 Subaru 2006 subaru liberty station wago,white,PETROL,SUBARU,LIBERTY,MANUAL,255000,5000,WA,2006
2010 Mitsubishi Lancer,grey,PETROL,MITSUBISHI,LANCER,AUTOMATIC,187000,7000,NSW,2010
2012 Mitsubishi Outlander,white,PETROL,MITSUBISHI,OUTLANDER,AUTOMATIC,181869,9780,QLD,2012
1998 Mercedes-Benz Mercedes-Benz 230SL,red,PETROL,MERCEDES-BENZ,SL,AUTOMATIC,260000,6000,VIC,1998
2009 Nissan Navara,white,DIESEL,NISSAN,NAVARA,MANUAL,408000,6000,WA,2009
2014 Hyundai i20,white,PETROL,HYUNDAI,I20,AUTOMATIC,181000,7000,QLD,2014
2007 Toyota MR2,grey,PETROL,TOYOTA,MR2,AUTOMATIC,198642,14000,VIC,2007
2009 Volkswagen transporter tdi 2.5l,white,DIESEL,VOLKSWAGEN,TRANSPORTER,AUTOMATIC,240000,9000,VIC,2009
2006 Mitsubishi Pajero,blue,PETROL,MITSUBISHI,PAJERO,AUTOMATIC,167000,8000,NSW,2006
2013 Toyota hiace commuter wheelchair lifter,white,PETROL,TOYOTA,HIACE,AUTOMATIC,82000,39995,NSW,2013
2014 Jeep compass north 4 x 2,white,PETROL,JEEP,COMPASS,AUTOMATIC,140000,8000,NSW,2014
2017 Toyota Corolla,white,PETROL,TOYOTA,COROLLA,AUTOMATIC,59000,20000,NSW,2017
2011 Audi Q7,black,DIESEL,AUDI,Q7,AUTOMATIC,95000,6299,NSW,2011
2016 Škoda Fabia,blue,PETROL,ŠKODA,FABIA,AUTOMATIC,280000,6350,NSW,2016
2013 Volkswagen Tiguan  5N MY13.5 118TSI Wagon 5dr Man 6sp 1.4TSC,grey,PETROL,VOLKSWAGEN,TIGUAN,MANUAL,162000,7999,NSW,2013
2015 Jeep Grand Cherokee,white,PETROL,JEEP,GRAND CHEROKEE,AUTOMATIC,125500,17000,QLD,2015
2021 Škoda Karoq,white,PETROL,ŠKODA,KAROQ,AUTOMATIC,22000,26999,NSW,2021
2010 Toyota Land Cruiser Prado GXL,black,DIESEL,TOYOTA,PRADO,AUTOMATIC,195000,9900,QLD,2010
1998 Mazda MX-5,red,OTHER,MAZDA,MX-5,MANUAL,223890,9500,NSW,1998
2021 Mitsubishi asx exceed (2wd) automatic 2.4l wagon,blue,PETROL,MITSUBISHI,ASX,AUTOMATIC,66118,24990,QLD,2021
2013 Audi Q3,white,PETROL,AUDI,Q3,AUTOMATIC,171192,13888,QLD,2013
2019 Kia CERATO S SAFETY PACK,white,PETROL,KIA,CERATO,AUTOMATIC,121712,14999,QLD,2019
2012 Hyundai iLoad,blue,DIESEL,HYUNDAI,ILOAD,MANUAL,151155,12990,QLD,2012
1998 Toyota Hilux,white,OTHER,TOYOTA,HILUX,MANUAL,28500,3200,QLD,1998
2022 Volkswagen Golf,white,PETROL,VOLKSWAGEN,GOLF,AUTOMATIC,35000,54800,QLD,2022
2011 Mercedes-Benz Mercedes-Benz ML350,silver,PETROL,MERCEDES-BENZ,MERCEDES-BENZ ML350,AUTOMATIC,200000,3000,QLD,2011
2008 Nissan Navara,red,DIESEL,NISSAN,NAVARA,MANUAL,230000,9700,QLD,2008
2020 Mitsubishi Triton MR MY21 GLS Utility,white,DIESEL,MITSUBISHI,TRITON,AUTOMATIC,128000,38000,WA,2020
2014 Toyota Hiace,white,PETROL,TOYOTA,HIACE,AUTOMATIC,800000,11000,QLD,2014
2008 TOYOTA COROLLA - RWC  - REGO ACCENT,white,PETROL,TOYOTA,ACCENT,MANUAL,242112,3999,QLD,2008
2007 Hyundai Tucson,gold,PETROL,HYUNDAI,TUCSON,AUTOMATIC,108657,6699,WA,2007
2008 Lexus Lexus IS 250,black,PETROL,LEXUS,IS,AUTOMATIC,209000,3000,WA,2008
2020 Mercedes-Benz A35 AMG,black,PETROL,MERCEDES-BENZ,A35 AMG,AUTOMATIC,93898,40898,WA,2020
1972 Volkswagen Kombi,green,PETROL,VOLKSWAGEN,KOMBI,MANUAL,1234,12000,WA,1972
2007 Ford Falcon,grey,PETROL,FORD,FALCON,MANUAL,309125,10000,WA,2007
2005 Mitsubishi Triton,blue,PETROL,MITSUBISHI,TRITON,AUTOMATIC,206400,8200,WA,2005
2009 Holden Captiva,black,PETROL,HOLDEN,CAPTIVA,AUTOMATIC,160000,7000,WA,2009
2025 Suzuki S-Cross,silver,PETROL,SUZUKI,S-CROSS,AUTOMATIC,17411,34990,WA,2025
2016 Hyundai Accent,white,PETROL,HYUNDAI,ACCENT,AUTOMATIC,119469,10881,WA,2016
2008 Hyundai  i30 SX 1.6 CRDi FD,blue,DIESEL,HYUNDAI,I30,MANUAL,245701,4590,WA,2008
2015 Holden Barina,red,PETROL,HOLDEN,BARINA,AUTOMATIC,142212,8300,WA,2015
2006 Ford Territory,silver,PETROL,FORD,TERRITORY,AUTOMATIC,308642,5000,WA,2006
2009 Toyota corolla levin zr,blue,PETROL,TOYOTA,COROLLA,MANUAL,209884,6643,WA,2009
2009 Toyota Landcruiser 200 Series V8,white,DIESEL,TOYOTA,LANDCRUISER,AUTOMATIC,313000,46500,WA,2009
2020 Subaru Outback,white,PETROL,SUBARU,OUTBACK,AUTOMATIC,138388,24990,WA,2020
2009 Subaru Impreza,grey,PETROL,SUBARU,IMPREZA,AUTOMATIC,161953,7000,VIC,2009
2009 Nissan X-Trail,white,PETROL,NISSAN,X-TRAIL,AUTOMATIC,263000,7999,VIC,2009
2013 Mercedes-Benz Mercedes-Benz ML350 CDI,black,DIESEL,MERCEDES-BENZ,MERCEDES-BENZ ML350 CDI,AUTOMATIC,150000,19999,VIC,2013
2018 Land Rover Range Rover Velar,white,DIESEL,LAND-ROVER,RANGE ROVER VELAR,AUTOMATIC,99500,45700,VIC,2018
2018 Mercedes-Benz A Class Mercedes Benz ,white,OTHER,MERCEDES-BENZ,CLA,AUTOMATIC,84000,38000,VIC,2018
2001 Suzuki carry 1.3,white,PETROL,SUZUKI,CARRY,MANUAL,104000,6850,VIC,2001
2011 Jeep Patriot,silver,PETROL,JEEP,PATRIOT,AUTOMATIC,193000,6990,VIC,2011
2009 Toyota Corolla,white,PETROL,TOYOTA,COROLLA,AUTOMATIC,176500,7900,VIC,2009
2013 Toyota Camry,white,PETROL,TOYOTA,CAMRY,AUTOMATIC,286000,9500,VIC,2013
1998 Nissan Patrol,white,DIESEL,NISSAN,PATROL,MANUAL,500000,25000,NSW,1998
2016 Audi S3,black,PETROL,AUDI,S3,AUTOMATIC,87000,30000,VIC,2016
2018 Toyota Hilux,white,DIESEL,TOYOTA,HILUX,AUTOMATIC,209500,30000,WA,2018
2012 Holden Commodore,white,PETROL,HOLDEN,COMMODORE,AUTOMATIC,208000,10500,VIC,2012
2017 Jeep Cherokee,black,PETROL,JEEP,CHEROKEE,AUTOMATIC,77578,19500,VIC,2017
2003 Toyota Crown,white,OTHER,TOYOTA,CROWN,AUTOMATIC,170000,20500,VIC,2003
2019 Porsche Macan,white,PETROL,PORSCHE,MACAN,AUTOMATIC,41000,72000,VIC,2019
2004 Toyota Landcruiser 100,white,PETROL,TOYOTA,LANDCRUISER,MANUAL,419000,21990,WA,2004
2015 Subaru Outback,white,OTHER,SUBARU,OUTBACK,AUTOMATIC,229000,9900,WA,2015
2015 Mitsubishi Lancer,grey,PETROL,MITSUBISHI,LANCER,AUTOMATIC,150000,9999,WA,2015
2015 Hyundai Tucson,black,PETROL,HYUNDAI,TUCSON,AUTOMATIC,238460,10999,WA,2015
2022 Kia seltos,charcoal,PETROL,KIA,SELTOS,AUTOMATIC,62000,25900,NSW,2022
2019 Porsche Cayenne,black,OTHER,PORSCHE,CAYENNE,AUTOMATIC,122000,64000,VIC,2019
2010 Jeep Patriot,red,PETROL,JEEP,PATRIOT,AUTOMATIC,246500,6400,VIC,2010
2012 Honda  CIVIC HYBRID ,silver,HYBRID,HONDA,CIVIC,AUTOMATIC,171000,10990,WA,2012
2014 Hyundai Santa Fe Highlander,grey,DIESEL,HYUNDAI,SANTA FE,AUTOMATIC,119967,19990,VIC,2014
2019 Ford Ranger,white,DIESEL,FORD,RANGER,AUTOMATIC,107000,40000,VIC,2019
2011 Nissan Navara,grey,DIESEL,NISSAN,NAVARA,MANUAL,300,6000,WA,2011
2009 Suzuki grand vitara 4x4 auto rego and rwc,red,PETROL,SUZUKI,GRAND VITARA,AUTOMATIC,294053,7999,VIC,2009
2010 Mercedes-Benz Mercedes-Benz ML350 CDI,blue,DIESEL,MERCEDES-BENZ,MERCEDES-BENZ ML350 CDI,AUTOMATIC,121000,5200,VIC,2010
2017 Toyota Camry,white,PETROL,TOYOTA,CAMRY,AUTOMATIC,195000,12990,VIC,2017
2017 Toyota Corolla,white,PETROL,TOYOTA,COROLLA,AUTOMATIC,90950,19990,VIC,2017
2014 Mercedes-Benz GLA200,black,DIESEL,MERCEDES-BENZ,A-CLASS,AUTOMATIC,96000,18000,WA,2014
2010 Hyundai i30,red,DIESEL,HYUNDAI,I30,AUTOMATIC,222520,4000,VIC,2010
2003 Honda Accord,black,OTHER,HONDA,ACCORD,AUTOMATIC,190000,123456,NSW,2003
2012 BMW X1,black,PETROL,BMW,X1,AUTOMATIC,223000,6500,NSW,2012
2010 Toyota Aurion,white,PETROL,TOYOTA,AURION,AUTOMATIC,167000,9399,NSW,2010
2019 Volkswagen Tiguan,grey,PETROL,VOLKSWAGEN,TIGUAN,AUTOMATIC,106000,28000,NSW,2019
2006 BMW X5,black,DIESEL,BMW,X5,AUTOMATIC,260000,5500,QLD,2006
2017 Kia Sportage,grey,PETROL,KIA,SPORTAGE,AUTOMATIC,172000,14800,SA,2017
2013 Suzuki Swift,white,PETROL,SUZUKI,SWIFT,MANUAL,159200,5000,WA,2013
2014 BMW 320d,silver,DIESEL,BMW,SERIES 3,AUTOMATIC,191000,12200,QLD,2014
2018 Volkswagen Golf,white,PETROL,VOLKSWAGEN,GOLF,AUTOMATIC,137000,25000,QLD,2018
2018 Kia Sportage,red,PETROL,KIA,SPORTAGE,AUTOMATIC,118000,18990,QLD,2018
2010 Mercedes-Benz C250,silver,OTHER,MERCEDES-BENZ,C-CLASS,AUTOMATIC,152000,6000,QLD,2010
2022 Toyota RAV4,grey,PETROL,TOYOTA,RAV4,AUTOMATIC,91000,34990,QLD,2022
2006 Ford Falcon,green,PETROL,FORD,FALCON,AUTOMATIC,160000,7000,QLD,2006
2019 Mercedes-Benz A35,turquoise,PETROL,MERCEDES-BENZ,A35,AUTOMATIC,44900,48800,QLD,2019
2022 Ford Everest,black,DIESEL,FORD,EVEREST,AUTOMATIC,31100,52000,QLD,2022
2022 Great Wall Cannon,black,DIESEL,GWM,CANNON,AUTOMATIC,98400,20500,QLD,2022
2017 Toyota C-HR,silver,PETROL,TOYOTA,C-HR,AUTOMATIC,130000,21990,QLD,2017
2023 Kia Sportage,white,PETROL,KIA,SPORTAGE,AUTOMATIC,47522,20500,QLD,2023
2019 Lexus UX200 Sport Luxury,green,PETROL,LEXUS,UX,AUTOMATIC,111000,34000,QLD,2019
2020 Toyota Camry,white,HYBRID,TOYOTA,CAMRY,AUTOMATIC,145000,23990,QLD,2020
2020 Hyundai Tucson,white,PETROL,HYUNDAI,TUCSON,AUTOMATIC,133600,18500,QLD,2020
2007 Subaru Liberty,white,PETROL,SUBARU,LIBERTY,AUTOMATIC,215000,5000,WA,2007
2019 Mazda CX-3,black,OTHER,MAZDA,CX-3,AUTOMATIC,114000,15490,WA,2019
2017 Ford Ranger,white,DIESEL,FORD,RANGER,AUTOMATIC,124000,27000,WA,2017
2021 Toyota Corolla,white,PETROL,TOYOTA,COROLLA,AUTOMATIC,81192,20500,WA,2021
2010 Ford Ranger,white,DIESEL,FORD,RANGER,MANUAL,279000,6500,WA,2010
2019 Toyota Hilux,white,DIESEL,TOYOTA,HILUX,AUTOMATIC,66344,61000,WA,2019
2021 Mercedes-Benz gle53 amg auto 4matic+,black,PETROL,MERCEDES-BENZ,GLE,AUTOMATIC,38000,120000,WA,2021
2013 Hyundai i20,grey,PETROL,HYUNDAI,I20,MANUAL,129000,6500,WA,2013
2011 Nissan Murano,brown,PETROL,NISSAN,MURANO,AUTOMATIC,183000,6500,WA,2011
2014 Hyundai Elantra,silver,PETROL,HYUNDAI,ELANTRA,AUTOMATIC,74000,11600,WA,2014
2016 Honda Civic,blue,PETROL,HONDA,CIVIC,AUTOMATIC,111000,18000,WA,2016
2021 Toyota Hilux,white,DIESEL,TOYOTA,HILUX,AUTOMATIC,126000,51500,WA,2021
2016 Toyota Corolla,white,OTHER,TOYOTA,COROLLA,AUTOMATIC,126201,18500,WA,2016
2018 Hyundai Tucson,white,PETROL,HYUNDAI,TUCSON,AUTOMATIC,125689,15800,WA,2018
2014 Toyota Hilux,charcoal,DIESEL,TOYOTA,HILUX,AUTOMATIC,249000,25000,WA,2014
2010 BMW x5m 119ks,black,OTHER,BMW,X5,AUTOMATIC,120000,31500,WA,2010
2015 Mercedes-Benz CLA250 AMG Sport,silver,PETROL,MERCEDES-BENZ,CLA,AUTOMATIC,102500,24000,SA,2015
2014 Holden Commodore SV6 VF Auto MY14,white,PETROL,HOLDEN,COMMODORE,AUTOMATIC,203240,12499,SA,2014
1995 Holden Ute,white,PETROL,HOLDEN,UTE,AUTOMATIC,112000,10300,SA,1995
2013 Hyundai i45,white,PETROL,HYUNDAI,I45,AUTOMATIC,241000,5400,WA,2013
2003 Suzuki Ignis,yellow,PETROL,SUZUKI,IGNIS,AUTOMATIC,238000,2500,SA,2003
2018 Mazda CX-9,red,OTHER,MAZDA,CX-9,AUTOMATIC,175000,17800,SA,2018
2008 Nissan Micra,white,PETROL,NISSAN,MICRA,AUTOMATIC,126000,6000,SA,2008
2023 Isuzu D-Max,white,DIESEL,ISUZU,D-MAX,AUTOMATIC,44000,70000,SA,2023
2017 Jeep Grand Cherokee,black,DIESEL,JEEP,GRAND CHEROKEE,AUTOMATIC,170000,14700,SA,2017
2021 Toyota Camry,white,HYBRID,TOYOTA,CAMRY,AUTOMATIC,96000,24500,SA,2021
2016 Subaru Levorg,blue,PETROL,SUBARU,LEVORG,AUTOMATIC,191254,19500,VIC,2016
2024 Hyundai iMax,black,DIESEL,HYUNDAI,IMAX,AUTOMATIC,5000,56000,SA,2024
2025 Kia Seltos Sport + FWD,black,PETROL,KIA,SELTOS,AUTOMATIC,300,35500,VIC,2025
1989 Holden commodore ss,grey,PETROL,HOLDEN,COMMODORE,AUTOMATIC,235000,35000,VIC,1989
2019 Honda Odyssey,white,HYBRID,HONDA,ODYSSEY,AUTOMATIC,112000,27500,VIC,2019
2017 Ford Ranger,grey,DIESEL,FORD,RANGER,AUTOMATIC,210000,25000,VIC,2017
1971 Chevrolet Corvette,black,PETROL,CHEVROLET,CORVETTE,AUTOMATIC,300,32000,VIC,1971
2023 Toyota Kluger GXL,white,HYBRID,TOYOTA,KLUGER,AUTOMATIC,24400,68900,VIC,2023
2020 Toyota RAV4,white,PETROL,TOYOTA,RAV4,AUTOMATIC,100000,38000,VIC,2020
2013 Toyota Hiace,white,DIESEL,TOYOTA,HIACE,AUTOMATIC,225000,20500,VIC,2013
2021 Great Wall Steed,white,DIESEL,GWM,STEED,MANUAL,55000,10000,VIC,2021
2024 Ford Ranger,white,DIESEL,FORD,RANGER,AUTOMATIC,23000,71500,VIC,2024
2020 Ford Ranger,grey,DIESEL,FORD,RANGER,AUTOMATIC,159000,36000,VIC,2020
2020 Holden Commodore,silver,PETROL,HOLDEN,COMMODORE,AUTOMATIC,76000,16750,NSW,2020
2020 Mercedes-Benz GLE300d,beige,DIESEL,MERCEDES-BENZ,GLE,AUTOMATIC,101515,74000,VIC,2020
2020 Mercedes-Benz AMG A35,red,PETROL,MERCEDES-BENZ,AMG A35,AUTOMATIC,90800,42500,NSW,2020
2004 Holden Ute,red,PETROL,HOLDEN,UTE,AUTOMATIC,266000,3900,VIC,2004
2006 Suzuki Swift,silver,OTHER,SUZUKI,SWIFT,AUTOMATIC,272297,3000,NSW,2006
2003 Holden Wk statesman ,green,PETROL,HOLDEN,STATESMAN,AUTOMATIC,313000,8000,NSW,2003
2018 Hyundai i30,white,PETROL,HYUNDAI,I30,MANUAL,110200,16950,NSW,2018
2024 Chevrolet Silverado,charcoal,PETROL,CHEVROLET,SILVERADO,AUTOMATIC,97545,120000,NSW,2024
2015 Volkswagen Golf,black,OTHER,VOLKSWAGEN,GOLF,AUTOMATIC,111500,10500,NSW,2015
2012 Kia Cerato,grey,PETROL,KIA,CERATO,AUTOMATIC,269435,5000,NSW,2012
2009 Toyota Hilux,white,DIESEL,TOYOTA,HILUX,MANUAL,180000,14000,NSW,2009
2014 Toyota Hilux,grey,DIESEL,TOYOTA,HILUX,AUTOMATIC,130553,35000,NSW,2014
2020 Nissan Navara,black,DIESEL,NISSAN,NAVARA,AUTOMATIC,86345,41000,NSW,2020
2017 Mercedes-Benz C43,black,OTHER,MERCEDES-BENZ,C-CLASS,AUTOMATIC,155000,38000,NSW,2017
2020 Hyundai i30,white,PETROL,HYUNDAI,I30,AUTOMATIC,102000,18700,NSW,2020
2020 Mercedes-Benz CLA45S,black,PETROL,MERCEDES-BENZ,CLA,AUTOMATIC,42000,87000,NSW,2020
2019 Subaru Forester,black,PETROL,SUBARU,FORESTER,AUTOMATIC,134000,23800,SA,2019
2008 Ford Focus,white,PETROL,FORD,FOCUS,MANUAL,182553,3800,VIC,2008
2018 Audi S3,black,PETROL,AUDI,S3,AUTOMATIC,98000,46500,VIC,2018
1999 Mercedes-Benz E240 Elegance,beige,OTHER,MERCEDES-BENZ,E240 ELEGANCE,AUTOMATIC,244000,4000,NSW,1999
2018 Volkswagen Tiguan,white,PETROL,VOLKSWAGEN,TIGUAN,AUTOMATIC,155155,17500,VIC,2018
2007 Toyota Camry,white,PETROL,TOYOTA,CAMRY,AUTOMATIC,264000,6700,VIC,2007
2019 Toyota Camry,blue,OTHER,TOYOTA,CAMRY,AUTOMATIC,130000,25000,VIC,2019
2010 Kia Cerato,red,OTHER,KIA,CERATO,AUTOMATIC,183000,8990,VIC,2010
2015 Holden Calais,grey,PETROL,HOLDEN,CALAIS,AUTOMATIC,153000,34000,WA,2015
2023 Kia Sorento,black,PETROL,KIA,SORENTO,AUTOMATIC,62000,53000,NSW,2023
2015 Hyundai i30,blue,PETROL,HYUNDAI,I30,AUTOMATIC,156000,11000,NSW,2015
2000 Holden Rodeo,silver,PETROL,HOLDEN,RODEO,MANUAL,260000,3500,QLD,2000
2010 Hyundai i30,red,PETROL,HYUNDAI,I30,AUTOMATIC,196773,8000,WA,2010
2010 Holden Commodore,red,PETROL,HOLDEN,COMMODORE,AUTOMATIC,250000,4500,QLD,2010
1996 Mitsubishi Pajero mini,grey,PETROL,MITSUBISHI,PAJERO,MANUAL,73000,13000,QLD,1996
1995 Toyota Hilux,red,PETROL,TOYOTA,HILUX,MANUAL,250000,9000,QLD,1995
2008 Hyundai i30,blue,PETROL,HYUNDAI,I30,MANUAL,320000,3500,QLD,2008
1990 Toyota Landcruiser,white,DIESEL,TOYOTA,LANDCRUISER,MANUAL,400000,11000,QLD,1990
1986 Mercedes-Benz 560SEL,gold,PETROL,MERCEDES-BENZ,560SEL,AUTOMATIC,290000,15000,QLD,1986
2019 Suzuki Swift,red,PETROL,SUZUKI,SWIFT,MANUAL,159000,7999,QLD,2019
2014 Land Rover Range Rover Evoque,black,DIESEL,LAND-ROVER,RANGE ROVER EVOQUE,AUTOMATIC,105000,22000,QLD,2014
2007 Toyota RAV4,grey,PETROL,TOYOTA,RAV4,AUTOMATIC,320000,7500,QLD,2007
2015 Hyundai i30,blue,PETROL,HYUNDAI,I30,AUTOMATIC,256000,9000,QLD,2015
2019 Holden Trax,grey,PETROL,HOLDEN,TRAX,AUTOMATIC,117600,9500,QLD,2019
2011 Hyundai Getz,red,PETROL,HYUNDAI,GETZ,AUTOMATIC,128000,5500,QLD,2011
2014 Isuzu D-Max,white,DIESEL,ISUZU,D-MAX,AUTOMATIC,225000,20000,QLD,2014
2018 Mercedes-Benz Sprinter,white,DIESEL,MERCEDES-BENZ,SPRINTER,AUTOMATIC,190000,24999,QLD,2018
1997 Toyota Corolla,grey,PETROL,TOYOTA,COROLLA,AUTOMATIC,22100,3950,WA,1997
2011 Hyundai iMax,white,PETROL,HYUNDAI,IMAX,AUTOMATIC,300000,8000,QLD,2011
2013 Holden Holden Coupe,white,PETROL,HOLDEN,HOLDEN COUPE,AUTOMATIC,268000,3300,WA,2013
2009 Audi Q7,white,DIESEL,AUDI,Q7,AUTOMATIC,198000,8250,WA,2009
1994 Isuzu npr 300,white,DIESEL,ISUZU,NPR 300,MANUAL,311000,18500,WA,1994
2009 Holden Holden Colorado,grey,DIESEL,HOLDEN,COLORADO,AUTOMATIC,258000,20000,WA,2009
2011 Honda Insight,blue,HYBRID,HONDA,INSIGHT,AUTOMATIC,270000,4200,WA,2011
2011 Subaru Impreza,grey,OTHER,SUBARU,IMPREZA,AUTOMATIC,237000,5200,WA,2011
2008 Mazda BT-50,silver,DIESEL,MAZDA,BT-50,AUTOMATIC,213004,10850,WA,2008
2013 Ford Focus,brown,PETROL,FORD,FOCUS,AUTOMATIC,185000,6500,WA,2013
2015 BMW X4,white,DIESEL,BMW,X4,AUTOMATIC,192000,22000,WA,2015
2010 BMW 335i,black,PETROL,BMW,SERIES 3,AUTOMATIC,190000,19000,WA,2010
2009 Hyundai Tucson,white,PETROL,HYUNDAI,TUCSON,AUTOMATIC,256000,5850,WA,2009
2012 Suzuki Alto,grey,PETROL,SUZUKI,ALTO,MANUAL,190000,4500,WA,2012
2008 Nissan X-Trail,black,PETROL,NISSAN,X-TRAIL,MANUAL,375000,8500,NSW,2008
2009 Volkswagen Crafter,white,DIESEL,VOLKSWAGEN,CRAFTER,MANUAL,260000,26500,WA,2009
2008 Ford Falcon,white,PETROL,FORD,FALCON,AUTOMATIC,127000,7999,WA,2008
2003 Mitsubishi Challenger Ls,white,PETROL,MITSUBISHI,CHALLENGER,AUTOMATIC,154215,9990,NSW,2003
2010 Audi Q5,white,DIESEL,AUDI,Q5,AUTOMATIC,220000,9000,NSW,2010
2018 Mercedes-Benz Cla220 d,grey,DIESEL,MERCEDES-BENZ,CLA,AUTOMATIC,76000,27000,NSW,2018
2016 Toyota Camry,silver,PETROL,TOYOTA,CAMRY,AUTOMATIC,245000,15500,NSW,2016
2009 Holden Commodore,blue,PETROL,HOLDEN,COMMODORE,AUTOMATIC,156000,10000,NSW,2009
2012 Toyota Landcruiser Prado,white,DIESEL,TOYOTA,LANDCRUISER,AUTOMATIC,218000,30000,NSW,2012
2015 Hyundai Ix35,grey,PETROL,HYUNDAI,IX35,AUTOMATIC,183545,11800,NSW,2015
2017 Volkswagen Tiguan,grey,OTHER,VOLKSWAGEN,TIGUAN,AUTOMATIC,91800,16500,NSW,2017
1991 Toyota Landcruiser,silver,DIESEL,TOYOTA,LANDCRUISER,MANUAL,100000,23000,NSW,1991
2010 Subaru liberty,grey,PETROL,SUBARU,LIBERTY,AUTOMATIC,236000,9000,NSW,2010
2017 Toyota Yaris,white,PETROL,TOYOTA,YARIS,AUTOMATIC,172000,12999,NSW,2017
2010 Suzuki Swift,black,PETROL,SUZUKI,SWIFT,AUTOMATIC,170000,6900,NSW,2010
2004 Hyundai Elantra,grey,PETROL,HYUNDAI,ELANTRA,MANUAL,184349,2600,SA,2004
2014 Ford Ranger,white,DIESEL,FORD,RANGER,AUTOMATIC,145000,18990,NSW,2014
2023 Mitsubishi pajero sport,white,DIESEL,MITSUBISHI,PAJERO SPORT,AUTOMATIC,27257,46000,NSW,2023
2007 Ford Falcon,white,PETROL,FORD,FALCON,MANUAL,238900,4500,NSW,2007
2018 Ford Ranger,white,DIESEL,FORD,RANGER,AUTOMATIC,70000,47000,NSW,2018
2010 Toyota Aurion,black,PETROL,TOYOTA,AURION,AUTOMATIC,178000,11000,NSW,2010
2010 Mitsubishi Pajero,brown,DIESEL,MITSUBISHI,PAJERO,AUTOMATIC,388000,10950,SA,2010
2007 Honda Civic,purple,PETROL,HONDA,CIVIC,MANUAL,209000,5000,SA,2007
2015 Toyota yaris,grey,PETROL,TOYOTA,YARIS,MANUAL,82777,7900,SA,2015
2022 Ford Ranger,silver,DIESEL,FORD,RANGER,AUTOMATIC,67000,55000,SA,2022
2022 Mitsubishi Eclipse Cross,white,HYBRID,MITSUBISHI,ECLIPSE CROSS,AUTOMATIC,24467,33500,SA,2022
2007 Ford Falcon,white,OTHER,FORD,FALCON,AUTOMATIC,220000,3000,SA,2007
2018 Holden Commodore,grey,PETROL,HOLDEN,COMMODORE,AUTOMATIC,100000,20000,SA,2018
2002 Ford Falcon,silver,OTHER,FORD,FALCON,AUTOMATIC,275000,4990,SA,2002
2017 Ford Ranger,white,DIESEL,FORD,RANGER,AUTOMATIC,130000,33000,SA,2017
2023 Mazda CX-5,blue,OTHER,MAZDA,CX-5,AUTOMATIC,30000,28000,SA,2023
2011 Toyota Hiace,yellow,PETROL,TOYOTA,HIACE,AUTOMATIC,358000,9000,SA,2011
2019 Kia Cerato,grey,PETROL,KIA,CERATO,AUTOMATIC,164000,16000,SA,2019
1990 Holden VN Commodore,white,PETROL,HOLDEN,COMMODORE,AUTOMATIC,127000,17000,SA,1990
2013 Holden Ute,grey,PETROL,HOLDEN,UTE,AUTOMATIC,104666,30000,SA,2013
2022 Toyota RAV4,green,PETROL,TOYOTA,RAV4,AUTOMATIC,47000,48000,VIC,2022
2017 Subaru XV,blue,PETROL,SUBARU,XV,AUTOMATIC,114000,19000,VIC,2017
2012 Hyundai Elantra,gold,PETROL,HYUNDAI,ELANTRA,AUTOMATIC,199000,10000,VIC,2012
2014 Volkswagen Golf,grey,PETROL,VOLKSWAGEN,GOLF,AUTOMATIC,191000,7190,VIC,2014
2009 BMW 650i,black,PETROL,BMW,SERIES 6,AUTOMATIC,100012,25000,VIC,2009
2017 Toyota Landcruiser Prado,white,DIESEL,TOYOTA,LANDCRUISER,AUTOMATIC,168000,45000,SA,2017
2017 Ford Focus,black,PETROL,FORD,FOCUS,MANUAL,146000,19888,VIC,2017
2011 Honda Civic,silver,PETROL,HONDA,CIVIC,AUTOMATIC,157000,9950,VIC,2011
2007 Ford Focus,burgundy,OTHER,FORD,FOCUS,AUTOMATIC,200000,4499,VIC,2007
2007 Ford Falcon,blue,OTHER,FORD,FALCON,AUTOMATIC,370000,4000,VIC,2007
2009 Ford Falcon,silver,PETROL,FORD,FALCON,AUTOMATIC,220000,11000,VIC,2009
2018 Holden Acadia LTZ-V,white,PETROL,HOLDEN,ACADIA,AUTOMATIC,196000,22990,VIC,2018
2007 Subaru Tribeca,grey,OTHER,SUBARU,TRIBECA,AUTOMATIC,187560,5000,VIC,2007
2019 Kia Optima,white,PETROL,KIA,OPTIMA,AUTOMATIC,125000,20000,NSW,2019
2022 Mitsubishi Outlander,black,OTHER,MITSUBISHI,OUTLANDER,AUTOMATIC,21000,43000,NSW,2022
2023 Land Rover Discovery Sport,white,PETROL,LAND-ROVER,DISCOVERY SPORT,AUTOMATIC,40000,69000,NSW,2023
2007 Land Rover Range Rover,silver,PETROL,LAND-ROVER,RANGE ROVER,AUTOMATIC,230816,23950,VIC,2007
2016 Toyota toyota,grey,DIESEL,TOYOTA,TOYOTA,MANUAL,80000,118500,VIC,2016
2019 Mitsubishi Outlander,white,PETROL,MITSUBISHI,OUTLANDER,AUTOMATIC,183355,19000,NSW,2019
2008 Subaru Tribeca,grey,PETROL,SUBARU,TRIBECA,AUTOMATIC,190000,6500,NSW,2008
2014 Jeep Wrangler Unlimited,orange,PETROL,JEEP,WRANGLER,AUTOMATIC,110000,20000,NSW,2014
2011 Holden Caprice,black,PETROL,HOLDEN,CAPRICE,AUTOMATIC,2310,5200,WA,2011
2010 Toyota Blade,blue,PETROL,TOYOTA,TOYOTA BLADE,AUTOMATIC,147012,15880,NSW,2010
2015 Kia sportage suv 4cyl automatic ,blue,PETROL,KIA,4CYL AUTOMATIC,AUTOMATIC,229000,7900,SA,2015
2016 Toyota Hilux,white,DIESEL,TOYOTA,HILUX,AUTOMATIC,173990,29999,QLD,2016
2007 Toyota Landcruiser 200,white,DIESEL,TOYOTA,LANDCRUISER,AUTOMATIC,308000,45000,VIC,2007
2006 Subaru WRX,silver,PETROL,SUBARU,WRX,MANUAL,219000,17500,NSW,2006
2022 Mitsubishi Outlander,grey,PETROL,MITSUBISHI,OUTLANDER,AUTOMATIC,121000,30000,NSW,2022
2012 Holden Cruze CD Series 2 MY13 SN2425I,white,PETROL,HOLDEN,CRUZE,AUTOMATIC,189283,6995,NSW,2012
2011 Toyota Camry,brown,PETROL,TOYOTA,CAMRY,AUTOMATIC,178801,15000,QLD,2011
2014 Toyota Landcruiser,white,OTHER,TOYOTA,LANDCRUISER,MANUAL,370000,58000,QLD,2014
2008 Nissan Elgrand,white,PETROL,NISSAN,ELGRAND,AUTOMATIC,101000,13500,QLD,2008
2017 Nissan X-Trail,white,DIESEL,NISSAN,X-TRAIL,AUTOMATIC,189000,13000,QLD,2017
2011 Volkswagen Amarok,white,DIESEL,VOLKSWAGEN,AMAROK,MANUAL,223785,5000,QLD,2011
2012 Audi Q7,white,DIESEL,AUDI,Q7,AUTOMATIC,162000,12000,QLD,2012
2020 Ford Ranger,grey,DIESEL,FORD,RANGER,AUTOMATIC,187000,35900,QLD,2020
2009 Suzuki Swift,blue,PETROL,SUZUKI,SWIFT,MANUAL,209500,3950,QLD,2009
2009 Suzuki Grand Vitara,white,DIESEL,SUZUKI,GRAND VITARA,MANUAL,200500,6200,QLD,2009
1994 Holden Caprice,white,OTHER,HOLDEN,CAPRICE,AUTOMATIC,123456,16500,QLD,1994
2013 Mitsubishi Outlander,silver,PETROL,MITSUBISHI,OUTLANDER,AUTOMATIC,151000,12990,QLD,2013
2018 Ford Ranger,black,DIESEL,FORD,RANGER,AUTOMATIC,187000,15500,QLD,2018
2015 Hyundai Accent,silver,PETROL,HYUNDAI,ACCENT,AUTOMATIC,175000,6500,QLD,2015
2017 Holden Holden Colorado,red,DIESEL,HOLDEN,COLORADO,AUTOMATIC,167000,29000,QLD,2017
2001 Holden Commodore,black,PETROL,HOLDEN,COMMODORE,AUTOMATIC,277000,4500,QLD,2001
2010 Honda Jazz,silver,PETROL,HONDA,JAZZ,MANUAL,224000,4500,QLD,2010
2017 Toyota Hilux,white,DIESEL,TOYOTA,HILUX,AUTOMATIC,211000,38000,QLD,2017
2005 Ford Falcon,silver,PETROL,FORD,FALCON,AUTOMATIC,220000,8000,QLD,2005
2020 Ford ranger px mkiii xlt,white,DIESEL,FORD,RANGER,AUTOMATIC,90000,37000,WA,2020
2009 Mitsubishi Lancer,gold,PETROL,MITSUBISHI,LANCER,AUTOMATIC,164500,4488,WA,2009
2000 Mitsubishi Pajero,white,PETROL,MITSUBISHI,PAJERO,AUTOMATIC,290000,12000,WA,2000
2006 Toyota Hilux,white,DIESEL,TOYOTA,HILUX,MANUAL,313425,18000,WA,2006
2018 Toyota Hiace,orange,DIESEL,TOYOTA,HIACE,AUTOMATIC,185600,33000,WA,2018
2009 Volkswagen Tiguan,black,OTHER,VOLKSWAGEN,TIGUAN,AUTOMATIC,165300,6500,WA,2009
2007 Subaru Forester,blue,PETROL,SUBARU,FORESTER,AUTOMATIC,357316,2500,WA,2007
2009 Toyota  COROLLA ASCENT ZRE152R,silver,PETROL,TOYOTA,COROLLA,AUTOMATIC,210666,7990,WA,2009
2007 Nissan Navara,black,DIESEL,NISSAN,NAVARA,AUTOMATIC,239900,4000,WA,2007
2017 Mercedes-Benz CLA200,white,PETROL,MERCEDES-BENZ,A-CLASS,AUTOMATIC,102435,27000,WA,2017
2019 Holden colorado,white,DIESEL,HOLDEN,COLORADO,AUTOMATIC,65882,39990,WA,2019
2009 Nissan Murano,silver,PETROL,NISSAN,MURANO,AUTOMATIC,191582,4500,WA,2009
2016 Toyota Landcruiser Prado,white,DIESEL,TOYOTA,LANDCRUISER,AUTOMATIC,271000,52000,WA,2016
2010 Toyota Aurion,grey,PETROL,TOYOTA,AURION,AUTOMATIC,129000,8500,VIC,2010
2016 Mercedes-Benz Mercedes-Benz G63 AMG SUV,silver,PETROL,MERCEDES-BENZ,MERCEDES-BENZ G63 AMG SUV,AUTOMATIC,115000,65000,VIC,2016
2015 BMW X3,white,PETROL,BMW,X3,AUTOMATIC,138545,20000,VIC,2015
1980 Chevrolet C10,red,PETROL,CHEVROLET,C10,AUTOMATIC,40000,50000,VIC,1980
2016 Ford Mondeo,white,DIESEL,FORD,MONDEO,AUTOMATIC,235500,7500,VIC,2016
2017 Subaru XV,white,PETROL,SUBARU,XV,AUTOMATIC,101000,22000,VIC,2017
2012 Ford Focus,white,PETROL,FORD,FOCUS,AUTOMATIC,177000,6800,VIC,2012
2010 Toyota Camry,white,PETROL,TOYOTA,CAMRY,AUTOMATIC,101000,10500,VIC,2010
2015 Jeep Grand Cherokee,white,DIESEL,JEEP,GRAND CHEROKEE,AUTOMATIC,118000,16500,VIC,2015
2003 BMW 320ci,black,PETROL,BMW,SERIES 3,AUTOMATIC,230000,8000,VIC,2003
2009 Nissan X-Trail,brown,PETROL,NISSAN,X-TRAIL,AUTOMATIC,183000,5950,VIC,2009
2009 Kia Carnival,blue,PETROL,KIA,CARNIVAL,AUTOMATIC,176000,8000,SA,2009
2001 Nissan Patrol,white,DIESEL,NISSAN,PATROL,MANUAL,350000,16900,SA,2001
2010 Holden Commodore,white,PETROL,HOLDEN,COMMODORE,AUTOMATIC,321178,4000,SA,2010
2007 Mitsubishi Lancer,gold,PETROL,MITSUBISHI,LANCER,AUTOMATIC,215362,7999,SA,2007
2012 Mazda CX-9,black,PETROL,MAZDA,CX-9,AUTOMATIC,143300,9800,SA,2012
2017 Mitsubishi Outlander,white,DIESEL,MITSUBISHI,OUTLANDER,AUTOMATIC,196000,12599,SA,2017
2013 Volkswagen Touareg,white,DIESEL,VOLKSWAGEN,TOUAREG,AUTOMATIC,143000,16500,SA,2013
2012 Mitsubishi Triton ,white,DIESEL,MITSUBISHI,TRITON,MANUAL,198000,10000,SA,2012
2016 Subaru Levorg,charcoal,PETROL,SUBARU,LEVORG,AUTOMATIC,137000,25500,SA,2016
2008 Mitsubishi Lancer,blue,PETROL,MITSUBISHI,LANCER,MANUAL,149000,3800,SA,2008
2014 Holden Caprice,silver,PETROL,HOLDEN,CAPRICE,AUTOMATIC,195500,29999,SA,2014
2014 Holden Cruze equipe,white,PETROL,HOLDEN,CRUZE,AUTOMATIC,73000,5000,SA,2014
2013 Kia Sorento,white,PETROL,KIA,SORENTO,AUTOMATIC,243350,9500,SA,2013
2007 Ford focus,blue,PETROL,FORD,FOCUS,AUTOMATIC,179777,3200,SA,2007
2009 Mercedes-Benz C200,black,PETROL,MERCEDES-BENZ,C-CLASS,AUTOMATIC,121009,9490,SA,2009
2010 Holden Commodore,black,PETROL,HOLDEN,COMMODORE,MANUAL,200000,20000,SA,2010
2013 Hyundai Hyundai iLOAD,white,PETROL,HYUNDAI,ILOAD,MANUAL,145000,13500,NSW,2013
2021 Volvo XC60,white,HYBRID,VOLVO,XC60,AUTOMATIC,114000,45500,NSW,2021
2024 Mitsubishi Outlander,white,PETROL,MITSUBISHI,OUTLANDER,AUTOMATIC,30000,47500,NSW,2024
2008 Holden Barina,red,OTHER,HOLDEN,BARINA,MANUAL,170000,2800,SA,2008
2021 Toyota Camry,white,HYBRID,TOYOTA,CAMRY,AUTOMATIC,125000,29500,NSW,2021
2016 Toyota RAV4,blue,PETROL,TOYOTA,RAV4,AUTOMATIC,90708,23000,NSW,2016
2016 Mazda BT-50,black,DIESEL,MAZDA,BT-50,MANUAL,163500,24000,NSW,2016
2008 Toyota Corolla,white,PETROL,TOYOTA,COROLLA,AUTOMATIC,265000,6000,NSW,2008
2008 Holden Astra,silver,PETROL,HOLDEN,ASTRA,AUTOMATIC,182000,2700,NSW,2008
2012 Jeep Grand Cherokee,black,PETROL,JEEP,GRAND CHEROKEE,AUTOMATIC,100000,7900,NSW,2012
2016 Ford Falcon,black,OTHER,FORD,FALCON,AUTOMATIC,73000,65000,NSW,2016
2012 Holden Holden HJ,grey,PETROL,HOLDEN,HOLDEN HJ,MANUAL,109000,3800,SA,2012
2016 Toyota corolla fielder hybrid,silver,HYBRID,TOYOTA,COROLLA,AUTOMATIC,57000,18000,SA,2016
2012 Holden Astra,grey,PETROL,HOLDEN,ASTRA,AUTOMATIC,145000,8990,SA,2012
2002 Kia Kia Pregio,white,DIESEL,KIA,KIA PREGIO,MANUAL,380000,4000,SA,2002
2000 Holden Rodeo,silver,PETROL,HOLDEN,RODEO,MANUAL,310000,4500,NSW,2000
2009 Holden Captiva,blue,DIESEL,HOLDEN,CAPTIVA,AUTOMATIC,280000,4000,VIC,2009
2013 Mazda CX-5,blue,PETROL,MAZDA,CX-5,AUTOMATIC,112923,5000,SA,2013
2004 Ford Focus,blue,PETROL,FORD,FOCUS,AUTOMATIC,178717,3500,VIC,2004
2010 HSV HSV Maloo,black,PETROL,HSV,MALOO,MANUAL,174500,35000,WA,2010
2003 Ford Falcon,blue,PETROL,FORD,FALCON,MANUAL,160000,4500,QLD,2003
2003 Hyundai Getz,grey,PETROL,HYUNDAI,GETZ,MANUAL,243000,3500,WA,2003
2015 Hyundai Elantra,red,PETROL,HYUNDAI,ELANTRA,AUTOMATIC,280000,6500,WA,2015
2004 Toyota Landcruiser 100,black,PETROL,TOYOTA,LANDCRUISER,AUTOMATIC,440000,17000,WA,2004
2004 Ford Focus,blue,PETROL,FORD,FOCUS,AUTOMATIC,152700,4000,WA,2004
2013 Toyota RAV4,white,PETROL,TOYOTA,RAV4,AUTOMATIC,169000,19000,WA,2013
2005 Toyota Corolla,blue,PETROL,TOYOTA,COROLLA,AUTOMATIC,282300,5200,WA,2005
2022 Nissan Navara,white,DIESEL,NISSAN,NAVARA,AUTOMATIC,89000,41000,WA,2022
2001 Mitsubishi Pajero,blue,PETROL,MITSUBISHI,PAJERO,AUTOMATIC,123456,99999,WA,2001
2012 Renault Koleos,grey,PETROL,RENAULT,KOLEOS,AUTOMATIC,156000,9000,WA,2012
2020 Great Wall steed,white,DIESEL,GWM,STEED,MANUAL,41764,17500,WA,2020
2011 Volkswagen Passat,black,PETROL,VOLKSWAGEN,PASSAT,AUTOMATIC,1234,4000,WA,2011
2018 Toyota Hilux,blue,DIESEL,TOYOTA,HILUX,AUTOMATIC,200000,46000,QLD,2018
2015 Toyota Hiace,white,PETROL,TOYOTA,HIACE,AUTOMATIC,162569,20999,QLD,2015
2011 Nissan Navara,silver,DIESEL,NISSAN,NAVARA,MANUAL,250000,7250,QLD,2011
2007 MINI Cooper,black,PETROL,MINI,COOPER,MANUAL,163625,5500,QLD,2007
2013 Ford Fiesta,silver,PETROL,FORD,FIESTA,MANUAL,152273,8000,QLD,2013
2016 Toyota RAV4,white,DIESEL,TOYOTA,RAV4,AUTOMATIC,160000,23500,QLD,2016
2017 Volkswagen Golf,white,PETROL,VOLKSWAGEN,GOLF,AUTOMATIC,229000,10000,QLD,2017
2018 Renault Master,white,DIESEL,RENAULT,MASTER,AUTOMATIC,145000,29999,QLD,2018
2010 Kia rio,grey,PETROL,KIA,RIO,MANUAL,215000,2500,QLD,2010
2013 Mitsubishi Lancer ,blue,PETROL,MITSUBISHI,LANCER,AUTOMATIC,170000,8900,QLD,2013
2003 Toyota MR2,black,PETROL,TOYOTA,MR2,AUTOMATIC,243000,17000,QLD,2003
2014 Mercedes-Benz Ml 63 amg,black,PETROL,MERCEDES-BENZ,CLA,AUTOMATIC,1000,3700,NSW,2014
2008 Nissan navara stx,white,PETROL,NISSAN,NAVARA,AUTOMATIC,180000,13500,QLD,2008
2008 BMW M3,silver,PETROL,BMW,SERIES 3,MANUAL,130000,53000,QLD,2008
2012 Nissan Micra,white,PETROL,NISSAN,MICRA,MANUAL,129000,3500,QLD,2012
2006 Toyota Hilux,brown,DIESEL,TOYOTA,HILUX,MANUAL,260000,23000,QLD,2006
2011 Mazda CX-7,black,OTHER,MAZDA,CX-7,AUTOMATIC,110000,10500,NSW,2011
2014 Mitsubishi Lancer,red,PETROL,MITSUBISHI,LANCER,MANUAL,235000,11999,NSW,2014
2013 Volkswagen Passat,white,PETROL,VOLKSWAGEN,PASSAT,AUTOMATIC,182000,7500,NSW,2013
2014 Audi Q3,black,OTHER,AUDI,Q3,AUTOMATIC,186000,11500,NSW,2014
2017 Holden Captiva,silver,PETROL,HOLDEN,CAPTIVA,AUTOMATIC,99600,10900,NSW,2017
2017 Mazda CX-3,grey,PETROL,MAZDA,CX-3,AUTOMATIC,87805,20880,NSW,2017
2013 Lexus Lexus IS 250,black,PETROL,LEXUS,IS,AUTOMATIC,56000,29000,NSW,2013
2012 Volkswagen Golf,black,PETROL,VOLKSWAGEN,GOLF,AUTOMATIC,143000,12500,NSW,2012
2005 Subaru Outback,grey,PETROL,SUBARU,OUTBACK,AUTOMATIC,295000,2500,NSW,2005
2015 Toyota Corolla,red,OTHER,TOYOTA,COROLLA,AUTOMATIC,183000,14990,NSW,2015
2010 Audi Q5,white,DIESEL,AUDI,Q5,AUTOMATIC,220000,12000,NSW,2010
2010 Subaru Impreza,gold,PETROL,SUBARU,IMPREZA,AUTOMATIC,200558,3500,NSW,2010
2017 Toyota Corolla,black,PETROL,TOYOTA,COROLLA,AUTOMATIC,220000,13800,NSW,2017
1976 Jaguar Jaguar XJ6,grey,PETROL,JAGUAR,XJ,MANUAL,80000,4500,NSW,1976
2016 Toyota Camry,red,PETROL,TOYOTA,CAMRY,AUTOMATIC,97000,20500,NSW,2016
2013 Volkswagen Golf,grey,PETROL,VOLKSWAGEN,GOLF,AUTOMATIC,122000,15750,NSW,2013
2011 Land Rover Range Rover,black,OTHER,LAND-ROVER,RANGE ROVER,AUTOMATIC,151000,32000,NSW,2011
2015 Kia Rio ,blue,PETROL,KIA,RIO,AUTOMATIC,104834,10990,VIC,2015
2021 Mazda CX-5,black,PETROL,MAZDA,CX-5,AUTOMATIC,96000,24000,VIC,2021
2010 Toyota Hilux,white,DIESEL,TOYOTA,HILUX,AUTOMATIC,335281,18999,NSW,2010
2016 Toyota Corolla,green,PETROL,TOYOTA,COROLLA,AUTOMATIC,163000,16200,VIC,2016
1999 Toyota landcruiser prado snowy gxl,green,PETROL,TOYOTA,LANDCRUISER,MANUAL,360000,17500,VIC,1999
2021 Toyota Camry,silver,HYBRID,TOYOTA,CAMRY,AUTOMATIC,41610,33000,VIC,2021
2001 Holden Commodore ss ,black,OTHER,HOLDEN,COMMODORE,AUTOMATIC,200134,16900,NSW,2001
2006 Honda civic vti,blue,PETROL,HONDA,CIVIC,AUTOMATIC,140000,7500,VIC,2006
2014 Kia Optima,grey,PETROL,KIA,OPTIMA,AUTOMATIC,197651,9500,VIC,2014
2012 Volkswagen Polo,white,DIESEL,VOLKSWAGEN,POLO,AUTOMATIC,21113,5999,VIC,2012
2006 Toyota Crown,white,OTHER,TOYOTA,CROWN,AUTOMATIC,117000,16700,VIC,2006
2014 Renault Megane,silver,DIESEL,RENAULT,MEGANE,AUTOMATIC,300000,3500,VIC,2014
2013 Volkswagen Caddy,white,DIESEL,VOLKSWAGEN,CADDY,MANUAL,183000,12000,SA,2013
2020 Mitsubishi Outlander,red,PETROL,MITSUBISHI,OUTLANDER,AUTOMATIC,168629,23500,SA,2020
2004 Mitsubishi Magna,black,PETROL,MITSUBISHI,MAGNA,AUTOMATIC,225354,3000,VIC,2004
2015 Jeep Compass,red,PETROL,JEEP,COMPASS,AUTOMATIC,131666,7000,SA,2015
2006 Toyota Landcruiser Prado,silver,DIESEL,TOYOTA,LANDCRUISER,AUTOMATIC,391000,11500,SA,2006
2018 Subaru Outback,silver,PETROL,SUBARU,OUTBACK,AUTOMATIC,88177,23500,SA,2018
2004 Ford Fiesta,silver,PETROL,FORD,FIESTA,AUTOMATIC,153000,3200,SA,2004
2014 Ford Fiesta,blue,OTHER,FORD,FIESTA,MANUAL,124500,17000,SA,2014
2014 Jeep wrangler jk overland 4dr 3.6i,white,PETROL,JEEP,WRANGLER,AUTOMATIC,158870,24000,SA,2014
1994 Toyota Hilux,white,DIESEL,TOYOTA,HILUX,MANUAL,251000,15500,SA,1994
2014 Mercedes-Benz a-class,grey,PETROL,MERCEDES-BENZ,A-CLASS,AUTOMATIC,50430,16900,NSW,2014
2014 Toyota RAV4 Wagon GX ZSA42R MY14,white,PETROL,TOYOTA,RAV4,AUTOMATIC,152223,18977,SA,2014
2012 Ford Ranger,silver,DIESEL,FORD,RANGER,MANUAL,297000,19900,NSW,2012
2013 Nissan X-Trail,black,PETROL,NISSAN,X-TRAIL,AUTOMATIC,220000,8995,QLD,2013
1989 Mazda MX-5,red,PETROL,MAZDA,MX-5,MANUAL,277000,14500,NSW,1989
2006 Toyota Corolla,blue,PETROL,TOYOTA,COROLLA,AUTOMATIC,240000,5995,NSW,2006
2016 Ford Transit MWB Manual Van ,white,DIESEL,FORD,TRANSIT,MANUAL,307000,16650,NSW,2016
2012 Mazda CX-5,white,DIESEL,MAZDA,CX-5,AUTOMATIC,142000,14500,QLD,2012
2012 Nissan Micra,silver,PETROL,NISSAN,MICRA,AUTOMATIC,174374,4000,NSW,2012
2021 Volkswagen Golf,silver,OTHER,VOLKSWAGEN,GOLF,AUTOMATIC,41500,26950,NSW,2021
2012 Mazda CX-5,silver,PETROL,MAZDA,CX-5,AUTOMATIC,179000,12500,NSW,2012
2009 Suzuki Swift,white,PETROL,SUZUKI,SWIFT,MANUAL,230000,4000,QLD,2009
2010 Lexus Lexus IS 250,white,PETROL,LEXUS,IS,AUTOMATIC,179150,13000,NSW,2010
2010 Holden Holden Colorado,white,PETROL,HOLDEN,COLORADO,MANUAL,274000,7500,SA,2010
2019 Holden Acadia,silver,PETROL,HOLDEN,ACADIA,AUTOMATIC,82135,22500,WA,2019
2007 Holden Astra,silver,PETROL,HOLDEN,ASTRA,AUTOMATIC,246398,2700,WA,2007
2004 Mercedes-Benz Sprinter,white,DIESEL,MERCEDES-BENZ,SPRINTER,AUTOMATIC,275000,8600,WA,2004
2020 Hyundai i30 active hatchback auto,white,PETROL,HYUNDAI,I30,AUTOMATIC,83868,18990,WA,2020
2008 Holden Commodore,silver,PETROL,HOLDEN,COMMODORE,AUTOMATIC,342632,4000,WA,2008
2019 Mazda CX-5,silver,PETROL,MAZDA,CX-5,AUTOMATIC,88664,27999,WA,2019
2006 Suzuki Swift,grey,PETROL,SUZUKI,SWIFT,AUTOMATIC,167500,4700,WA,2006
2012 Nissan Micra · ST,red,PETROL,NISSAN,MICRA,AUTOMATIC,190000,6000,WA,2012
2011 Holden Commodore,blue,PETROL,HOLDEN,COMMODORE,AUTOMATIC,206777,6000,NSW,2011
2023 Subaru WRX,blue,OTHER,SUBARU,WRX,MANUAL,38847,41999,WA,2023
2007 Toyota Landcruiser 100,black,PETROL,TOYOTA,LANDCRUISER,AUTOMATIC,374295,27000,WA,2007
2006 Toyota Camry,blue,PETROL,TOYOTA,CAMRY,AUTOMATIC,260000,4800,WA,2006
2006 Holden Rodeo,white,DIESEL,HOLDEN,RODEO,MANUAL,370670,9000,WA,2006
2017 Mazda CX-5,grey,PETROL,MAZDA,CX-5,AUTOMATIC,125000,24950,VIC,2017
2008 Holden Commodore,black,PETROL,HOLDEN,COMMODORE,MANUAL,174375,25000,WA,2008
2008 Mitsubishi Lancer,white,PETROL,MITSUBISHI,LANCER,AUTOMATIC,200000,3800,WA,2008
2023 Subaru WRX,white,PETROL,SUBARU,WRX,MANUAL,57000,40500,VIC,2023
2008 Hyundai i30 SR FD ,white,PETROL,HYUNDAI,I30,AUTOMATIC,214690,6990,WA,2008
2005 Toyota Camry,silver,PETROL,TOYOTA,CAMRY,AUTOMATIC,239567,2800,VIC,2005
2010 Holden Commodore,silver,PETROL,HOLDEN,COMMODORE,AUTOMATIC,280000,4700,VIC,2010
2019 Nissan Pathfinder,silver,PETROL,NISSAN,PATHFINDER,AUTOMATIC,38000,18500,VIC,2019
2001 Honda Civic,silver,PETROL,HONDA,CIVIC,AUTOMATIC,391772,4750,VIC,2001
2014 Renault Megane,blue,OTHER,RENAULT,MEGANE,AUTOMATIC,138000,4800,VIC,2014
2012 Toyota Toyota Kluger,blue,PETROL,TOYOTA,KLUGER,AUTOMATIC,212000,12900,VIC,2012
2005 Toyota Corolla,blue,PETROL,TOYOTA,COROLLA,AUTOMATIC,281000,5900,VIC,2005
1992 Toyota Toyota Soarer,green,OTHER,TOYOTA,TOYOTA SOARER,AUTOMATIC,19840,11000,VIC,1992
2020 Holden Commodore,grey,PETROL,HOLDEN,COMMODORE,AUTOMATIC,141000,18500,VIC,2020
2008 Mercedes-Benz c-class,white,PETROL,MERCEDES-BENZ,C-CLASS,AUTOMATIC,250000,8000,VIC,2008
2014 Subaru Outback,white,DIESEL,SUBARU,OUTBACK,AUTOMATIC,253282,9650,VIC,2014
2021 Toyota Landcruiser Prado,white,DIESEL,TOYOTA,LANDCRUISER,AUTOMATIC,158000,53800,VIC,2021
2011 Toyota Camry,silver,OTHER,TOYOTA,CAMRY,AUTOMATIC,186000,8999,VIC,2011
2012 Volkswagen Jetta,black,PETROL,VOLKSWAGEN,JETTA,AUTOMATIC,150000,7000,QLD,2012
2010 Mitsubishi Lancer,silver,PETROL,MITSUBISHI,LANCER,MANUAL,157000,3500,QLD,2010
1988 Ford Falcon XF Ute,blue,OTHER,FORD,FALCON,AUTOMATIC,279735,6000,VIC,1988
2006 Toyota Camry,white,PETROL,TOYOTA,CAMRY,AUTOMATIC,182000,4250,QLD,2006
2019 Toyota Landcruiser,white,DIESEL,TOYOTA,LANDCRUISER,AUTOMATIC,235000,76000,VIC,2019
2004 Holden Commodore,blue,PETROL,HOLDEN,COMMODORE,AUTOMATIC,350000,4000,SA,2004
2011 Audi A5,grey,DIESEL,AUDI,A5,AUTOMATIC,153000,12200,QLD,2011
2016 Kia Rio,silver,OTHER,KIA,RIO,AUTOMATIC,124000,8900,QLD,2016
2017 Honda Civic,silver,PETROL,HONDA,CIVIC,AUTOMATIC,220000,17500,QLD,2017
1976 Land Rover Land Rover Series III,green,DIESEL,LAND-ROVER,LAND ROVER SERIES III,MANUAL,100000,15000,QLD,1976
2023 Toyota Hilux,white,DIESEL,TOYOTA,HILUX,MANUAL,30000,55000,QLD,2023
2002 Ford Fairmont,burgundy,OTHER,FORD,FAIRMONT,AUTOMATIC,300000,5000,QLD,2002
2012 Toyota Hilux,white,DIESEL,TOYOTA,HILUX,MANUAL,300000,18990,QLD,2012
2009 Nissan Navara,white,DIESEL,NISSAN,NAVARA,MANUAL,290600,8500,QLD,2009
2012 Volkswagen Golf Mk6 2.0TDI Bluemotion,silver,DIESEL,VOLKSWAGEN,GOLF,AUTOMATIC,139000,10500,QLD,2012
2016 Mercedes-Benz a class 200 diesel,silver,DIESEL,MERCEDES-BENZ,CLA,AUTOMATIC,79600,25500,SA,2016
2017 BMW X5,black,DIESEL,BMW,X5,AUTOMATIC,59000,49500,SA,2017
2005 Mercedes-Benz e-class,black,PETROL,MERCEDES-BENZ,E-CLASS,AUTOMATIC,262000,3800,SA,2005
2009 Holden commodore ssv wagon,white,OTHER,HOLDEN,COMMODORE,MANUAL,142000,40000,QLD,2009
2022 Mitsubishi Outlander,white,PETROL,MITSUBISHI,OUTLANDER,AUTOMATIC,69000,39200,QLD,2022
2019 Renault electric kangoo maxi z.e. electric minivan,white,ELECTRIC,RENAULT,KANGOO,AUTOMATIC,48980,25888,SA,2019
2003 Toyota Landcruiser Prado,white,PETROL,TOYOTA,LANDCRUISER,AUTOMATIC,252208,16000,SA,2003
2011 Toyota hiace welcab wheelchair accessable auto low km,white,PETROL,TOYOTA,HIACE,AUTOMATIC,107300,32990,SA,2011
2014 Toyota land cruiser prado-kakadu 3.0d4d,white,DIESEL,TOYOTA,PRADO,AUTOMATIC,159000,52000,SA,2014
2008 Ford Focus,black,PETROL,FORD,FOCUS,MANUAL,178000,3250,QLD,2008
1978 Land Rover Land Rover Series III,white,PETROL,LAND-ROVER,LAND ROVER SERIES III,MANUAL,32515,5000,SA,1978
2012 Volkswagen Jetta,silver,DIESEL,VOLKSWAGEN,JETTA,AUTOMATIC,229800,6199,SA,2012
2005 Mitsubishi Mitsubishi Express,white,OTHER,MITSUBISHI,EXPRESS,MANUAL,242730,6000,NSW,2005
2010 BMW series 1,grey,PETROL,BMW,SERIES 1,AUTOMATIC,90000,23999,NSW,2010
1968 Holden Holden Kingswood,white,PETROL,HOLDEN,HOLDEN KINGSWOOD,AUTOMATIC,1000000,14500,SA,1968
2008 Toyota Corolla,grey,OTHER,TOYOTA,COROLLA,AUTOMATIC,213000,6400,NSW,2008
2004 Holden Astra,black,PETROL,HOLDEN,ASTRA,MANUAL,95000,3000,NSW,2004
2014 Citroën c4 seduction e-hdi b7 my14 5dr hatch 1.6dt,blue,DIESEL,CITROËN,C4,AUTOMATIC,87000,8999,NSW,2014
2011 Subaru Forester,white,DIESEL,SUBARU,FORESTER,MANUAL,175000,12500,SA,2011
2021 Toyota 86 gts,black,OTHER,TOYOTA,86 GTS,AUTOMATIC,88000,32950,NSW,2021
2013 Mazda BT-50,burgundy,DIESEL,MAZDA,BT-50,AUTOMATIC,304214,14200,QLD,2013
2013 Holden Ltz Colorado dual cab Ute,grey,DIESEL,HOLDEN,COLORADO,MANUAL,204000,15000,QLD,2013
2000 Ford Laser,red,PETROL,FORD,LASER,AUTOMATIC,177000,4000,QLD,2000
2011 Renault Kangoo,white,DIESEL,RENAULT,KANGOO,MANUAL,12345,2500,VIC,2011
2017 Nissan navara st-x auto 4x4 dual cab luxury ute,grey,DIESEL,NISSAN,NAVARA,AUTOMATIC,269857,23990,QLD,2017
"2000 Nissan MAXIMA S🚀LOW 151,398KMS🚀⭐AUTO⭐REGO⭐RWC⭐",gold,PETROL,NISSAN,MAXIMA,AUTOMATIC,151398,3499,QLD,2000
"2013 Holden CRUZE EQUIPE⭐LOW 117,993KMS⭐🙀AUTO🙀REGO🙀RWC🙀",white,PETROL,HOLDEN,CRUZE,AUTOMATIC,117993,5999,QLD,2013
2009 Holden Captiva,grey,PETROL,HOLDEN,CAPTIVA,AUTOMATIC,148220,6000,VIC,2009
2012 Holden 2012 holden cruze,gold,PETROL,HOLDEN,CRUZE,AUTOMATIC,150000,2500,VIC,2012
2013 Toyota Corolla,blue,PETROL,TOYOTA,COROLLA,AUTOMATIC,283000,8999,WA,2013
2017 Suzuki Swift,red,PETROL,SUZUKI,SWIFT,AUTOMATIC,118420,15999,WA,2017
1998 Holden Rodeo,blue,OTHER,HOLDEN,RODEO,AUTOMATIC,334000,4500,VIC,1998
2004 Ford Falcon,yellow,PETROL,FORD,FALCON,AUTOMATIC,198000,17500,VIC,2004
2001 Hyundai Santa Fe,white,PETROL,HYUNDAI,SANTA FE,AUTOMATIC,284000,3690,VIC,2001
2007 Nissan Tiida,gold,OTHER,NISSAN,TIIDA,MANUAL,130000,3400,VIC,2007
2004 Nissan Navara,silver,DIESEL,NISSAN,NAVARA,MANUAL,355000,5500,VIC,2004
2014 Mitsubishi Triton 4x4,silver,DIESEL,MITSUBISHI,TRITON,MANUAL,231000,13800,VIC,2014
2004 Nissan Navara,silver,DIESEL,NISSAN,NAVARA,MANUAL,258000,10000,VIC,2004
2004 Ford falcon xls ba mkii - tray ute,red,PETROL,FORD,FALCON,AUTOMATIC,215000,3000,VIC,2004
2007 Toyota Hilux,white,OTHER,TOYOTA,HILUX,MANUAL,314000,16000,VIC,2007
2008 Toyota Hiace,silver,DIESEL,TOYOTA,HIACE,MANUAL,360000,13500,VIC,2008
2005 Toyota Corolla,white,PETROL,TOYOTA,COROLLA,AUTOMATIC,220000,5200,VIC,2005
2008 Volkswagen transporter crewvan t5,grey,DIESEL,VOLKSWAGEN,TRANSPORTER,AUTOMATIC,264660,12990,QLD,2008
2009 Subaru Impreza,silver,PETROL,SUBARU,IMPREZA,MANUAL,226000,7000,QLD,2009
2006 Nissan Pathfinder,grey,OTHER,NISSAN,PATHFINDER,MANUAL,245951,8600,QLD,2006
2018 Ford ranger xl px mk111 auto 4x4 dual cab ute,white,DIESEL,FORD,RANGER,AUTOMATIC,222576,21870,QLD,2018
2009 Mercedes-Benz Mercedes-Benz ML350,silver,DIESEL,MERCEDES-BENZ,MERCEDES-BENZ ML350,AUTOMATIC,249000,8000,QLD,2009
2015 Mitsubishi triton,silver,DIESEL,MITSUBISHI,TRITON,AUTOMATIC,227246,13850,QLD,2015
2007 Audi A4,silver,PETROL,AUDI,A4,AUTOMATIC,215000,8800,VIC,2007
"2007 Lexus rx400h reliable hybrid suv leather, sunroof, spacious & comfy. new 3 months rego, rwc, clear ppsr & 1 year extended warranty inc.",white,HYBRID,LEXUS,RX,AUTOMATIC,322198,8940,QLD,2007
2021 Ford Ranger Raptor X,grey,DIESEL,FORD,RANGER,AUTOMATIC,66000,86500,QLD,2021
2008 Audi Q7,grey,DIESEL,AUDI,Q7,AUTOMATIC,200000,12345,QLD,2008
2005 Toyota tarago,grey,PETROL,TOYOTA,TARAGO,AUTOMATIC,123456,7000,QLD,2005
2016 Honda Odyssey,black,HYBRID,HONDA,ODYSSEY,AUTOMATIC,175000,21000,QLD,2016
2011 Mazda CX-7,white,DIESEL,MAZDA,CX-7,AUTOMATIC,220000,7900,VIC,2011
2002 Toyota Landcruiser,white,PETROL,TOYOTA,LANDCRUISER,AUTOMATIC,517000,13000,VIC,2002
2007 Mercedes-Benz sprinter van,white,DIESEL,MERCEDES-BENZ,SPRINTER,AUTOMATIC,520000,6900,VIC,2007
2002 Ford Laser,silver,PETROL,FORD,LASER,AUTOMATIC,250000,4500,VIC,2002
1997 Isuzu NKR,white,OTHER,ISUZU,NKR,MANUAL,28500,6800,QLD,1997
2005 Nissan Pulsar,silver,PETROL,NISSAN,PULSAR,AUTOMATIC,278000,5000,VIC,2005
2008 Toyota Crown Hybrid G Package Low kms ,white,HYBRID,TOYOTA,CROWN,AUTOMATIC,87800,19988,VIC,2008
2010 Audi A3,white,OTHER,AUDI,A3,AUTOMATIC,175000,5200,VIC,2010
2022 BMW BMW M3 Competition xDrive,yellow,PETROL,BMW,M3,AUTOMATIC,18000,139999,VIC,2022
2015 Renault Megane GT Line,white,OTHER,RENAULT,MEGANE,AUTOMATIC,220000,9500,VIC,2015
2013 Ford Fiesta,white,PETROL,FORD,FIESTA,MANUAL,120000,8000,VIC,2013
2013 Audi A3,grey,PETROL,AUDI,A3,AUTOMATIC,199000,9000,VIC,2013
2010 Volkswagen Passat,grey,PETROL,VOLKSWAGEN,PASSAT,AUTOMATIC,103734,9990,VIC,2010
2012 Mitsubishi Mirage,white,PETROL,MITSUBISHI,MIRAGE,MANUAL,214000,5250,VIC,2012
2020 Mazda CX-8,blue,PETROL,MAZDA,CX-8,AUTOMATIC,84500,25500,QLD,2020
2017 Nissan X-Trail,grey,PETROL,NISSAN,X-TRAIL,AUTOMATIC,165000,15000,VIC,2017
1997 Toyota Hilux,white,DIESEL,TOYOTA,HILUX,MANUAL,240000,7000,QLD,1997
2003 Toyota COROLLA CONQUEST⭐AUTO⭐🙀REGO🙀RWC🙀,silver,PETROL,TOYOTA,COROLLA,AUTOMATIC,265541,3999,QLD,2003
2023 Haval H6GT,white,PETROL,HAVAL,H6,AUTOMATIC,42800,26500,QLD,2023
"2008 Honda ACCORD VTi🚀LOW 191,250KMS🚀🔥REGO🔥RWC🔥AUTO🔥",black,PETROL,HONDA,ACCORD,AUTOMATIC,191250,4499,QLD,2008
2004 Mercedes-Benz other,white,DIESEL,MERCEDES-BENZ,OTHER,AUTOMATIC,692819,30000,QLD,2004
"2010 Holden CRUZE CDX🚀LOW 164,812KMS🚀🔥AUTO🔥REGO🔥RWC🔥",black,PETROL,HOLDEN,CRUZE,AUTOMATIC,164812,5499,QLD,2010
2014 Holden BARINA CD🚀AUTO🚀🤑REGO🤑RWC🤑,silver,PETROL,HOLDEN,BARINA,AUTOMATIC,208237,4999,QLD,2014
2012 Volkswagen Passat,white,DIESEL,VOLKSWAGEN,PASSAT,AUTOMATIC,265082,4000,QLD,2012
2002 Nissan pulsar st❤️‍🔥auto❤️‍🔥🔥rego🔥rwc🔥,white,PETROL,NISSAN,PULSAR,AUTOMATIC,234334,2999,QLD,2002
2010 Toyota Landcruiser 200 Series (GXL),blue,DIESEL,TOYOTA,LANDCRUISER,AUTOMATIC,262329,52000,QLD,2010
1982 Nissan Bluebird,white,PETROL,NISSAN,BLUEBIRD,AUTOMATIC,26000,10000,SA,1982
2014 Hyundai Accent,white,PETROL,HYUNDAI,ACCENT,AUTOMATIC,51000,10500,SA,2014
2016 Honda Jazz,silver,PETROL,HONDA,JAZZ,AUTOMATIC,140000,13500,SA,2016
2022 Subaru BRZ,blue,PETROL,SUBARU,BRZ,MANUAL,62687,35490,QLD,2022
2005 Ford Falcon,silver,PETROL,FORD,FALCON,AUTOMATIC,225500,5799,SA,2005
2018 Nissan qashqai st-l,grey,PETROL,NISSAN,QASHQAI,AUTOMATIC,69870,21000,NSW,2018
2007 Toyota RAV4,black,PETROL,TOYOTA,RAV4,AUTOMATIC,192000,9200,WA,2007
2009 Hyundai Tucson,white,PETROL,HYUNDAI,TUCSON,AUTOMATIC,199864,5199,WA,2009
2017 Ford EcoSport,orange,OTHER,FORD,ECOSPORT,AUTOMATIC,94195,9400,WA,2017
2014 Suzuki Swift,white,PETROL,SUZUKI,SWIFT,MANUAL,147000,10000,WA,2014
2018 Mercedes-Benz E200,silver,PETROL,MERCEDES-BENZ,E-CLASS,AUTOMATIC,66949,41500,WA,2018
2012 Hyundai i20,blue,OTHER,HYUNDAI,I20,AUTOMATIC,22883,9999,WA,2012
2023 Toyota Hiace,white,DIESEL,TOYOTA,HIACE,AUTOMATIC,51000,65000,WA,2023
2016 Volkswagen Polo,white,PETROL,VOLKSWAGEN,POLO,AUTOMATIC,100000,8500,WA,2016
2022 Kia Cerato,white,PETROL,KIA,CERATO,AUTOMATIC,20000,27000,WA,2022
2008 Toyota Landcruiser,silver,DIESEL,TOYOTA,LANDCRUISER,MANUAL,223000,60000,WA,2008
2020 Ford Ranger,white,DIESEL,FORD,RANGER,AUTOMATIC,198542,26490,WA,2020
2014 Ford Kuga,silver,PETROL,FORD,KUGA,AUTOMATIC,185000,10500,WA,2014
2019 Ford Ranger,white,DIESEL,FORD,RANGER,AUTOMATIC,147000,26500,WA,2019
2013 Hyundai i30,black,PETROL,HYUNDAI,I30,MANUAL,286000,7000,WA,2013
2018 Nissan X-Trail,white,PETROL,NISSAN,X-TRAIL,AUTOMATIC,171000,14750,WA,2018
2019 Volkswagen Golf,white,PETROL,VOLKSWAGEN,GOLF,AUTOMATIC,129509,30000,WA,2019
2015 Ford Ranger,white,DIESEL,FORD,RANGER,MANUAL,290222,6000,VIC,2015
2018 Ford Ranger,grey,DIESEL,FORD,RANGER,AUTOMATIC,149933,33900,VIC,2018
1963 Volkswagen Beetle,grey,PETROL,VOLKSWAGEN,BEETLE,MANUAL,93720,30000,WA,1963
2006 Toyota Yaris,white,PETROL,TOYOTA,YARIS,AUTOMATIC,67000,9000,VIC,2006
2005 Holden statesman wl,silver,PETROL,HOLDEN,STATESMAN,AUTOMATIC,366000,5000,WA,2005
2014 BMW 328I,blue,PETROL,BMW,SERIES 3,AUTOMATIC,154000,22000,VIC,2014
2003 Mitsubishi Lancer,black,PETROL,MITSUBISHI,LANCER,MANUAL,148000,37990,VIC,2003
2010 Holden Caprice,black,PETROL,HOLDEN,CAPRICE,AUTOMATIC,100000,60000,VIC,2010
2008 Nissan Micra,red,DIESEL,NISSAN,MICRA,AUTOMATIC,218000,3000,VIC,2008
2012 Jeep Grand Cherokee,silver,OTHER,JEEP,GRAND CHEROKEE,AUTOMATIC,268000,5500,VIC,2012
2018 Honda Fit Hybrid,red,HYBRID,HONDA,FIT HYBRID,AUTOMATIC,95000,15500,VIC,2018
2015 Mitsubishi Pajero,black,DIESEL,MITSUBISHI,PAJERO,AUTOMATIC,162000,24999,VIC,2015
2010 Toyota Hilux,black,OTHER,TOYOTA,HILUX,AUTOMATIC,280000,19999,VIC,2010
2014 BMW X4,white,PETROL,BMW,X4,AUTOMATIC,140000,17000,VIC,2014
2018 Toyota Camry,silver,HYBRID,TOYOTA,CAMRY,AUTOMATIC,183000,20990,VIC,2018
2024 Toyota RAV4,white,HYBRID,TOYOTA,RAV4,AUTOMATIC,22000,45000,VIC,2024
2019 Volkswagen Polo,white,PETROL,VOLKSWAGEN,POLO,AUTOMATIC,90000,15000,VIC,2019
2015 Ford Fiesta,white,OTHER,FORD,FIESTA,MANUAL,159000,2899,VIC,2015
2016 Ford Falcon,grey,PETROL,FORD,FALCON,AUTOMATIC,42000,32000,VIC,2016
2021 Jeep gladiator,white,PETROL,JEEP,GLADIATOR,AUTOMATIC,99102,54500,VIC,2021
2005 Toyota Avalon,white,PETROL,TOYOTA,AVALON,AUTOMATIC,185000,3900,NSW,2005
2010 Toyota Crown,black,PETROL,TOYOTA,CROWN,AUTOMATIC,120000,20000,NSW,2010
2000 Mitsubishi Lancer,blue,PETROL,MITSUBISHI,LANCER,AUTOMATIC,255000,2500,NSW,2000
2021 Toyota Hilux,white,DIESEL,TOYOTA,HILUX,AUTOMATIC,215459,27500,NSW,2021
2009 Toyota Kluger Grande,grey,PETROL,TOYOTA,KLUGER,AUTOMATIC,233109,7800,NSW,2009
2016 Subaru XV,white,PETROL,SUBARU,XV,AUTOMATIC,86000,18500,NSW,2016
2010 Volkswagen Golf,black,PETROL,VOLKSWAGEN,GOLF,AUTOMATIC,218000,5000,NSW,2010
1999 BMW M roadster,silver,PETROL,BMW,M ROADSTER,MANUAL,96500,16500,NSW,1999
1999 Nissan Patrol,gold,PETROL,NISSAN,PATROL,AUTOMATIC,116926,16000,NSW,1999
2014 Hyundai i20,blue,PETROL,HYUNDAI,I20,AUTOMATIC,148500,8000,NSW,2014
2013 Volkswagen Amarok,silver,DIESEL,VOLKSWAGEN,AMAROK,MANUAL,140000,11000,NSW,2013
2019 Toyota RAV4,white,PETROL,TOYOTA,RAV4,AUTOMATIC,97000,28500,NSW,2019
2003 Holden Commodore,grey,PETROL,HOLDEN,COMMODORE,AUTOMATIC,333500,4000,NSW,2003
2017 Audi Q7,white,DIESEL,AUDI,Q7,AUTOMATIC,158700,25500,NSW,2017
2022 Suzuki Jimny,grey,PETROL,SUZUKI,JIMNY,AUTOMATIC,42000,31000,NSW,2022
2016 Isuzu dmax,white,DIESEL,ISUZU,DMAX,MANUAL,160000,27000,NSW,2016
2008 Hyundai i30,white,PETROL,HYUNDAI,I30,AUTOMATIC,359674,4500,WA,2008
2020 Ford Ranger,grey,DIESEL,FORD,RANGER,AUTOMATIC,170000,30000,NSW,2020
2017 Mercedes-Benz a250 sport,black,PETROL,MERCEDES-BENZ,A250 SPORT,AUTOMATIC,148000,21999,NSW,2017
2008 BMW 320i,grey,PETROL,BMW,SERIES 3,AUTOMATIC,200000,6500,QLD,2008
2007 Subaru Impreza,white,PETROL,SUBARU,IMPREZA,MANUAL,230000,4500,SA,2007
2010 Volvo XC60,silver,PETROL,VOLVO,XC60,AUTOMATIC,139000,4000,SA,2010
1998 Mazda MX-5,blue,PETROL,MAZDA,MX-5,MANUAL,148000,123456,SA,1998
2010 Holden Commodore,blue,PETROL,HOLDEN,COMMODORE,AUTOMATIC,231000,8000,SA,2010
2014 BMW 220D,white,DIESEL,BMW,SERIES 2,AUTOMATIC,199910,14599,SA,2014
2024 Haval gwm jolion ultra,white,PETROL,HAVAL,JOLION,AUTOMATIC,16087,28990,SA,2024
2014 Ford Kuga,black,PETROL,FORD,KUGA,AUTOMATIC,140000,3500,SA,2014
2009 Hyundai Getz,green,PETROL,HYUNDAI,GETZ,MANUAL,182000,3999,SA,2009
2008 Volvo V50,silver,PETROL,VOLVO,V50,AUTOMATIC,169392,6000,SA,2008
2015 Honda s660,white,OTHER,HONDA,S660,AUTOMATIC,37600,22000,SA,2015
2025 Mitsubishi Outlander,silver,PETROL,MITSUBISHI,OUTLANDER,AUTOMATIC,5300,51990,SA,2025
2016 Toyota Yaris,grey,PETROL,TOYOTA,YARIS,AUTOMATIC,117381,12000,SA,2016
2013 Toyota Hiace,white,PETROL,TOYOTA,HIACE,MANUAL,398452,24500,SA,2013
2016 Škoda Fabia,white,PETROL,ŠKODA,FABIA,AUTOMATIC,79000,10500,QLD,2016
2010 Holden Ute,black,PETROL,HOLDEN,UTE,MANUAL,160000,25000,QLD,2010
2017 Volkswagen Tiguan,silver,PETROL,VOLKSWAGEN,TIGUAN,AUTOMATIC,77000,17990,QLD,2017
2010 Ford Falcon,blue,PETROL,FORD,FALCON,AUTOMATIC,248000,8000,QLD,2010
2011 Volkswagen transporter,white,DIESEL,VOLKSWAGEN,TRANSPORTER,AUTOMATIC,390000,10000,VIC,2011
2014 Land Rover Range Rover Sport,black,DIESEL,LAND-ROVER,RANGE ROVER SPORT,AUTOMATIC,248000,28000,VIC,2014
2015 Toyota Corolla,white,PETROL,TOYOTA,COROLLA,MANUAL,165000,14000,NSW,2015
2009 Nissan Tiida,burgundy,PETROL,NISSAN,TIIDA,AUTOMATIC,214000,3500,SA,2009
2017 Nissan X-Trail,orange,PETROL,NISSAN,X-TRAIL,AUTOMATIC,93000,26000,VIC,2017
2006 Nissan Patrol,white,DIESEL,NISSAN,PATROL,AUTOMATIC,270000,29999,VIC,2006
1983 Land Rover Range Rover Classic,blue,PETROL,LAND-ROVER,RANGE ROVER,MANUAL,95000,6000,VIC,1983
2017 Ford Ranger,white,DIESEL,FORD,RANGER,AUTOMATIC,175852,28750,VIC,2017
2019 Tesla model 3 sr+,red,ELECTRIC,TESLA,MODEL 3,AUTOMATIC,126495,27000,VIC,2019
2004 Volkswagen Caravelle,silver,PETROL,VOLKSWAGEN,CARAVELLE,AUTOMATIC,217374,12500,VIC,2004
2009 Mitsubishi triton 4x4,white,DIESEL,MITSUBISHI,TRITON,AUTOMATIC,169500,16499,VIC,2009
2012 Holden Ute,black,PETROL,HOLDEN,UTE,AUTOMATIC,117449,20000,VIC,2012
2018 Mercedes-Benz B180,red,PETROL,MERCEDES-BENZ,B-CLASS,AUTOMATIC,54420,20999,VIC,2018
2014 Volkswagen Tiguan,white,PETROL,VOLKSWAGEN,TIGUAN,MANUAL,156000,7999,VIC,2014
2017 Holden Astra,white,PETROL,HOLDEN,ASTRA,MANUAL,149000,9000,NSW,2017
2009 Toyota Corolla,silver,PETROL,TOYOTA,COROLLA,AUTOMATIC,165000,8999,VIC,2009
2011 Isuzu Truck ,white,DIESEL,ISUZU,TRUCK,MANUAL,500000,90000,VIC,2011
2016 Holden Commodore,silver,OTHER,HOLDEN,COMMODORE,AUTOMATIC,224000,9990,NSW,2016
2014 Volkswagen Tiguan,black,PETROL,VOLKSWAGEN,TIGUAN,AUTOMATIC,157000,9500,NSW,2014
2022 Jeep Cherokee,charcoal,PETROL,JEEP,CHEROKEE,AUTOMATIC,65981,28000,NSW,2022
2013 Mitsubishi Triton GLXR,white,DIESEL,MITSUBISHI,TRITON,AUTOMATIC,76000,16000,VIC,2013
2017 Holden Astra,white,PETROL,HOLDEN,ASTRA,AUTOMATIC,132650,7000,NSW,2017
2022 Toyota Hilux,grey,DIESEL,TOYOTA,HILUX,AUTOMATIC,103000,63000,NSW,2022
2011 Hyundai i30,white,DIESEL,HYUNDAI,I30,AUTOMATIC,248000,3000,NSW,2011
1999 Subaru WRX,blue,PETROL,SUBARU,WRX,MANUAL,191322,22000,NSW,1999
2005 Nissan ELGRAND ,white,OTHER,NISSAN,ELGRAND,AUTOMATIC,175000,6900,NSW,2005
2009 Toyota Landcruiser,white,DIESEL,TOYOTA,LANDCRUISER,MANUAL,450000,30000,NSW,2009
2004 Lexus IS300,silver,PETROL,LEXUS,IS,AUTOMATIC,340000,8000,NSW,2004
2018 Volkswagen Golf,white,PETROL,VOLKSWAGEN,GOLF,MANUAL,46581,17000,NSW,2018
2015 Toyota Hilux,white,PETROL,TOYOTA,HILUX,MANUAL,158000,20000,NSW,2015
2017 Kia Cerato,grey,PETROL,KIA,CERATO,AUTOMATIC,160000,11900,NSW,2017
2006 Hyundai Terracan,green,DIESEL,HYUNDAI,TERRACAN,AUTOMATIC,229309,6999,SA,2006
2019 BMW M340i xdrive G20,black,PETROL,BMW,M3,AUTOMATIC,130500,53000,SA,2019
2008 Mazda BT-50,grey,OTHER,MAZDA,BT-50,AUTOMATIC,111960,12999,SA,2008
2007 Lexus Lexus IS 250,black,PETROL,LEXUS,IS,AUTOMATIC,195691,9500,NSW,2007
2011 Nissan Patrol,white,DIESEL,NISSAN,PATROL,MANUAL,192000,24999,SA,2011
2015 Volkswagen Scirocco,grey,PETROL,VOLKSWAGEN,SCIROCCO,AUTOMATIC,148000,24000,SA,2015
2013 Mitsubishi Outlander,black,PETROL,MITSUBISHI,OUTLANDER,AUTOMATIC,199500,10000,SA,2013
2012 Lexus RX450H,white,HYBRID,LEXUS,RX,AUTOMATIC,280000,22000,SA,2012
1992 Toyota 4Runner,white,PETROL,TOYOTA,4RUNNER,MANUAL,360000,13000,SA,1992
2013 Nissan pulsar sss,red,PETROL,NISSAN,PULSAR,AUTOMATIC,190000,7500,SA,2013
2016 Toyota Landcruiser,blue,DIESEL,TOYOTA,LANDCRUISER,MANUAL,271000,69500,SA,2016
2014 Mazda CX-5,black,PETROL,MAZDA,CX-5,AUTOMATIC,213000,11999,SA,2014
1999 Holden Commodore,white,OTHER,HOLDEN,COMMODORE,AUTOMATIC,300000,3500,SA,1999
2017 Honda Jazz,grey,PETROL,HONDA,JAZZ,AUTOMATIC,102500,14500,QLD,2017
2023 Volkswagen Golf,black,PETROL,VOLKSWAGEN,GOLF,AUTOMATIC,40000,34500,SA,2023
2020 Subaru Forester,grey,PETROL,SUBARU,FORESTER,AUTOMATIC,76000,27999,SA,2020
2019 BMW 530i M Sport,white,PETROL,BMW,530I M SPORT,AUTOMATIC,48241,45800,QLD,2019
2015 Mazda CX-3,white,OTHER,MAZDA,CX-3,AUTOMATIC,174556,11500,QLD,2015
2020 Toyota Landcruiser Prado,white,DIESEL,TOYOTA,LANDCRUISER,AUTOMATIC,67000,65000,QLD,2020
2018 Mercedes-Benz Glc63s,black,OTHER,MERCEDES-BENZ,GLC,AUTOMATIC,51423,92000,QLD,2018
2024 Mitsubishi Pajero Sport,silver,DIESEL,MITSUBISHI,PAJERO SPORT,AUTOMATIC,500,59000,SA,2024
2016 Suzuki Vitara,grey,PETROL,SUZUKI,VITARA,AUTOMATIC,96000,16990,QLD,2016
2013 Jeep Patriot,silver,PETROL,JEEP,PATRIOT,AUTOMATIC,166000,7000,QLD,2013
2023 Great Wall Cannon XSR,black,DIESEL,GWM,CANNON,AUTOMATIC,28109,35000,QLD,2023
2016 Suzuki Vitara,grey,PETROL,SUZUKI,VITARA,AUTOMATIC,96000,16990,QLD,2016
2016 Toyota Hilux,white,DIESEL,TOYOTA,HILUX,AUTOMATIC,253132,26650,QLD,2016
2018 Nissan Navara,blue,DIESEL,NISSAN,NAVARA,MANUAL,165000,30800,QLD,2018
2011 Hyundai i30,white,PETROL,HYUNDAI,I30,AUTOMATIC,110000,7000,NSW,2011
2005 Nissan Navara,silver,DIESEL,NISSAN,NAVARA,MANUAL,23567,15000,SA,2005
2024 Toyota kluger,white,HYBRID,TOYOTA,KLUGER,AUTOMATIC,96000,52990,QLD,2024
2021 Jeep Compass,white,PETROL,JEEP,COMPASS,AUTOMATIC,68000,28000,SA,2021
2011 Volkswagen Touareg,grey,DIESEL,VOLKSWAGEN,TOUAREG,AUTOMATIC,312000,6999,SA,2011
2007 Toyota Corolla,silver,PETROL,TOYOTA,COROLLA,AUTOMATIC,143270,10000,NSW,2007
2011 Holden Barina,black,PETROL,HOLDEN,BARINA,MANUAL,250000,2500,SA,2011
2006 Toyota Yaris,silver,PETROL,TOYOTA,YARIS,MANUAL,182000,3400,SA,2006
2017 Audi Q3,grey,PETROL,AUDI,Q3,AUTOMATIC,225500,12950,WA,2017
2017 Nissan Qashqai,black,PETROL,NISSAN,QASHQAI,AUTOMATIC,195000,9900,SA,2017
2004 Mitsubishi Colt,yellow,PETROL,MITSUBISHI,COLT,AUTOMATIC,152000,7000,SA,2004
1984 Jaguar Jaguar XJ6,blue,PETROL,JAGUAR,XJ,AUTOMATIC,260000,10000,SA,1984
2018 Audi S3,blue,PETROL,AUDI,S3,AUTOMATIC,72000,39800,VIC,2018
2013 Audi A1,white,PETROL,AUDI,A1,AUTOMATIC,70423,13500,VIC,2013
2011 Holden Barina,brown,PETROL,HOLDEN,BARINA,AUTOMATIC,180000,3500,VIC,2011
2005 Hyundai Terracan,silver,DIESEL,HYUNDAI,TERRACAN,MANUAL,260000,4000,VIC,2005
2021 Mitsubishi Triton,white,DIESEL,MITSUBISHI,TRITON,MANUAL,144000,24899,WA,2021
2015 Hyundai ix35 se,grey,PETROL,HYUNDAI,IX35,AUTOMATIC,232722,8990,WA,2015
2015 Hyundai i20,red,PETROL,HYUNDAI,I20,MANUAL,69000,8650,WA,2015
2016 Nissan Qashqai,white,DIESEL,NISSAN,QASHQAI,AUTOMATIC,265000,13100,WA,2016
2005 Holden Ute,red,PETROL,HOLDEN,UTE,MANUAL,240000,5500,WA,2005
2011 Ford Falcon,brown,PETROL,FORD,FALCON,AUTOMATIC,229000,9000,WA,2011
2013 Volkswagen Jetta,silver,PETROL,VOLKSWAGEN,JETTA,AUTOMATIC,209000,5000,WA,2013
2006 Mazda MX-5,black,PETROL,MAZDA,MX-5,MANUAL,208000,11000,WA,2006
2005 Mercedes-Benz clk280,silver,PETROL,MERCEDES-BENZ,CLA,AUTOMATIC,172981,9000,WA,2005
2021 Volkswagen Amarok,white,DIESEL,VOLKSWAGEN,AMAROK,AUTOMATIC,152000,38000,WA,2021
2007 Hyundai Getz,silver,PETROL,HYUNDAI,GETZ,MANUAL,280000,3000,WA,2007
2004 Hyundai Elantra,blue,PETROL,HYUNDAI,ELANTRA,AUTOMATIC,80142,4500,WA,2004
2009 Hyundai i30,grey,PETROL,HYUNDAI,I30,MANUAL,174000,4000,WA,2009
2012 BMW X3,black,DIESEL,BMW,X3,AUTOMATIC,202500,12000,WA,2012
2008 Ford Ranger,white,DIESEL,FORD,RANGER,MANUAL,237000,5250,WA,2008
2012 Subaru WRX,white,PETROL,SUBARU,WRX,MANUAL,75000,60000,NSW,2012
2009 Toyota Hiace,white,DIESEL,TOYOTA,HIACE,AUTOMATIC,427560,16500,NSW,2009
2017 Isuzu D-max,white,DIESEL,ISUZU,D-MAX,AUTOMATIC,170000,24888,NSW,2017
2014 Subaru BRZ,white,PETROL,SUBARU,BRZ,MANUAL,170000,16000,NSW,2014
2012 Audi A5,grey,DIESEL,AUDI,A5,AUTOMATIC,93000,15500,NSW,2012
2010 Audi Q5,grey,PETROL,AUDI,Q5,AUTOMATIC,130311,6500,NSW,2010
2011 Toyota Hilux,white,DIESEL,TOYOTA,HILUX,MANUAL,316000,16500,NSW,2011
2010 Ford transit,white,DIESEL,FORD,TRANSIT,MANUAL,52212,27777,NSW,2010
2006 Mercedes-Benz CLS350,black,PETROL,MERCEDES-BENZ,S-CLASS,AUTOMATIC,106000,4200,NSW,2006
2007 Honda Accord,silver,OTHER,HONDA,ACCORD,AUTOMATIC,177395,5500,NSW,2007
2005 Subaru Forester,grey,PETROL,SUBARU,FORESTER,AUTOMATIC,251000,6000,NSW,2005
2012 Toyota Yaris,grey,PETROL,TOYOTA,YARIS,AUTOMATIC,130770,10500,NSW,2012
2014 Honda CR-V,white,DIESEL,HONDA,CR-V,AUTOMATIC,183807,14500,NSW,2014
2009 Toyota Landcruiser Prado,white,DIESEL,TOYOTA,LANDCRUISER,AUTOMATIC,387000,20000,NSW,2009
2010 Mitsubishi triton,grey,OTHER,MITSUBISHI,TRITON,AUTOMATIC,189903,13500,NSW,2010
2018 Volkswagen amarok- dark label,grey,DIESEL,VOLKSWAGEN,AMAROK,AUTOMATIC,161800,29845,NSW,2018
2001 Hyundai Accent,green,PETROL,HYUNDAI,ACCENT,AUTOMATIC,82069,4000,NSW,2001
"2022 Tesla model y, rwd",white,ELECTRIC,TESLA,MODEL Y,AUTOMATIC,57800,39990,NSW,2022
2019 Mazda CX-9,silver,PETROL,MAZDA,CX-9,AUTOMATIC,135000,21000,QLD,2019
2000 Jeep Cherokee,white,PETROL,JEEP,CHEROKEE,AUTOMATIC,270424,4000,QLD,2000
2016 BMW X5,white,DIESEL,BMW,X5,AUTOMATIC,128000,30000,NSW,2016
1998 Nissan Patrol,gold,DIESEL,NISSAN,PATROL,MANUAL,380000,8000,QLD,1998
2000 Toyota toyota,orange,PETROL,TOYOTA,TOYOTA,AUTOMATIC,150000,7500,QLD,2000
2019 Hyundai Santa Fe,silver,DIESEL,HYUNDAI,SANTA FE,AUTOMATIC,105000,29990,QLD,2019
2003 Mitsubishi Pajero,grey,PETROL,MITSUBISHI,PAJERO,AUTOMATIC,272000,2500,QLD,2003
2023 Haval h6 lux auto,white,PETROL,HAVAL,H6,AUTOMATIC,11480,28000,QLD,2023
2010 Suzuki Swift,green,PETROL,SUZUKI,SWIFT,MANUAL,224253,3999,QLD,2010
1969 Ford F-100,beige,PETROL,FORD,F-100,MANUAL,11000,60000,QLD,1969
2017 Honda Civic,blue,PETROL,HONDA,CIVIC,AUTOMATIC,156300,17500,QLD,2017
2010 Kia Rio,black,PETROL,KIA,RIO,AUTOMATIC,155755,6500,QLD,2010
2012 Toyota Hilux,white,DIESEL,TOYOTA,HILUX,AUTOMATIC,180000,33000,QLD,2012
2013 Mazda CX-5,white,DIESEL,MAZDA,CX-5,AUTOMATIC,141000,123456,QLD,2013
2012 Volkswagen Polo,white,PETROL,VOLKSWAGEN,POLO,AUTOMATIC,186500,9500,QLD,2012
2014 Nissan Micra,blue,PETROL,NISSAN,MICRA,MANUAL,144337,6000,SA,2014
2011 Holden Commodore,green,PETROL,HOLDEN,COMMODORE,AUTOMATIC,159000,16000,SA,2011
2008 Ford Falcon,grey,PETROL,FORD,FALCON,AUTOMATIC,292000,5000,SA,2008
2009 Toyota Hilux,white,DIESEL,TOYOTA,HILUX,MANUAL,570000,6500,SA,2009
1985 Toyota Landcruiser,white,PETROL,TOYOTA,LANDCRUISER,MANUAL,180000,4500,SA,1985
2023 Nissan X-Trail,red,HYBRID,NISSAN,X-TRAIL,AUTOMATIC,15000,123456,SA,2023
2011 Toyota Camry,silver,OTHER,TOYOTA,CAMRY,AUTOMATIC,180000,9999,SA,2011
2010 Ford Falcon FG,blue,PETROL,FORD,FALCON,AUTOMATIC,180366,11000,WA,2010
1985 Toyota Landcruiser,white,OTHER,TOYOTA,LANDCRUISER,MANUAL,180000,4500,SA,1985
2008 Chrysler PT Cruiser,white,PETROL,CHRYSLER,PT CRUISER,AUTOMATIC,193929,5700,SA,2008
2017 Toyota Camry,grey,PETROL,TOYOTA,CAMRY,AUTOMATIC,155000,16700,VIC,2017
2016 Subaru liberty 3.6r,silver,PETROL,SUBARU,LIBERTY,AUTOMATIC,238704,11990,SA,2016
2010 Subaru Forester,white,PETROL,SUBARU,FORESTER,AUTOMATIC,187000,9000,SA,2010
2020 Nissan X-Trail,white,PETROL,NISSAN,X-TRAIL,AUTOMATIC,155000,17500,SA,2020
2020 Mazda CX-5,grey,PETROL,MAZDA,CX-5,AUTOMATIC,85000,27000,SA,2020
2016 Holden Holden Colorado,red,DIESEL,HOLDEN,COLORADO,AUTOMATIC,173102,25000,NSW,2016
2024 Audi Q3,grey,PETROL,AUDI,Q3,AUTOMATIC,15000,64000,NSW,2024
2009 Mercedes-Benz Mercedes-Benz ML350 CDI,silver,DIESEL,MERCEDES-BENZ,MERCEDES-BENZ ML350 CDI,AUTOMATIC,232500,8500,NSW,2009
2024 Mercedes-Benz a35,white,PETROL,MERCEDES-BENZ,A35,AUTOMATIC,7800,79000,NSW,2024
2011 Subaru liberty 2.5,black,PETROL,SUBARU,LIBERTY,AUTOMATIC,172100,6900,NSW,2011
2013 Volkswagen Golf,white,PETROL,VOLKSWAGEN,GOLF,AUTOMATIC,202200,9000,NSW,2013
2002 Toyota Camry,white,PETROL,TOYOTA,CAMRY,AUTOMATIC,193000,3000,NSW,2002
1998 Suzuki Vitara,white,OTHER,SUZUKI,VITARA,MANUAL,246000,12345,NSW,1998
2007 Subaru liberty 3.0r spec.b,black,PETROL,SUBARU,LIBERTY,AUTOMATIC,230000,9000,NSW,2007
2007 Honda Jazz,blue,PETROL,HONDA,JAZZ,AUTOMATIC,217710,3000,NSW,2007
2000 Ford Falcon,red,PETROL,FORD,FALCON,AUTOMATIC,371000,6200,NSW,2000
2026 Alfa Romeo Giulia,black,OTHER,ALFA-ROMEO,GIULIA,AUTOMATIC,123456,80000,NSW,2026
2007 Volkswagen Golf,black,OTHER,VOLKSWAGEN,GOLF,AUTOMATIC,176000,7000,NSW,2007
2018 Land Rover Range Rover Velar,grey,DIESEL,LAND-ROVER,RANGE ROVER VELAR,AUTOMATIC,134000,40000,NSW,2018
2010 Mitsubishi Outlander,blue,PETROL,MITSUBISHI,OUTLANDER,AUTOMATIC,250000,6000,NSW,2010
1966 MG MG MGB,red,PETROL,MG,MG MGB,MANUAL,24034,9000,NSW,1966
2017 Mercedes-Benz gls350d,black,DIESEL,MERCEDES-BENZ,GLS,AUTOMATIC,104000,45800,QLD,2017
2002 Jeep Grand Cherokee,black,PETROL,JEEP,GRAND CHEROKEE,AUTOMATIC,200000,4500,QLD,2002
2008 Volvo XC90,silver,DIESEL,VOLVO,XC90,AUTOMATIC,234000,7500,QLD,2008
2011 Volkswagen Golf,black,PETROL,VOLKSWAGEN,GOLF,MANUAL,137000,13000,QLD,2011
2013 Jeep Grand Cherokee,black,OTHER,JEEP,GRAND CHEROKEE,AUTOMATIC,175000,10900,QLD,2013
2008 Audi Q7,black,PETROL,AUDI,Q7,AUTOMATIC,305843,7000,QLD,2008
2013 Jeep Grand Cherokee,black,DIESEL,JEEP,GRAND CHEROKEE,AUTOMATIC,138000,16600,QLD,2013
2011 Mitsubishi Delica,silver,PETROL,MITSUBISHI,DELICA,AUTOMATIC,98354,22450,QLD,2011
2008 Toyota Corolla,blue,OTHER,TOYOTA,COROLLA,AUTOMATIC,199500,7200,QLD,2008
2006 Audi Q7,silver,DIESEL,AUDI,Q7,AUTOMATIC,137000,4000,QLD,2006
2018 Holden Holden Colorado,white,DIESEL,HOLDEN,COLORADO,AUTOMATIC,200000,21990,QLD,2018
2012 Nissan Micra,blue,OTHER,NISSAN,MICRA,AUTOMATIC,155000,3400,QLD,2012
2009 Holden Captiva,blue,PETROL,HOLDEN,CAPTIVA,AUTOMATIC,162321,4700,QLD,2009
2012 Ford Territory,blue,PETROL,FORD,TERRITORY,AUTOMATIC,200000,9000,VIC,2012
2008 Toyota Yaris,yellow,PETROL,TOYOTA,YARIS,MANUAL,185000,5500,QLD,2008
2016 Nissan Micra,white,PETROL,NISSAN,MICRA,AUTOMATIC,125000,10500,VIC,2016
2022 Volvo XC60 B6 R-Design In Crystal White,white,HYBRID,VOLVO,XC60,AUTOMATIC,94049,45990,VIC,2022
2018 Ford Focus,blue,PETROL,FORD,FOCUS,AUTOMATIC,103000,18000,VIC,2018
2013 Mazda CX-5,silver,DIESEL,MAZDA,CX-5,AUTOMATIC,220000,8000,VIC,2013
2005 Honda CR-V,blue,PETROL,HONDA,CR-V,AUTOMATIC,200000,6500,VIC,2005
2015 BMW x1 xdrive20d,brown,DIESEL,BMW,X1,AUTOMATIC,75000,22000,VIC,2015
2005 Ford Territory,white,PETROL,FORD,TERRITORY,AUTOMATIC,188000,4000,VIC,2005
2017 Mercedes-Benz cla-class,white,PETROL,MERCEDES-BENZ,A-CLASS,AUTOMATIC,132000,26500,VIC,2017
2012 Nissan Navara,silver,DIESEL,NISSAN,NAVARA,MANUAL,200000,99999,VIC,2012
2013 Mercedes-Benz C180 ,white,PETROL,MERCEDES-BENZ,C-CLASS,AUTOMATIC,153000,12500,VIC,2013
2018 Mercedes-Benz C43 AMG,silver,PETROL,MERCEDES-BENZ,C43 AMG,AUTOMATIC,107372,51998,WA,2018
2019 Hyundai Kona,white,PETROL,HYUNDAI,KONA,AUTOMATIC,140359,18990,WA,2019
2008 Subaru Impreza,silver,OTHER,SUBARU,IMPREZA,MANUAL,129117,7500,VIC,2008
2002 Holden Commodore,white,PETROL,HOLDEN,COMMODORE,AUTOMATIC,370000,3200,VIC,2002
2014 Toyota Camry,white,PETROL,TOYOTA,CAMRY,AUTOMATIC,270000,12000,VIC,2014
2015 Audi Q3,black,PETROL,AUDI,Q3,AUTOMATIC,131000,18000,VIC,2015
2012 Volkswagen Golf,white,PETROL,VOLKSWAGEN,GOLF,AUTOMATIC,171000,8200,WA,2012
2011 Toyota Landcruiser Prado,white,DIESEL,TOYOTA,LANDCRUISER,AUTOMATIC,251060,22000,WA,2011
2014 Holden Calais,green,PETROL,HOLDEN,CALAIS,AUTOMATIC,236500,9999,WA,2014
2010 Nissan ELGRAND - E52 ,white,PETROL,NISSAN,ELGRAND,AUTOMATIC,120626,21489,WA,2010
2006 Holden suppercharged crewman 6speed manual 6l v8 120km,black,PETROL,HOLDEN,CREWMAN,MANUAL,120000,30000,WA,2006
2005 Hyundai Getz,yellow,PETROL,HYUNDAI,GETZ,AUTOMATIC,243800,4800,WA,2005
2012 Nissan Patrol,silver,DIESEL,NISSAN,PATROL,MANUAL,190000,33000,WA,2012
2015 Holden Holden Colorado,silver,DIESEL,HOLDEN,COLORADO,AUTOMATIC,175000,25000,WA,2015
2011 Nissan 370Z,grey,PETROL,NISSAN,370Z,AUTOMATIC,161000,21000,WA,2011
2010 BMW 320i,white,PETROL,BMW,SERIES 3,AUTOMATIC,184000,6800,WA,2010
2010 Toyota Corolla,white,PETROL,TOYOTA,COROLLA,AUTOMATIC,230000,8000,WA,2010
2011 Toyota Corolla,white,PETROL,TOYOTA,COROLLA,MANUAL,255000,7000,SA,2011
2014 BMW X5,black,DIESEL,BMW,X5,AUTOMATIC,143000,21900,SA,2014
2004 Toyota Camry,blue,PETROL,TOYOTA,CAMRY,AUTOMATIC,2052,3000,SA,2004
2006 Holden Commodore,silver,PETROL,HOLDEN,COMMODORE,AUTOMATIC,192000,6200,SA,2006
2017 Ford Mustang,grey,PETROL,FORD,MUSTANG,AUTOMATIC,16500,43500,SA,2017
2010 Volkswagen Tiguan,grey,PETROL,VOLKSWAGEN,TIGUAN,AUTOMATIC,167000,8000,SA,2010
2013 Land Rover Discovery TDV6 ,grey,DIESEL,LAND-ROVER,DISCOVERY,AUTOMATIC,154000,24999,SA,2013
2013 Toyota Prius Hybrid,silver,HYBRID,TOYOTA,PRIUS HYBRID,AUTOMATIC,63000,15999,SA,2013
2014 Hyundai Elantra,silver,PETROL,HYUNDAI,ELANTRA,AUTOMATIC,194633,10000,VIC,2014
2014 Mazda CX-9,black,PETROL,MAZDA,CX-9,AUTOMATIC,140000,13995,NSW,2014
2013 Lexus RX350,white,PETROL,LEXUS,RX,AUTOMATIC,164500,19600,NSW,2013
2015 Jeep Patriot,black,OTHER,JEEP,PATRIOT,AUTOMATIC,112000,8700,QLD,2015
"2010 Nissan Patrol ST GU 7 🔥 265,404kms",gold,DIESEL,NISSAN,PATROL,MANUAL,265404,16990,NSW,2010
2016 Nissan Navara D23 ST-X NP300,white,DIESEL,NISSAN,NAVARA,AUTOMATIC,197000,31880,NSW,2016
2012 Hyundai ELANTRA,white,PETROL,HYUNDAI,ELANTRA,AUTOMATIC,121000,9995,NSW,2012
2015 Toyota Kluger Wagon Grande GSU50R,white,PETROL,TOYOTA,KLUGER,AUTOMATIC,145302,26977,SA,2015
2003 Mazda RX-8,grey,PETROL,MAZDA,RX-8,MANUAL,273000,8700,NSW,2003
2012 Nissan dualis,silver,PETROL,NISSAN,DUALIS,MANUAL,14000,4000,NSW,2012
2024 Subaru BRZ,blue,PETROL,SUBARU,BRZ,AUTOMATIC,9500,38500,NSW,2024
2011 Toyota Hiace,white,PETROL,TOYOTA,HIACE,AUTOMATIC,182215,21000,NSW,2011
2013 BMW x1 diesel highline,blue,DIESEL,BMW,X1,MANUAL,135688,7690,QLD,2013
2016 Mercedes-Benz Mercedes-Benz C230,white,PETROL,MERCEDES-BENZ,MERCEDES-BENZ C230,AUTOMATIC,130000,23900,QLD,2016
2014 Volkswagen Jetta,grey,PETROL,VOLKSWAGEN,JETTA,MANUAL,128183,11000,QLD,2014
2016 Mitsubishi Outlander,white,PETROL,MITSUBISHI,OUTLANDER,AUTOMATIC,172000,13000,QLD,2016
2024 Suzuki Carry Super carry 4x4,grey,PETROL,SUZUKI,CARRY,MANUAL,6865,22999,QLD,2024
2010 Holden Holden Colorado,grey,OTHER,HOLDEN,COLORADO,MANUAL,202000,19000,QLD,2010
2012 Subaru XV,white,PETROL,SUBARU,XV,AUTOMATIC,225149,11000,QLD,2012
2017 Toyota Landcruiser,white,DIESEL,TOYOTA,LANDCRUISER,AUTOMATIC,140000,87000,QLD,2017
2006 Nissan Navara,black,DIESEL,NISSAN,NAVARA,MANUAL,185000,10000,QLD,2006
2014 Lexus Lexus NX 300h,grey,HYBRID,LEXUS,NX,AUTOMATIC,110000,29500,QLD,2014
1994 HINO truck,white,DIESEL,HINO,TRUCK,MANUAL,244000,25000,QLD,1994
2005 Holden Astra,silver,PETROL,HOLDEN,ASTRA,AUTOMATIC,200085,2500,QLD,2005
2010 Volkswagen Tiguan,blue,DIESEL,VOLKSWAGEN,TIGUAN,AUTOMATIC,271581,7990,WA,2010
2013 Ford Falcon,grey,PETROL,FORD,FALCON,AUTOMATIC,170000,12000,QLD,2013
2006 Volkswagen Passat B6 103kW BMP 2.0L TDI Turbo Diesel Automatic,grey,DIESEL,VOLKSWAGEN,PASSAT,AUTOMATIC,225690,3200,WA,2006
2010 Ford Fiesta,grey,PETROL,FORD,FIESTA,MANUAL,254000,4300,WA,2010
2022 Toyota rav4 gx (awd) fss + nav hybrid,silver,HYBRID,TOYOTA,RAV4,AUTOMATIC,51780,41990,WA,2022
2008 Honda Civic,blue,OTHER,HONDA,CIVIC,MANUAL,218000,6800,WA,2008
2017 Mazda CX-5,red,OTHER,MAZDA,CX-5,AUTOMATIC,12345,2500,WA,2017
2012 Holden Barina,silver,PETROL,HOLDEN,BARINA,MANUAL,144466,5990,WA,2012
2003 Toyota Hilux,white,DIESEL,TOYOTA,HILUX,MANUAL,252754,13000,WA,2003
2013 Jeep Patriot,blue,PETROL,JEEP,PATRIOT,AUTOMATIC,133731,7000,WA,2013
2019 Hyundai Hyundai iLOAD,white,DIESEL,HYUNDAI,ILOAD,AUTOMATIC,98440,36990,WA,2019
2008 Holden Astra,white,PETROL,HOLDEN,ASTRA,AUTOMATIC,137369,3000,WA,2008
2013 Kia Sorento Platinum,white,DIESEL,KIA,SORENTO,AUTOMATIC,266824,10880,VIC,2013
2016 MINI Cooper,red,PETROL,MINI,COOPER,AUTOMATIC,80000,23000,WA,2016
2014 Subaru WRX,white,PETROL,SUBARU,WRX,MANUAL,202000,19099,VIC,2014
2009 Honda Jazz,blue,PETROL,HONDA,JAZZ,AUTOMATIC,150743,8500,VIC,2009
2015 Jeep Cherokee,white,PETROL,JEEP,CHEROKEE,AUTOMATIC,177000,16000,VIC,2015
2010 Audi A6,silver,DIESEL,AUDI,A6,AUTOMATIC,172850,9990,VIC,2010
2014 Subaru forester 2.5i-s s4 auto awd my14,grey,PETROL,SUBARU,FORESTER,AUTOMATIC,143500,16500,VIC,2014
1975 Holden Holden Premier,gold,PETROL,HOLDEN,HOLDEN PREMIER,AUTOMATIC,250000,9500,VIC,1975
2011 Subaru Impreza,red,PETROL,SUBARU,IMPREZA,MANUAL,225000,7200,VIC,2011
2014 Volkswagen Golf,blue,PETROL,VOLKSWAGEN,GOLF,AUTOMATIC,124000,25000,VIC,2014
1999 Toyota Landcruiser Prado,blue,PETROL,TOYOTA,LANDCRUISER,AUTOMATIC,320000,12500,VIC,1999
1966 Ford Ford Cortina,green,OTHER,FORD,FORD CORTINA,MANUAL,56000,11000,VIC,1966
2011 Nissan Murano,blue,PETROL,NISSAN,MURANO,AUTOMATIC,133608,10500,VIC,2011
2020 Toyota COROLLA ASCENT SPORT,white,HYBRID,TOYOTA,COROLLA,AUTOMATIC,85407,24990,VIC,2020
2012 Ford Fiesta,black,PETROL,FORD,FIESTA,AUTOMATIC,152000,6000,VIC,2012
2015 Volkswagen Golf,white,PETROL,VOLKSWAGEN,GOLF,AUTOMATIC,107000,20000,VIC,2015
2007 Ford Fairmont,grey,OTHER,FORD,FAIRMONT,AUTOMATIC,112000,6000,SA,2007
2009 Nissan Murano,silver,PETROL,NISSAN,MURANO,AUTOMATIC,132000,8800,SA,2009
2013 Holden Holden Colorado,white,DIESEL,HOLDEN,COLORADO,AUTOMATIC,221000,15500,VIC,2013
2013 Nissan Pulsar,silver,PETROL,NISSAN,PULSAR,AUTOMATIC,127000,9400,SA,2013
2018 Mazda MAZDA BT-50 2018 (Used) - BT-50 XTR (4x4) MY18 DIESEL TURBO F/INJ 3.2L 6 SP AUTOMATIC),gold,DIESEL,MAZDA,BT-50,AUTOMATIC,139187,31990,SA,2018
2010 Suzuki Vitara,silver,PETROL,SUZUKI,VITARA,AUTOMATIC,189146,15000,SA,2010
2019 Nissan navara d23 st,grey,DIESEL,NISSAN,NAVARA,MANUAL,253449,23990,SA,2019
2015 Porsche Macan,white,OTHER,PORSCHE,MACAN,AUTOMATIC,90000,41500,VIC,2015
2009 Toyota RAV4,black,PETROL,TOYOTA,RAV4,AUTOMATIC,129000,13500,VIC,2009
2007 Honda Civic,blue,PETROL,HONDA,CIVIC,AUTOMATIC,165051,6700,VIC,2007
2007 Lexus Lexus LS 500h,black,HYBRID,LEXUS,LS,AUTOMATIC,127000,16500,VIC,2007
2020 Ford Ranger,silver,DIESEL,FORD,RANGER,AUTOMATIC,103000,38000,VIC,2020
2005 Holden Commodore,blue,PETROL,HOLDEN,COMMODORE,AUTOMATIC,274600,4000,SA,2005
2017 Mercedes-Benz glc-class,blue,OTHER,MERCEDES-BENZ,C-CLASS,AUTOMATIC,560,130000,VIC,2017
2021 Toyota Yaris,white,OTHER,TOYOTA,YARIS,MANUAL,37000,45000,QLD,2021
2008 Toyota Hilux,white,DIESEL,TOYOTA,HILUX,MANUAL,330000,14000,VIC,2008
2010 Mitsubishi ASX,white,DIESEL,MITSUBISHI,ASX,MANUAL,249577,7000,QLD,2010
2016 Toyota landcruiser sahara 200 series,white,DIESEL,TOYOTA,LANDCRUISER,AUTOMATIC,154407,154000,SA,2016
2017 Volkswagen Golf,black,PETROL,VOLKSWAGEN,GOLF,AUTOMATIC,81500,17990,WA,2017
2014 Jeep Wrangler,silver,PETROL,JEEP,WRANGLER,AUTOMATIC,15500,21000,QLD,2014
1997 Toyota landcruiser prado vx grande auto 4x4,silver,PETROL,TOYOTA,LANDCRUISER,AUTOMATIC,498500,9500,VIC,1997
2005 Suzuki Swift,red,PETROL,SUZUKI,SWIFT,MANUAL,263000,4500,QLD,2005
2021 Nissan Navara,grey,DIESEL,NISSAN,NAVARA,MANUAL,35000,6000,QLD,2021
2014 Suzuki Swift GL FZ 1.4L auto,black,PETROL,SUZUKI,SWIFT,AUTOMATIC,163500,8490,WA,2014
2006 Toyota Yaris,black,PETROL,TOYOTA,YARIS,MANUAL,345500,2900,QLD,2006
2012 Jeep GRAND CHEROKEE LAREDO (4x4) WK,red,DIESEL,JEEP,GRAND CHEROKEE,AUTOMATIC,196929,9990,WA,2012
2008 Mitsubishi Lancer,black,PETROL,MITSUBISHI,LANCER,MANUAL,260000,4000,VIC,2008
2014 Jeep Compass,black,PETROL,JEEP,COMPASS,AUTOMATIC,164500,9000,WA,2014
2012 BMW X1,white,PETROL,BMW,X1,MANUAL,200514,7500,QLD,2012
2008 Jeep Cherokee,black,DIESEL,JEEP,CHEROKEE,AUTOMATIC,230000,10900,WA,2008
2007 Ford Ranger,black,DIESEL,FORD,RANGER,MANUAL,199750,7999,WA,2007
2003 Lexus IS200,black,PETROL,LEXUS,IS,MANUAL,220000,12000,WA,2003
2010 Hyundai i30,grey,PETROL,HYUNDAI,I30,AUTOMATIC,195000,5900,WA,2010
2011 BMW X1,gold,PETROL,BMW,X1,AUTOMATIC,108000,13000,WA,2011
2019 Volkswagen Tiguan,black,PETROL,VOLKSWAGEN,TIGUAN,AUTOMATIC,226000,18000,VIC,2019
1989 Nissan Nissan Skyline GT-R,white,OTHER,NISSAN,GT-R,AUTOMATIC,1000,18000,VIC,1989
2013 Nissan dualis ts,silver,DIESEL,NISSAN,DUALIS,MANUAL,160000,7700,VIC,2013
2009 Holden Ute,white,OTHER,HOLDEN,UTE,AUTOMATIC,250000,8000,VIC,2009
2015 Mitsubishi Triton GLX MN,white,DIESEL,MITSUBISHI,TRITON,AUTOMATIC,256000,14999,VIC,2015
2017 Honda Odyssey,black,HYBRID,HONDA,ODYSSEY,AUTOMATIC,76000,27990,VIC,2017
2017 Subaru Impreza,white,OTHER,SUBARU,IMPREZA,AUTOMATIC,12345,12345,VIC,2017
2005 Nissan X-Trail,blue,PETROL,NISSAN,X-TRAIL,MANUAL,341531,4500,VIC,2005
2025 Mitsubishi Outlander Exceed Plug-in Hybrid EV,white,HYBRID,MITSUBISHI,OUTLANDER,AUTOMATIC,300,61333,VIC,2025
1982 Toyota Cressida,blue,OTHER,TOYOTA,CRESSIDA,MANUAL,247921,4000,VIC,1982
2012 Subaru XV 2.0i 6SPD MANUAL AWD WAGON,silver,PETROL,SUBARU,XV,MANUAL,230454,8890,VIC,2012
2016 Land Rover Range Rover Sport SDV8,black,DIESEL,LAND-ROVER,RANGE ROVER SPORT,AUTOMATIC,110675,49990,QLD,2016
2022 Mitsubishi Outlander,blue,PETROL,MITSUBISHI,OUTLANDER,AUTOMATIC,29000,41500,VIC,2022
2013 Ford Ranger,white,DIESEL,FORD,RANGER,AUTOMATIC,226000,16000,QLD,2013
2012 Jeep Wrangler Unlimited,black,PETROL,JEEP,WRANGLER,MANUAL,162000,19500,SA,2012
2014 Holden Commodore,white,OTHER,HOLDEN,COMMODORE,MANUAL,136000,42000,SA,2014
1998 Toyota Starlet,white,PETROL,TOYOTA,STARLET,MANUAL,270000,4500,NSW,1998
2005 Honda CR-V,silver,PETROL,HONDA,CR-V,AUTOMATIC,149500,8500,SA,2005
2025 Toyota Landcruiser,grey,DIESEL,TOYOTA,LANDCRUISER,AUTOMATIC,17000,90000,QLD,2025
2016 Toyota Landcruiser 200,white,DIESEL,TOYOTA,LANDCRUISER,AUTOMATIC,181000,85000,QLD,2016
2014 Isuzu D-Max,blue,DIESEL,ISUZU,D-MAX,AUTOMATIC,260000,20000,QLD,2014
2007 Mazda BT-50,black,DIESEL,MAZDA,BT-50,MANUAL,162000,8500,QLD,2007
2011 Holden Commodore,purple,PETROL,HOLDEN,COMMODORE,MANUAL,112384,9500,QLD,2011
2018 Toyota Landcruiser 200,white,DIESEL,TOYOTA,LANDCRUISER,AUTOMATIC,133000,95000,WA,2018
2007 Toyota RAV4,silver,PETROL,TOYOTA,RAV4,AUTOMATIC,253500,9000,WA,2007
2011 Toyota Yaris,grey,OTHER,TOYOTA,YARIS,AUTOMATIC,292000,5500,WA,2011
2023 Hyundai Kona,blue,PETROL,HYUNDAI,KONA,AUTOMATIC,55000,26000,WA,2023
2011 Nissan Micra ST-L,red,PETROL,NISSAN,MICRA,AUTOMATIC,151773,6300,WA,2011
2019 Toyota Camry,white,PETROL,TOYOTA,CAMRY,AUTOMATIC,81000,24990,WA,2019
2022 Hyundai staria,grey,DIESEL,HYUNDAI,STARIA,AUTOMATIC,51000,35000,WA,2022
2015 Hyundai Ix35,silver,PETROL,HYUNDAI,IX35,AUTOMATIC,200000,8500,WA,2015
2009 Ford Falcon,pink,PETROL,FORD,FALCON,AUTOMATIC,300000,2500,WA,2009
2017 Kia Sportage,grey,OTHER,KIA,SPORTAGE,AUTOMATIC,239000,9250,WA,2017
2019 Volkswagen Amarok,white,DIESEL,VOLKSWAGEN,AMAROK,AUTOMATIC,168000,27000,WA,2019
2018 Mazda BT-50,white,DIESEL,MAZDA,BT-50,AUTOMATIC,112000,40000,QLD,2018
2014 Mitsubishi challenger,silver,DIESEL,MITSUBISHI,CHALLENGER,AUTOMATIC,113000,22000,WA,2014
2020 Hyundai i30,white,PETROL,HYUNDAI,I30,AUTOMATIC,59000,14500,QLD,2020
2016 Mercedes-Benz C200,silver,OTHER,MERCEDES-BENZ,C-CLASS,AUTOMATIC,66000,24999,QLD,2016
2008 Toyota Kluger,blue,PETROL,TOYOTA,KLUGER,AUTOMATIC,292000,6800,QLD,2008
2011 Hyundai i45,green,PETROL,HYUNDAI,I45,AUTOMATIC,224753,6000,QLD,2011
2018 Honda HR-V,grey,PETROL,HONDA,HR-V,AUTOMATIC,133000,12500,QLD,2018
2021 Volkswagen Tiguan,white,PETROL,VOLKSWAGEN,TIGUAN,AUTOMATIC,49000,23000,QLD,2021
2016 Toyota glx prado,charcoal,DIESEL,TOYOTA,PRADO,AUTOMATIC,225450,33900,QLD,2016
2023 BMW 320i,blue,PETROL,BMW,SERIES 3,AUTOMATIC,25980,60900,QLD,2023
2016 Toyota RAV4,white,PETROL,TOYOTA,RAV4,AUTOMATIC,132532,25000,QLD,2016
2016 Jeep Wrangler,white,OTHER,JEEP,WRANGLER,MANUAL,115000,25900,QLD,2016
2008 Mitsubishi Outlander,white,PETROL,MITSUBISHI,OUTLANDER,AUTOMATIC,109000,8500,VIC,2008
2018 Hyundai i30,white,PETROL,HYUNDAI,I30,AUTOMATIC,62000,17700,QLD,2018
2019 Kia Sorento,white,DIESEL,KIA,SORENTO,AUTOMATIC,200000,16000,VIC,2019
2007 Mitsubishi Canter,white,DIESEL,MITSUBISHI,FUSO,MANUAL,650000,9000,VIC,2007
2023 Volkswagen Golf,grey,PETROL,VOLKSWAGEN,GOLF,AUTOMATIC,27000,45000,VIC,2023
2018 Toyota crown hybrid rs advance,black,HYBRID,TOYOTA,CROWN,AUTOMATIC,98000,36250,VIC,2018
2019 Volkswagen Tiguan,black,PETROL,VOLKSWAGEN,TIGUAN,AUTOMATIC,114000,28900,VIC,2019
2013 Toyota Camry,white,PETROL,TOYOTA,CAMRY,AUTOMATIC,110000,10000,VIC,2013
2022 Toyota Camry,white,OTHER,TOYOTA,CAMRY,AUTOMATIC,42300,33000,VIC,2022
2002 Holden Commodore,green,PETROL,HOLDEN,COMMODORE,MANUAL,60000,52000,VIC,2002
2022 Mitsubishi Eclipse Cross,red,PETROL,MITSUBISHI,ECLIPSE CROSS,AUTOMATIC,72300,26000,VIC,2022
2013 Holden Ute,white,OTHER,HOLDEN,UTE,AUTOMATIC,237000,13500,VIC,2013
2012 Toyota Camry Hybrid,gold,HYBRID,TOYOTA,CAMRY,AUTOMATIC,350000,9600,VIC,2012
2001 Holden Commodore,white,OTHER,HOLDEN,COMMODORE,AUTOMATIC,254000,20000,VIC,2001
2017 Toyota Hilux,white,DIESEL,TOYOTA,HILUX,AUTOMATIC,177000,29000,VIC,2017
2023 Nissan Qashqai,grey,PETROL,NISSAN,QASHQAI,AUTOMATIC,64000,30500,VIC,2023
2020 Volkswagen Caddy,white,DIESEL,VOLKSWAGEN,CADDY,AUTOMATIC,7300,25000,VIC,2020
2021 Toyota RAV4,white,HYBRID,TOYOTA,RAV4,AUTOMATIC,20000,53000,NSW,2021
2018 Toyota Landcruiser Prado,white,DIESEL,TOYOTA,LANDCRUISER,AUTOMATIC,160000,46000,NSW,2018
2018 Hyundai i30,grey,PETROL,HYUNDAI,I30,AUTOMATIC,125240,20000,NSW,2018
2010 Hyundai i30,silver,PETROL,HYUNDAI,I30,MANUAL,190250,2999,NSW,2010
2013 Nissan Serena,white,HYBRID,NISSAN,SERENA,AUTOMATIC,189000,9500,NSW,2013
2019 Volkswagen Tiguan,white,PETROL,VOLKSWAGEN,TIGUAN,AUTOMATIC,24000,25000,NSW,2019
2015 Hyundai iMax,silver,PETROL,HYUNDAI,IMAX,AUTOMATIC,170000,11900,NSW,2015
2009 BMW 120i,black,PETROL,BMW,SERIES 1,AUTOMATIC,179000,8500,NSW,2009
2000 Honda Civic,grey,PETROL,HONDA,CIVIC,MANUAL,500,2500,NSW,2000
2022 Toyota Landcruiser,beige,DIESEL,TOYOTA,LANDCRUISER,MANUAL,80000,110000,NSW,2022
2019 Nissan Qashqai,grey,PETROL,NISSAN,QASHQAI,AUTOMATIC,65000,25000,NSW,2019
2012 Hyundai Ix35,charcoal,DIESEL,HYUNDAI,IX35,AUTOMATIC,163000,10500,NSW,2012
2009 Volkswagen Touareg,black,DIESEL,VOLKSWAGEN,TOUAREG,AUTOMATIC,283000,4200,NSW,2009
2013 Suzuki Swift,black,PETROL,SUZUKI,SWIFT,AUTOMATIC,133000,8000,NSW,2013
2021 Ford Everest,white,DIESEL,FORD,EVEREST,AUTOMATIC,72000,45000,NSW,2021
2016 Toyota Hilux,charcoal,DIESEL,TOYOTA,HILUX,MANUAL,119000,42500,NSW,2016
2022 Toyota Kluger,blue,HYBRID,TOYOTA,KLUGER,AUTOMATIC,37000,53900,SA,2022
2004 Ford F-250,gold,DIESEL,FORD,F-250,AUTOMATIC,400,55000,SA,2004
2012 Mitsubishi triton,white,DIESEL,MITSUBISHI,TRITON,MANUAL,275700,11999,SA,2012
1995 Holden Calais,black,PETROL,HOLDEN,CALAIS,AUTOMATIC,292000,16500,SA,1995
2010 Holden Commodore,charcoal,PETROL,HOLDEN,COMMODORE,AUTOMATIC,195000,8000,SA,2010
2010 Ford Ranger,red,DIESEL,FORD,RANGER,MANUAL,206000,15000,SA,2010
2011 Ford Falcon,blue,PETROL,FORD,FALCON,AUTOMATIC,195000,8000,SA,2011
2013 Holden Ute,black,OTHER,HOLDEN,UTE,AUTOMATIC,315000,9000,SA,2013
2009 Toyota Landcruiser 200,black,DIESEL,TOYOTA,LANDCRUISER,AUTOMATIC,222831,66000,SA,2009
2013 Subaru Forester,red,PETROL,SUBARU,FORESTER,AUTOMATIC,156000,12500,SA,2013
2023 Renault Master,white,DIESEL,RENAULT,MASTER,AUTOMATIC,64945,41500,SA,2023
2025 Suzuki Jimny,white,PETROL,SUZUKI,JIMNY,MANUAL,10000,33000,SA,2025
2007 Hyundai Tucson,white,PETROL,HYUNDAI,TUCSON,AUTOMATIC,17745,4800,NSW,2007
2001 Nissan Patrol,gold,PETROL,NISSAN,PATROL,AUTOMATIC,304000,19000,SA,2001
2007 Ford FIESTA,silver,PETROL,FORD,FIESTA,MANUAL,141000,3000,SA,2007
2014 Kia Cerato,red,OTHER,KIA,CERATO,AUTOMATIC,112059,10800,NSW,2014
2014 Nissan Pulsar,grey,PETROL,NISSAN,PULSAR,AUTOMATIC,114000,7500,NSW,2014
2011 Volkswagen Golf,silver,DIESEL,VOLKSWAGEN,GOLF,AUTOMATIC,312000,5250,SA,2011
2021 Nissan Navara,black,DIESEL,NISSAN,NAVARA,AUTOMATIC,132000,49999,NSW,2021
2017 Mitsubishi Outlander,red,PETROL,MITSUBISHI,OUTLANDER,AUTOMATIC,184710,13000,VIC,2017
2023 Hyundai i30,white,PETROL,HYUNDAI,I30,AUTOMATIC,35508,27500,VIC,2023
1979 Ford F-350,yellow,PETROL,FORD,F-350,MANUAL,300000,28000,VIC,1979
1981 Holden Commodore,white,PETROL,HOLDEN,COMMODORE,AUTOMATIC,222222,8500,VIC,1981
1993 Suzuki Vitara,grey,PETROL,SUZUKI,VITARA,MANUAL,377000,7000,VIC,1993
2012 Kia Rio with rwc and rego,silver,PETROL,KIA,RIO,MANUAL,201000,4850,VIC,2012
2018 Audi RS3,black,OTHER,AUDI,RS3,AUTOMATIC,82000,66500,VIC,2018
2010 Volkswagen Golf,black,PETROL,VOLKSWAGEN,GOLF,AUTOMATIC,195000,3200,VIC,2010
2014 Suzuki Alto,white,PETROL,SUZUKI,ALTO,AUTOMATIC,102000,6200,NSW,2014
2004 Toyota camry 2004,silver,PETROL,TOYOTA,CAMRY,AUTOMATIC,242000,3999,NSW,2004
2016 Jaguar XE,black,PETROL,JAGUAR,XE,AUTOMATIC,62300,23500,NSW,2016
2018 Škoda Kodiaq,white,PETROL,ŠKODA,KODIAQ,AUTOMATIC,135355,22990,VIC,2018
2013 Toyota Aurion,white,PETROL,TOYOTA,AURION,AUTOMATIC,115000,14000,NSW,2013
2009 Nissan Micra,blue,PETROL,NISSAN,MICRA,AUTOMATIC,232000,3000,NSW,2009
2012 Nissan Patrol,gold,DIESEL,NISSAN,PATROL,MANUAL,26000,28000,NSW,2012
2014 Jeep Wrangler Unlimited,black,PETROL,JEEP,WRANGLER,AUTOMATIC,170000,15850,NSW,2014
2007 Toyota Landcruiser,white,DIESEL,TOYOTA,LANDCRUISER,MANUAL,184000,52000,NSW,2007
2014 Jeep Cherokee,white,PETROL,JEEP,CHEROKEE,AUTOMATIC,87000,13000,NSW,2014
2009 Mitsubishi lancer (available),red,PETROL,MITSUBISHI,LANCER,AUTOMATIC,174000,7500,NSW,2009
2003 Holden Calais,blue,OTHER,HOLDEN,CALAIS,AUTOMATIC,239000,5500,SA,2003
2015 Ford Focus,white,PETROL,FORD,FOCUS,AUTOMATIC,227800,9500,NSW,2015
2010 Hyundai i30,brown,DIESEL,HYUNDAI,I30,AUTOMATIC,275000,4000,NSW,2010
2004 Ford Falcon BA MK2,blue,PETROL,FORD,FALCON,MANUAL,189000,19900,NSW,2004
2011 Audi RS 5,grey,PETROL,AUDI,RS 5,AUTOMATIC,109000,43999,SA,2011
1969 Ford Falcon,gold,OTHER,FORD,FALCON,MANUAL,55000,130000,SA,1969
2015 Subaru Forester,silver,DIESEL,SUBARU,FORESTER,AUTOMATIC,108000,16750,SA,2015
2007 Toyota Yaris,white,PETROL,TOYOTA,YARIS,AUTOMATIC,116700,7250,SA,2007
1996 Ford Falcon,green,PETROL,FORD,FALCON,AUTOMATIC,188000,3500,SA,1996
2008 Toyota Yaris,white,PETROL,TOYOTA,YARIS,AUTOMATIC,172000,6700,SA,2008
2011 Ford Territory,black,DIESEL,FORD,TERRITORY,AUTOMATIC,310071,5850,SA,2011
2015 Toyota Corolla,silver,PETROL,TOYOTA,COROLLA,AUTOMATIC,221000,10000,SA,2015
1968 Chrysler Valiant,beige,PETROL,CHRYSLER,VALIANT,AUTOMATIC,277000,38000,SA,1968
2011 Suzuki Swift,silver,PETROL,SUZUKI,SWIFT,AUTOMATIC,139000,6999,SA,2011
2011 Subaru Impreza,grey,PETROL,SUBARU,IMPREZA,MANUAL,209000,3999,SA,2011
2016 Holden Barina,grey,PETROL,HOLDEN,BARINA,AUTOMATIC,150000,6000,WA,2016
2013 Holden Barina,black,PETROL,HOLDEN,BARINA,AUTOMATIC,196000,5500,VIC,2013
2010 Ford Focus ,blue,PETROL,FORD,FOCUS,AUTOMATIC,129910,6250,WA,2010
2022 Toyota Alphard,black,HYBRID,TOYOTA,ALPHARD,AUTOMATIC,80000,58798,VIC,2022
2015 Volkswagen Amarok,silver,DIESEL,VOLKSWAGEN,AMAROK,AUTOMATIC,168000,20100,VIC,2015
2011 Hyundai iLoad,white,PETROL,HYUNDAI,ILOAD,AUTOMATIC,40000,12700,VIC,2011
2015 Volkswagen Tiguan,white,PETROL,VOLKSWAGEN,TIGUAN,AUTOMATIC,120000,9500,NSW,2015
2014 Jeep Wrangler,gold,PETROL,JEEP,WRANGLER,AUTOMATIC,150000,40000,VIC,2014
2009 Honda Civic,black,PETROL,HONDA,CIVIC,AUTOMATIC,202012,7990,VIC,2009
2014 Toyota Camry,red,PETROL,TOYOTA,CAMRY,AUTOMATIC,295900,8000,VIC,2014
2017 Honda Jazz,orange,OTHER,HONDA,JAZZ,MANUAL,150000,8000,VIC,2017
2015 Ford Ranger,white,DIESEL,FORD,RANGER,AUTOMATIC,217000,37500,VIC,2015
2014 Toyota Landcruiser 200,silver,DIESEL,TOYOTA,LANDCRUISER,AUTOMATIC,278000,70000,VIC,2014
1999 Ford Falcon,white,PETROL,FORD,FALCON,AUTOMATIC,277000,9000,VIC,1999
2021 Nissan Qashqai,charcoal,PETROL,NISSAN,QASHQAI,AUTOMATIC,102000,26500,VIC,2021
2009 BMW 323i,blue,PETROL,BMW,SERIES 3,AUTOMATIC,96000,8000,VIC,2009
2019 Audi Q7,white,DIESEL,AUDI,Q7,AUTOMATIC,68624,49000,VIC,2019
2018 Toyota C-HR,brown,HYBRID,TOYOTA,C-HR,AUTOMATIC,84000,24499,VIC,2018
2002 Honda Civic,white,PETROL,HONDA,CIVIC,AUTOMATIC,318000,4650,VIC,2002
2008 Subaru Forester,silver,PETROL,SUBARU,FORESTER,MANUAL,189000,6500,NSW,2008
2019 Mazda CX-5,grey,PETROL,MAZDA,CX-5,AUTOMATIC,62000,29000,NSW,2019
2007 BMW m6,gold,PETROL,BMW,SERIES 6,AUTOMATIC,51000,59900,NSW,2007
1980 Mercedes-Benz Mercedes-Benz 230SL,green,DIESEL,MERCEDES-BENZ,SL,AUTOMATIC,300,3500,NSW,1980
2016 Hyundai Tucson,blue,PETROL,HYUNDAI,TUCSON,AUTOMATIC,157100,14600,NSW,2016
2023 MG ZS,white,PETROL,MG,ZS,AUTOMATIC,8726,20000,NSW,2023
2000 Honda Civic,silver,OTHER,HONDA,CIVIC,MANUAL,227000,6000,NSW,2000
2014 Alfa Romeo Giulietta,white,PETROL,ALFA-ROMEO,GIULIETTA,AUTOMATIC,148000,9000,NSW,2014
2014 Ford Ranger,white,OTHER,FORD,RANGER,MANUAL,310000,6200,NSW,2014
2016 Volkswagen Jetta,white,PETROL,VOLKSWAGEN,JETTA,AUTOMATIC,185000,8999,NSW,2016
2017 Subaru WRX,blue,PETROL,SUBARU,WRX,MANUAL,160000,38900,NSW,2017
2015 Kia Rio,white,PETROL,KIA,RIO,MANUAL,173000,5500,NSW,2015
2016 Toyota Hilux,white,DIESEL,TOYOTA,HILUX,AUTOMATIC,290000,40000,NSW,2016
2017 Ford Mustang,yellow,PETROL,FORD,MUSTANG,AUTOMATIC,12860,51000,NSW,2017
2008 Toyota Crown,silver,OTHER,TOYOTA,CROWN,AUTOMATIC,101000,16300,NSW,2008
2017 Toyota Corolla,white,PETROL,TOYOTA,COROLLA,AUTOMATIC,150000,17000,NSW,2017
2010 Kia Rio,white,PETROL,KIA,RIO,AUTOMATIC,145000,5500,NSW,2010
2017 Hyundai Accent,blue,PETROL,HYUNDAI,ACCENT,AUTOMATIC,260000,7700,SA,2017
2003 Land Rover Discovery,black,PETROL,LAND-ROVER,DISCOVERY,AUTOMATIC,268000,8000,SA,2003
2012 Volkswagen Scirocco,blue,PETROL,VOLKSWAGEN,SCIROCCO,AUTOMATIC,183246,17500,NSW,2012
2009 Mazda CX-7,black,PETROL,MAZDA,CX-7,AUTOMATIC,166000,8500,SA,2009
2015 Mitsubishi Outlander,grey,DIESEL,MITSUBISHI,OUTLANDER,AUTOMATIC,232300,10500,SA,2015
2000 Toyota tarago gli,green,PETROL,TOYOTA,TARAGO GLI,AUTOMATIC,386000,3950,SA,2000
2008 Nissan Pathfinder,blue,DIESEL,NISSAN,PATHFINDER,AUTOMATIC,195000,3000,SA,2008
2015 Ford Focus,red,DIESEL,FORD,FOCUS,AUTOMATIC,100000,7500,SA,2015
2001 Holden Calais,silver,PETROL,HOLDEN,CALAIS,MANUAL,212000,11500,SA,2001
2003 Toyota Echo,grey,PETROL,TOYOTA,ECHO,AUTOMATIC,201101,3900,SA,2003
2022 Toyota Crown RS Turbo Hybrid AWD,white,HYBRID,TOYOTA,CROWN,AUTOMATIC,21000,61980,SA,2022
2006 Ford Fiesta,blue,OTHER,FORD,FIESTA,AUTOMATIC,120000,4850,SA,2006
2012 Volkswagen Golf,white,OTHER,VOLKSWAGEN,GOLF,MANUAL,210000,10000,WA,2012
1998 Toyota Landcruiser 100,blue,PETROL,TOYOTA,LANDCRUISER,AUTOMATIC,355000,10000,WA,1998
2013 Mitsubishi Outlander,orange,PETROL,MITSUBISHI,OUTLANDER,AUTOMATIC,207000,7500,WA,2013
2017 Ford Ranger,white,DIESEL,FORD,RANGER,MANUAL,160000,21000,SA,2017
2006 Hyundai Tucson,blue,PETROL,HYUNDAI,TUCSON,AUTOMATIC,220000,4500,WA,2006
2006 Nissan Navara,white,DIESEL,NISSAN,NAVARA,MANUAL,398756,5800,WA,2006
2010 Toyota Hilux,grey,PETROL,TOYOTA,HILUX,MANUAL,226567,7500,WA,2010
2013 Isuzu D-Max,white,DIESEL,ISUZU,D-MAX,AUTOMATIC,135000,35000,WA,2013
2016 Suzuki Vitara,black,PETROL,SUZUKI,VITARA,AUTOMATIC,211000,14500,SA,2016
2009 Toyota Corolla,white,PETROL,TOYOTA,COROLLA,AUTOMATIC,449000,3000,WA,2009
2007 BMW series 5,black,DIESEL,BMW,SERIES 5,AUTOMATIC,238000,4000,WA,2007
2008 Toyota Prius,silver,PETROL,TOYOTA,PRIUS,AUTOMATIC,272000,7500,WA,2008
1994 Toyota Landcruiser,red,PETROL,TOYOTA,LANDCRUISER,AUTOMATIC,300000,12500,WA,1994
2006 Honda Accord,grey,PETROL,HONDA,ACCORD,MANUAL,315000,3000,WA,2006
1994 Nissan GT-R,blue,OTHER,NISSAN,GT-R,MANUAL,300,46000,WA,1994
2012 Audi A4,silver,PETROL,AUDI,A4,AUTOMATIC,89842,13500,WA,2012
2016 Ford Ranger,white,DIESEL,FORD,RANGER,AUTOMATIC,225000,22000,QLD,2016
2019 Ford Everest,white,DIESEL,FORD,EVEREST,AUTOMATIC,134000,24999,QLD,2019
2003 Nissan Patrol,white,PETROL,NISSAN,PATROL,AUTOMATIC,168444,4500,QLD,2003
2007 Suzuki Swift,black,PETROL,SUZUKI,SWIFT,AUTOMATIC,228000,3000,QLD,2007
2004 Ford Falcon,green,PETROL,FORD,FALCON,AUTOMATIC,12345,12345,QLD,2004
2018 Toyota Hilux,white,PETROL,TOYOTA,HILUX,MANUAL,170000,17600,QLD,2018
2020 Volkswagen Golf,white,OTHER,VOLKSWAGEN,GOLF,AUTOMATIC,126000,28500,QLD,2020
2013 Subaru XV,grey,PETROL,SUBARU,XV,AUTOMATIC,171493,8700,QLD,2013
2021 Nissan Navara,white,DIESEL,NISSAN,NAVARA,AUTOMATIC,62000,42500,QLD,2021
2017 Toyota Hilux,white,PETROL,TOYOTA,HILUX,MANUAL,136523,20000,QLD,2017
2019 Toyota Rav4 Edge,grey,PETROL,TOYOTA,RAV4,AUTOMATIC,144513,29990,QLD,2019
2008 Toyota Landcruiser,white,DIESEL,TOYOTA,LANDCRUISER,MANUAL,450000,25000,QLD,2008
2003 Kia Rio,grey,PETROL,KIA,RIO,MANUAL,230000,3000,WA,2003
2007 Suzuki Grand Vitara,black,PETROL,SUZUKI,GRAND VITARA,MANUAL,225663,5000,NSW,2007
2017 Toyota Camry,silver,PETROL,TOYOTA,CAMRY,AUTOMATIC,286402,12000,SA,2017
2016 Holden Colorado LTZ 7 seater,white,DIESEL,HOLDEN,COLORADO,AUTOMATIC,127360,22490,SA,2016
2014 Toyota Camry,red,PETROL,TOYOTA,CAMRY,AUTOMATIC,199000,10499,SA,2014
2007 Holden Ute,grey,PETROL,HOLDEN,UTE,AUTOMATIC,340000,7500,SA,2007
2017 Kia Sportage,white,DIESEL,KIA,SPORTAGE,AUTOMATIC,194000,15000,SA,2017
2021 Ford Ranger,grey,DIESEL,FORD,RANGER,MANUAL,45000,40000,QLD,2021
2014 Holden Cruze,blue,PETROL,HOLDEN,CRUZE,AUTOMATIC,78000,7000,SA,2014
2017 Toyota Landcruiser 202 Series Sahara,white,PETROL,TOYOTA,LANDCRUISER,AUTOMATIC,181201,81990,SA,2017
2019 Holden acadia awd ltz-v suv,silver,PETROL,HOLDEN,ACADIA,AUTOMATIC,171000,22000,SA,2019
1988 Nissan Patrol,blue,PETROL,NISSAN,PATROL,MANUAL,298888,7000,SA,1988
2019 Toyota landcruiser prado gx,white,DIESEL,TOYOTA,LANDCRUISER,AUTOMATIC,105582,39500,WA,2019
2011 Subaru Outback,black,PETROL,SUBARU,OUTBACK,AUTOMATIC,225000,6900,NSW,2011
1997 Mitsubishi Lancer,white,PETROL,MITSUBISHI,LANCER,MANUAL,154000,9600,SA,1997
2003 Nissan Patrol,gold,OTHER,NISSAN,PATROL,MANUAL,32900,15500,SA,2003
2012 Subaru Forester,white,PETROL,SUBARU,FORESTER,MANUAL,179000,10000,SA,2012
2017 Holden colorado ltz,red,DIESEL,HOLDEN,COLORADO,AUTOMATIC,146000,26000,SA,2017
2010 Hyundai Santa Fe,grey,DIESEL,HYUNDAI,SANTA FE,AUTOMATIC,206500,9000,SA,2010
2020 Mercedes-Benz AMG CLA45 S,grey,PETROL,MERCEDES-BENZ,CLA,AUTOMATIC,39000,83999,NSW,2020
2014 Mitsubishi Triton,blue,DIESEL,MITSUBISHI,TRITON,AUTOMATIC,248506,12995,NSW,2014
2018 Toyota Corolla,gold,PETROL,TOYOTA,COROLLA,AUTOMATIC,95691,21490,SA,2018
2001 BMW 325i,blue,OTHER,BMW,SERIES 3,MANUAL,405000,4500,SA,2001
2006 Toyota HIACE A2212,white,PETROL,TOYOTA,HIACE,AUTOMATIC,123000,123000,NSW,2006
2010 Honda CIVIC LIMITED EDITION MY10 SN2418I,white,PETROL,HONDA,CIVIC,AUTOMATIC,199614,6995,NSW,2010
2016 Ford Focus,red,PETROL,FORD,FOCUS,MANUAL,118200,9000,SA,2016
2011 Holden Cruze,black,PETROL,HOLDEN,CRUZE,MANUAL,131811,3800,NSW,2011
2013 Holden Commodore,silver,OTHER,HOLDEN,COMMODORE,AUTOMATIC,12345,12345,NSW,2013
2006 Ford Territory,charcoal,PETROL,FORD,TERRITORY,AUTOMATIC,280000,6500,NSW,2006
2008 Mitsubishi Mitsubishi Express,white,OTHER,MITSUBISHI,EXPRESS,MANUAL,185000,9500,NSW,2008
2005 Holden Astra,silver,PETROL,HOLDEN,ASTRA,AUTOMATIC,58000,5999,NSW,2005
2010 Subaru Forester X SatNav Edition MY10 SN2222D,white,PETROL,SUBARU,FORESTER,AUTOMATIC,242161,6995,NSW,2010
2011 Mazda BT-50,black,DIESEL,MAZDA,BT-50,MANUAL,161100,20800,NSW,2011
2021 Ford Ranger,grey,DIESEL,FORD,RANGER,AUTOMATIC,100000,39000,NSW,2021
2015 Mitsubishi Triton,black,DIESEL,MITSUBISHI,TRITON,MANUAL,300000,6500,NSW,2015
2011 Volkswagen Golf,white,PETROL,VOLKSWAGEN,GOLF,AUTOMATIC,207000,9000,NSW,2011
2012 Toyota Crown,white,HYBRID,TOYOTA,CROWN,AUTOMATIC,147592,16999,NSW,2012
2005 Toyota Corolla,blue,PETROL,TOYOTA,COROLLA,AUTOMATIC,233000,5800,NSW,2005
2013 Mitsubishi Mirage,white,PETROL,MITSUBISHI,MIRAGE,MANUAL,210000,4000,WA,2013
2007 Mitsubishi Pajero,silver,DIESEL,MITSUBISHI,PAJERO,AUTOMATIC,300000,5000,WA,2007
2012 Toyota Camry,white,PETROL,TOYOTA,CAMRY,AUTOMATIC,454597,7000,WA,2012
2010 Toyota Hilux,white,DIESEL,TOYOTA,HILUX,MANUAL,226000,20000,WA,2010
2013 Ford Ranger,white,DIESEL,FORD,RANGER,AUTOMATIC,233000,21500,WA,2013
2013 Honda Insight,silver,HYBRID,HONDA,INSIGHT,AUTOMATIC,157000,10250,WA,2013
2016 BMW X6,black,DIESEL,BMW,X6,AUTOMATIC,175000,33000,WA,2016
2007 Toyota Landcruiser Prado,grey,PETROL,TOYOTA,LANDCRUISER,MANUAL,320000,12000,NSW,2007
1970 Volkswagen Volkswagen Karmann Ghia,beige,PETROL,VOLKSWAGEN,VOLKSWAGEN KARMANN GHIA,MANUAL,62000,40000,WA,1970
2005 Mitsubishi Lancer,blue,PETROL,MITSUBISHI,LANCER,MANUAL,220000,57000,WA,2005
2022 Toyota Camry,white,HYBRID,TOYOTA,CAMRY,AUTOMATIC,75000,31800,WA,2022
1998 Subaru WRX,silver,PETROL,SUBARU,WRX,MANUAL,321000,16000,WA,1998
2019 Audi SQ5,blue,PETROL,AUDI,SQ5,AUTOMATIC,80000,39000,WA,2019
2011 Volkswagen 4x4 amarok diesel manual,grey,DIESEL,VOLKSWAGEN,AMAROK,MANUAL,286000,21500,QLD,2011
2021 Subaru Outback,white,PETROL,SUBARU,OUTBACK,AUTOMATIC,40000,31000,QLD,2021
2017 Mitsubishi Lancer,white,PETROL,MITSUBISHI,LANCER,AUTOMATIC,36000,16999,QLD,2017
2019 Renault Captur,red,PETROL,RENAULT,CAPTUR,AUTOMATIC,103300,14000,QLD,2019
2008 Nissan Tiida,white,OTHER,NISSAN,TIIDA,AUTOMATIC,163000,4950,QLD,2008
2013 Holden Commodore,black,PETROL,HOLDEN,COMMODORE,AUTOMATIC,158000,37000,QLD,2013
2021 Honda Odyssey,silver,OTHER,HONDA,ODYSSEY,AUTOMATIC,3800,40000,WA,2021
2004 Jeep wrangler sport,black,PETROL,JEEP,WRANGLER,MANUAL,89000,25000,QLD,2004
2014 Holden Holden Colorado,white,DIESEL,HOLDEN,COLORADO,AUTOMATIC,340000,10500,QLD,2014
2002 Toyota Hilux,white,DIESEL,TOYOTA,HILUX,MANUAL,260000,9000,QLD,2002
2008 Holden Barina,silver,PETROL,HOLDEN,BARINA,AUTOMATIC,178291,3990,QLD,2008
2023 Ford Ranger,orange,OTHER,FORD,RANGER,AUTOMATIC,22000,59500,QLD,2023
2017 Audi A4,white,PETROL,AUDI,A4,AUTOMATIC,100868,21800,QLD,2017
2011 BMW x5 35i (n55),silver,PETROL,BMW,X5,AUTOMATIC,140000,18500,VIC,2011
2013 Renault Koleos,gold,PETROL,RENAULT,KOLEOS,AUTOMATIC,190000,6500,VIC,2013
1972 Chrysler Chrysler Valiant Charger,white,OTHER,CHRYSLER,CHRYSLER VALIANT CHARGER,MANUAL,10000,9500,VIC,1972
2014 Toyota Hilux,gold,DIESEL,TOYOTA,HILUX,MANUAL,227000,18000,VIC,2014
2021 Mazda CX-5,white,OTHER,MAZDA,CX-5,AUTOMATIC,68100,35980,VIC,2021
2009 Mitsubishi Lancer,grey,OTHER,MITSUBISHI,LANCER,AUTOMATIC,240000,7000,VIC,2009
2016 Toyota Camry,white,PETROL,TOYOTA,CAMRY,AUTOMATIC,167000,12500,SA,2016
2006 Ford Territory,green,PETROL,FORD,TERRITORY,AUTOMATIC,200000,4999,VIC,2006
1995 Toyota crown royal saloon,white,PETROL,TOYOTA,CROWN,AUTOMATIC,126317,20990,VIC,1995
2022 Nissan Navara,black,DIESEL,NISSAN,NAVARA,AUTOMATIC,62501,49990,WA,2022
2017 Audi S3,yellow,PETROL,AUDI,S3,AUTOMATIC,48900,37500,NSW,2017
2021 Mazda CX-8,gold,OTHER,MAZDA,CX-8,AUTOMATIC,44896,38999,NSW,2021
2016 Toyota Hilux,white,DIESEL,TOYOTA,HILUX,MANUAL,280000,23000,NSW,2016
2012 Volkswagen Golf,charcoal,PETROL,VOLKSWAGEN,GOLF,AUTOMATIC,175000,123456,NSW,2012
2011 Jeep Wrangler,silver,PETROL,JEEP,WRANGLER,MANUAL,187000,13500,NSW,2011
2013 Jeep Wrangler,black,PETROL,JEEP,WRANGLER,MANUAL,106000,24995,NSW,2013
2022 Hyundai Tucson,grey,PETROL,HYUNDAI,TUCSON,AUTOMATIC,55000,32900,NSW,2022
2020 Mitsubishi Eclipse Cross,blue,PETROL,MITSUBISHI,ECLIPSE CROSS,AUTOMATIC,116620,15000,NSW,2020
2014 Ford Focus,white,PETROL,FORD,FOCUS,AUTOMATIC,82000,13000,NSW,2014
2015 Volkswagen Jetta,white,PETROL,VOLKSWAGEN,JETTA,AUTOMATIC,278000,7500,NSW,2015
2009 Jeep Cherokee,black,OTHER,JEEP,CHEROKEE,AUTOMATIC,169500,9900,NSW,2009
2014 Land Rover Range Rover Sport,silver,DIESEL,LAND-ROVER,RANGE ROVER SPORT,AUTOMATIC,144000,27500,NSW,2014
2014 Holden CAPTIVA 7 LTZ MY15 TURBO DIESEL SN2420F,white,DIESEL,HOLDEN,CAPTIVA,AUTOMATIC,100283,8995,NSW,2014
2015 Subaru Outback,white,DIESEL,SUBARU,OUTBACK,AUTOMATIC,201134,11999,NSW,2015
2003 Hyundai Getz,blue,PETROL,HYUNDAI,GETZ,MANUAL,219000,3500,NSW,2003
1999 Ford Fairmont,silver,OTHER,FORD,FAIRMONT,AUTOMATIC,210000,5000,NSW,1999
2007 Toyota Hiace,white,PETROL,TOYOTA,HIACE,MANUAL,371670,7500,NSW,2007
2002 Honda ACCORD EURO R CL7,grey,PETROL,HONDA,ACCORD,MANUAL,102490,23990,SA,2002
2004 Toyota Landcruiser 100,white,DIESEL,TOYOTA,LANDCRUISER,MANUAL,430000,35000,SA,2004
2006 Holden Rodeo,white,DIESEL,HOLDEN,RODEO,MANUAL,296742,8000,SA,2006
2017 Nissan X-TRAIL-ONE OWNER LOW-K,silver,PETROL,NISSAN,X-TRAIL,AUTOMATIC,137000,15500,SA,2017
2008 Holden CAPTIVA LX 7 SEATER 🤘,blue,PETROL,HOLDEN,CAPTIVA,AUTOMATIC,209080,4999,SA,2008
2006 Nissan Nissan Skyline GT-R,silver,PETROL,NISSAN,GT-R,AUTOMATIC,207000,10990,SA,2006
2005 Audi A6,blue,PETROL,AUDI,A6,AUTOMATIC,175000,6500,SA,2005
2020 Subaru Forester,grey,OTHER,SUBARU,FORESTER,AUTOMATIC,140000,22500,SA,2020
2019 Ford ranger raptor px mkiii,grey,DIESEL,FORD,RANGER,AUTOMATIC,104198,55490,SA,2019
2016 Lexus Lexus GS F,silver,PETROL,LEXUS,GS,AUTOMATIC,45829,74980,SA,2016
2003 Isuzu NQR 450 Tow Truck ,white,DIESEL,ISUZU,TRUCK,MANUAL,695963,75300,WA,2003
2006 Audi S4,silver,PETROL,AUDI,S4,AUTOMATIC,147000,27000,WA,2006
2012 Mazda CX-5,black,DIESEL,MAZDA,CX-5,AUTOMATIC,117000,15500,WA,2012
1998 Mercedes-Benz Mercedes-Benz 230SL,silver,PETROL,MERCEDES-BENZ,SL,AUTOMATIC,107000,11000,WA,1998
2014 Renault Clio,yellow,PETROL,RENAULT,CLIO,AUTOMATIC,160000,9000,WA,2014
2018 BMW X1,white,PETROL,BMW,X1,AUTOMATIC,70425,23990,WA,2018
2009 Hyundai Santa Fe,silver,DIESEL,HYUNDAI,SANTA FE,AUTOMATIC,217000,6500,WA,2009
"2023 Suzuki jimny jdm 660cc turbo kei / 5-speed manual / ~5,000 km",grey,PETROL,SUZUKI,JIMNY,MANUAL,7000,37500,WA,2023
2014 Holden Cruze cd 1.81 wagon auto,grey,PETROL,HOLDEN,CRUZE,AUTOMATIC,1500,5000,WA,2014
2007 Subaru liberty gt bspec,grey,PETROL,SUBARU,LIBERTY,AUTOMATIC,250000,9000,WA,2007
2006 Subaru Forester,white,PETROL,SUBARU,FORESTER,AUTOMATIC,205000,4500,WA,2006
2016 Audi S3,white,PETROL,AUDI,S3,AUTOMATIC,150000,25500,WA,2016
2012 Hyundai Ix35,black,DIESEL,HYUNDAI,IX35,AUTOMATIC,267809,6000,WA,2012
2015 Holden Barina CD,silver,PETROL,HOLDEN,BARINA,AUTOMATIC,100754,8000,WA,2015
2016 Kia Sportage,red,DIESEL,KIA,SPORTAGE,AUTOMATIC,260000,10950,WA,2016
2009 MINI Cooper S Clubman - John Cooper Works Edition,white,PETROL,MINI,CLUBMAN,MANUAL,182300,12500,WA,2009
2017 Mazda CX-3,red,PETROL,MAZDA,CX-3,AUTOMATIC,135229,21000,QLD,2017
2012 Mazda BT-50,white,DIESEL,MAZDA,BT-50,MANUAL,186000,24000,QLD,2012
2015 Nissan Pathfinder,red,PETROL,NISSAN,PATHFINDER,AUTOMATIC,104500,4999,QLD,2015
2022 Porsche macan s,white,PETROL,PORSCHE,MACAN,AUTOMATIC,31536,110890,QLD,2022
2012 Audi A5,black,PETROL,AUDI,A5,AUTOMATIC,140000,13000,QLD,2012
2012 Toyota tarago glx,white,PETROL,TOYOTA,TARAGO GLX,AUTOMATIC,163500,14000,QLD,2012
2005 Mitsubishi Triton ,blue,PETROL,MITSUBISHI,TRITON,MANUAL,126000,10000,QLD,2005
2013 Toyota HILUX WORKMATE AUTO,white,PETROL,TOYOTA,HILUX,AUTOMATIC,359414,7000,QLD,2013
2017 Volkswagen Polo,black,OTHER,VOLKSWAGEN,POLO,AUTOMATIC,127000,9900,QLD,2017
2007 Toyota Hilux,white,DIESEL,TOYOTA,HILUX,MANUAL,314668,18990,QLD,2007
2014 Holden Barina,grey,PETROL,HOLDEN,BARINA,MANUAL,64232,9000,QLD,2014
2015 Ford Ranger,white,DIESEL,FORD,RANGER,AUTOMATIC,250000,19500,QLD,2015
2014 BMW 520I,brown,PETROL,BMW,SERIES 5,AUTOMATIC,179738,17000,QLD,2014
2016 Nissan X-Trail,grey,PETROL,NISSAN,X-TRAIL,AUTOMATIC,76500,19600,VIC,2016
2011 Holden ve commodore sv6,white,PETROL,HOLDEN,COMMODORE,AUTOMATIC,155000,10000,VIC,2011
2021 Land Rover Range Rover Sport,grey,DIESEL,LAND-ROVER,RANGE ROVER SPORT,AUTOMATIC,80000,92500,VIC,2021
2004 Mitsubishi Lancer 🤘,white,OTHER,MITSUBISHI,LANCER,AUTOMATIC,162690,6990,VIC,2004
2014 Ford Ranger,white,DIESEL,FORD,RANGER,AUTOMATIC,190000,11800,VIC,2014
2021 Mitsubishi ASX,grey,PETROL,MITSUBISHI,ASX,AUTOMATIC,53000,21500,VIC,2021
2014 Toyota Hilux,silver,DIESEL,TOYOTA,HILUX,MANUAL,167453,25999,WA,2014
1998 Holden Statesman,burgundy,PETROL,HOLDEN,STATESMAN,AUTOMATIC,256230,5000,SA,1998
2025 Kia Carnival GT Line,grey,PETROL,KIA,CARNIVAL,AUTOMATIC,300,73999,VIC,2025
2018 Nissan Leaf,white,PETROL,NISSAN,LEAF,AUTOMATIC,72000,19999,SA,2018
2012 Audi A4,silver,PETROL,AUDI,A4,AUTOMATIC,89842,17500,WA,2012
2009 Nissan Navara,grey,DIESEL,NISSAN,NAVARA,MANUAL,256000,8900,QLD,2009
2015 Ford ranger sports 3.2 diesel 6 speed auto,white,DIESEL,FORD,RANGER,AUTOMATIC,274000,13900,QLD,2015
2016 Ford Mustang,grey,PETROL,FORD,MUSTANG,MANUAL,44375,65000,SA,2016
2006 Subaru Impreza,blue,PETROL,SUBARU,IMPREZA,MANUAL,203000,4990,VIC,2006
2014 Toyota Kluger GSU50R 7 seat auto wagon 142ks rego & rwc $19950,grey,PETROL,TOYOTA,KLUGER,AUTOMATIC,142123,19950,QLD,2014
2011 Lexus Lexus IS 250,silver,OTHER,LEXUS,IS,AUTOMATIC,160000,16000,QLD,2011
2013 Nissan Pulsar,white,PETROL,NISSAN,PULSAR,MANUAL,126799,6500,QLD,2013
2006 Suzuki Swift,burgundy,PETROL,SUZUKI,SWIFT,MANUAL,167000,6499,VIC,2006
2018 Honda Civic,blue,PETROL,HONDA,CIVIC,AUTOMATIC,127000,18500,QLD,2018
2012 Holden cruze,blue,PETROL,HOLDEN,CRUZE,AUTOMATIC,100000,5800,QLD,2012
2013 Volkswagen Golf,blue,PETROL,VOLKSWAGEN,GOLF,AUTOMATIC,176000,9500,QLD,2013
2013 Toyota Kluger,blue,PETROL,TOYOTA,KLUGER,AUTOMATIC,230000,19900,QLD,2013
2002 Mercedes-Benz C180 kompressor,white,OTHER,MERCEDES-BENZ,C-CLASS,AUTOMATIC,267000,6500,QLD,2002
2017 Mitsubishi Triton GLX+,silver,DIESEL,MITSUBISHI,TRITON,AUTOMATIC,11000,29900,QLD,2017
2007 Holden Rodeo,white,PETROL,HOLDEN,RODEO,MANUAL,240000,4500,QLD,2007
2012 Holden cruze,grey,OTHER,HOLDEN,CRUZE,MANUAL,215106,3500,VIC,2012
2017 Nissan Navara,silver,DIESEL,NISSAN,NAVARA,AUTOMATIC,212000,19999,VIC,2017
2008 Suzuki SX4,white,PETROL,SUZUKI,SX4,AUTOMATIC,282000,6000,VIC,2008
2017 Ford Ranger,black,DIESEL,FORD,RANGER,AUTOMATIC,128000,34000,VIC,2017
2011 Ford Fiesta,grey,PETROL,FORD,FIESTA,AUTOMATIC,89500,9400,VIC,2011
2002 Holden Calais,silver,PETROL,HOLDEN,CALAIS,AUTOMATIC,245000,10000,VIC,2002
2010 Chevrolet Cruze,blue,PETROL,CHEVROLET,CRUZE,AUTOMATIC,222000,3200,VIC,2010
2023 Mazda CX-5 KF2W7A G20 Maxx SKYACTIV-Drive FWD 2.0i,blue,PETROL,MAZDA,CX-5,AUTOMATIC,46589,28695,VIC,2023
2009 Nissan navara st dual cab,white,DIESEL,NISSAN,NAVARA,AUTOMATIC,265720,9999,VIC,2009
2015 Toyota Landcruiser Prado,black,DIESEL,TOYOTA,LANDCRUISER,AUTOMATIC,100000,48000,VIC,2015
2012 Toyota Hilux,blue,OTHER,TOYOTA,HILUX,AUTOMATIC,1111,11111,VIC,2012
2012 Ford Ranger,white,DIESEL,FORD,RANGER,AUTOMATIC,225000,14000,VIC,2012
2007 Subaru Forester,silver,PETROL,SUBARU,FORESTER,MANUAL,319500,3890,WA,2007
2012 Toyota HILUX SR5 (4x4) KUN26R MY12 DUAL CAB P/UP 3.0L DIESEL TURBO 4 4 SP AUTOMATIC,white,DIESEL,TOYOTA,HILUX,AUTOMATIC,200000,22999,WA,2012
2011 Nissan X-Trail,gold,PETROL,NISSAN,X-TRAIL,AUTOMATIC,193987,9490,WA,2011
2015 Toyota Landcruiser,grey,DIESEL,TOYOTA,LANDCRUISER,AUTOMATIC,200000,25000,WA,2015
2021 Subaru xv hatchback hybrid l g5x my21,white,HYBRID,SUBARU,XV,AUTOMATIC,14552,28977,SA,2021
2019 Toyota Yaris,white,PETROL,TOYOTA,YARIS,MANUAL,195000,9500,WA,2019
2012 Volkswagen jetta 118 tsi comfortline 1km my12,silver,PETROL,VOLKSWAGEN,JETTA,AUTOMATIC,134531,9990,WA,2012
2009 Suzuki Swift,red,PETROL,SUZUKI,SWIFT,AUTOMATIC,194000,5000,SA,2009
2015 Nissan NAVARA ST NP300 AUTO DUAL CAB,white,DIESEL,NISSAN,NAVARA,AUTOMATIC,197000,19999,SA,2015
2015 Renault megane gt line,blue,OTHER,RENAULT,MEGANE,AUTOMATIC,72385,11290,SA,2015
2016 Toyota Camry,white,PETROL,TOYOTA,CAMRY,AUTOMATIC,227000,12500,WA,2016
2020 Kia Cerato,blue,PETROL,KIA,CERATO,AUTOMATIC,94897,18600,VIC,2020
1993 Holden Commodore,grey,PETROL,HOLDEN,COMMODORE,MANUAL,260000,2500,VIC,1993
2011 Volvo V60,silver,OTHER,VOLVO,V60,AUTOMATIC,122000,8700,QLD,2011
2013 Great Wall V240,white,OTHER,GWM,V240,MANUAL,64000,4900,QLD,2013
2011 Toyota Corolla,silver,PETROL,TOYOTA,COROLLA,AUTOMATIC,142000,12800,QLD,2011
2012 BMW X3,red,DIESEL,BMW,X3,AUTOMATIC,127000,11999,QLD,2012
2016 Mitsubishi pajero nx glx wagon 7st 5dr spts auto 5sp 4x4 3.2dt [my16],white,DIESEL,MITSUBISHI,PAJERO,AUTOMATIC,255444,21990,QLD,2016
2015 Mazda CX-5,red,PETROL,MAZDA,CX-5,AUTOMATIC,240000,11999,QLD,2015
2014 Peugeot RCZ MY14,black,PETROL,PEUGEOT,RCZ,MANUAL,88757,21990,QLD,2014
2012 Hyundai i45,white,PETROL,HYUNDAI,I45,AUTOMATIC,176000,8500,WA,2012
2015 Ford Ranger,silver,DIESEL,FORD,RANGER,AUTOMATIC,183000,14000,QLD,2015
2016 Volkswagen Caddy Maxi,white,PETROL,VOLKSWAGEN,CADDY,AUTOMATIC,222000,13200,VIC,2016
2012 Toyota FJ Cruiser,white,PETROL,TOYOTA,FJ CRUISER,AUTOMATIC,136000,38000,NSW,2012
1993 BMW 318is,black,PETROL,BMW,SERIES 3,MANUAL,300000,5000,SA,1993
2014 Toyota Corolla,white,HYBRID,TOYOTA,COROLLA,AUTOMATIC,110000,12990,VIC,2014
2009 Ford Fiesta,silver,PETROL,FORD,FIESTA,MANUAL,99161,6500,QLD,2009
1984 Holden Holden Camira,blue,PETROL,HOLDEN,CAMIRA,AUTOMATIC,167000,9950,VIC,1984
2023 Suzuki Jimny,beige,PETROL,SUZUKI,JIMNY,AUTOMATIC,30529,37000,QLD,2023
2015 Mercedes-Benz B180,white,PETROL,MERCEDES-BENZ,B-CLASS,AUTOMATIC,94000,10950,QLD,2015
2016 Isuzu D-Max,white,DIESEL,ISUZU,D-MAX,AUTOMATIC,114000,23500,QLD,2016
2008 Toyota Aurion,white,PETROL,TOYOTA,AURION,AUTOMATIC,245000,5990,QLD,2008
2015 Toyota RAV4,grey,PETROL,TOYOTA,RAV4,AUTOMATIC,140000,22000,WA,2015
2008 Subaru WRX,black,PETROL,SUBARU,WRX,MANUAL,212500,25000,WA,2008
2005 Jeep Wrangler,black,PETROL,JEEP,WRANGLER,MANUAL,130993,19500,WA,2005
2002 Toyota Landcruiser 100,silver,DIESEL,TOYOTA,LANDCRUISER,AUTOMATIC,428000,36000,WA,2002
2004 Holden Astra,blue,PETROL,HOLDEN,ASTRA,AUTOMATIC,101373,3500,WA,2004
2004 Subaru forester 2.5x,silver,PETROL,SUBARU,FORESTER,MANUAL,252000,5000,WA,2004
2018 BMW 1 series m sport,black,PETROL,BMW,1 SERIES,AUTOMATIC,64750,25750,WA,2018
2015 Volkswagen Amarok,grey,DIESEL,VOLKSWAGEN,AMAROK,AUTOMATIC,168000,18000,WA,2015
2016 Mazda CX-3,grey,PETROL,MAZDA,CX-3,AUTOMATIC,48742,21000,WA,2016
2014 Holden Barina,black,OTHER,HOLDEN,BARINA,AUTOMATIC,142000,8800,WA,2014
2023 Toyota Corolla,white,OTHER,TOYOTA,COROLLA,AUTOMATIC,36000,25000,WA,2023
2014 Ford Territory,white,DIESEL,FORD,TERRITORY,AUTOMATIC,337586,5500,WA,2014
2021 Kia Cerato,blue,PETROL,KIA,CERATO,AUTOMATIC,75000,19000,WA,2021
2019 Honda FIT ,black,PETROL,HONDA,FIT,AUTOMATIC,80000,20000,WA,2019
2014 Hyundai Ix35,silver,PETROL,HYUNDAI,IX35,AUTOMATIC,171931,9300,WA,2014
2024 BMW X7,white,DIESEL,BMW,X7,AUTOMATIC,42094,146000,QLD,2024
2014 Jeep Grand Cherokee,white,PETROL,JEEP,GRAND CHEROKEE,AUTOMATIC,175000,10000,QLD,2014
2015 Hyundai iMax,white,PETROL,HYUNDAI,IMAX,AUTOMATIC,147000,15000,QLD,2015
2022 Mercedes-Benz SL43 AMG,grey,PETROL,MERCEDES-BENZ,SL,AUTOMATIC,16600,139990,QLD,2022
2022 Mazda BT-50,black,DIESEL,MAZDA,BT-50,AUTOMATIC,81200,54500,QLD,2022
1983 Toyota FJ Cruiser,black,PETROL,TOYOTA,FJ CRUISER,AUTOMATIC,1000,42500,QLD,1983
1964 Chrysler Valiant,white,OTHER,CHRYSLER,VALIANT,AUTOMATIC,1111,22500,QLD,1964
2011 Ford Falcon,black,PETROL,FORD,FALCON,AUTOMATIC,177357,14000,QLD,2011
2017 BMW X1,grey,DIESEL,BMW,X1,AUTOMATIC,100000,20000,QLD,2017
2012 Nissan Micra,gold,PETROL,NISSAN,MICRA,AUTOMATIC,114000,6500,QLD,2012
2024 Hyundai i30,grey,HYBRID,HYUNDAI,I30,AUTOMATIC,75000,24500,SA,2024
1982 Holden Ute,blue,PETROL,HOLDEN,UTE,AUTOMATIC,1000,22000,SA,1982
2015 Holden cruze,red,PETROL,HOLDEN,CRUZE,AUTOMATIC,136000,4000,SA,2015
2021 Kia Cerato,grey,OTHER,KIA,CERATO,AUTOMATIC,92000,19000,SA,2021
2008 Hyundai i30,black,PETROL,HYUNDAI,I30,AUTOMATIC,202000,6800,SA,2008
2010 Toyota Corolla,silver,PETROL,TOYOTA,COROLLA,AUTOMATIC,156300,7850,SA,2010
2019 Toyota Landcruiser Prado,grey,DIESEL,TOYOTA,LANDCRUISER,AUTOMATIC,189343,42000,SA,2019
2022 Haval h6 vanta,black,PETROL,HAVAL,H6,AUTOMATIC,65700,27500,SA,2022
2018 Volkswagen Tiguan,white,PETROL,VOLKSWAGEN,TIGUAN,AUTOMATIC,140000,25000,SA,2018
2013 Nissan Almera,white,PETROL,NISSAN,ALMERA,AUTOMATIC,600,5500,SA,2013
2003 Daihatsu Terios,purple,PETROL,DAIHATSU,TERIOS,AUTOMATIC,172400,6500,SA,2003
2021 Ford Ranger,black,DIESEL,FORD,RANGER,AUTOMATIC,92000,45000,SA,2021
2015 Hyundai Ix35,charcoal,PETROL,HYUNDAI,IX35,AUTOMATIC,160000,7500,NSW,2015
2016 MINI Countryman,green,PETROL,MINI,COUNTRYMAN,MANUAL,104500,15999,SA,2016
2018 Hyundai i30,white,PETROL,HYUNDAI,I30,AUTOMATIC,114000,18000,NSW,2018
2020 Hyundai I30N Performance ,white,PETROL,HYUNDAI,I30,MANUAL,80000,29000,NSW,2020
2012 Volkswagen Caddy,white,DIESEL,VOLKSWAGEN,CADDY,MANUAL,272000,7999,NSW,2012
2020 Kia Sorento,blue,DIESEL,KIA,SORENTO,AUTOMATIC,82000,39999,NSW,2020
2018 Toyota C-HR,yellow,PETROL,TOYOTA,C-HR,AUTOMATIC,67000,27000,NSW,2018
2022 Isuzu D-Max,white,DIESEL,ISUZU,D-MAX,AUTOMATIC,110000,55000,NSW,2022
2011 Honda Accord,white,PETROL,HONDA,ACCORD,AUTOMATIC,170000,13500,NSW,2011
2014 Subaru BRZ,blue,OTHER,SUBARU,BRZ,MANUAL,110109,21000,NSW,2014
2012 Citroën DS4,red,PETROL,CITROËN,DS,AUTOMATIC,105000,4500,NSW,2012
2021 Mercedes-Benz gle 300d,grey,DIESEL,MERCEDES-BENZ,GLE,AUTOMATIC,63000,70000,NSW,2021
2018 Hyundai i30,white,OTHER,HYUNDAI,I30,AUTOMATIC,133000,17000,NSW,2018
2006 Volkswagen Caddy,silver,DIESEL,VOLKSWAGEN,CADDY,AUTOMATIC,244595,4500,NSW,2006
2014 Subaru Forester,blue,DIESEL,SUBARU,FORESTER,AUTOMATIC,170000,8000,NSW,2014
2009 Mercedes-Benz  CLS350,black,PETROL,MERCEDES-BENZ,S-CLASS,AUTOMATIC,154000,14700,VIC,2009
2018 Toyota Camry,gold,PETROL,TOYOTA,CAMRY,AUTOMATIC,148000,20999,VIC,2018
2014 Audi S3,red,PETROL,AUDI,S3,AUTOMATIC,132000,28500,VIC,2014
2005 Ford Falcon XR6,black,PETROL,FORD,FALCON,AUTOMATIC,300300,3500,VIC,2005
2010 Land Rover Defender,white,DIESEL,LAND-ROVER,DEFENDER,MANUAL,305000,36500,VIC,2010
2016 Volkswagen Amarok,grey,DIESEL,VOLKSWAGEN,AMAROK,AUTOMATIC,190663,23990,VIC,2016
2008 Toyota Crown,black,PETROL,TOYOTA,CROWN,AUTOMATIC,119000,14500,VIC,2008
2007 Toyota Aurion,orange,OTHER,TOYOTA,AURION,AUTOMATIC,128000,9500,VIC,2007
2020 Ford Ranger,grey,DIESEL,FORD,RANGER,AUTOMATIC,88549,30000,NSW,2020
2022 Ford Ranger,grey,DIESEL,FORD,RANGER,AUTOMATIC,54910,48500,VIC,2022
2006 Mercedes-Benz CLK350,silver,PETROL,MERCEDES-BENZ,CLA,AUTOMATIC,138000,12990,VIC,2006
2019 BMW series 1,blue,PETROL,BMW,SERIES 1,AUTOMATIC,69000,42500,VIC,2019
2017 Toyota RAV4,white,DIESEL,TOYOTA,RAV4,AUTOMATIC,199500,16200,VIC,2017
2019 Kia Cerato,white,PETROL,KIA,CERATO,AUTOMATIC,226000,11000,VIC,2019
2012 Škoda Octavia,white,DIESEL,ŠKODA,OCTAVIA,AUTOMATIC,195000,4990,VIC,2012
1964 Holden EH,green,PETROL,HOLDEN,EH,AUTOMATIC,260006,31500,VIC,1964
2008 Ford Falcon,silver,OTHER,FORD,FALCON,AUTOMATIC,200000,7600,VIC,2008
2010 Suzuki Alto,black,PETROL,SUZUKI,ALTO,MANUAL,155000,3000,QLD,2010
2013 Mercedes-Benz Mercedes-Benz G63 AMG SUV,black,PETROL,MERCEDES-BENZ,MERCEDES-BENZ G63 AMG SUV,AUTOMATIC,141000,40000,QLD,2013
2016 Renault Trafic,white,DIESEL,RENAULT,TRAFIC,MANUAL,145500,17500,QLD,2016
2006 Volkswagen Golf,black,PETROL,VOLKSWAGEN,GOLF,AUTOMATIC,170000,12345,NSW,2006
2010 Toyota Landcruiser Prado,white,DIESEL,TOYOTA,LANDCRUISER,AUTOMATIC,264328,24000,QLD,2010
2015 Ford Ranger,white,DIESEL,FORD,RANGER,AUTOMATIC,155000,26000,QLD,2015
2009 Holden Commodore,black,PETROL,HOLDEN,COMMODORE,MANUAL,24000,25000,NSW,2009
2013 Holden Calais,blue,OTHER,HOLDEN,CALAIS,AUTOMATIC,274000,9000,VIC,2013
2006 Subaru Outback H6,white,PETROL,SUBARU,OUTBACK,AUTOMATIC,243232,5999,WA,2006
2020 Nissan X-Trail,grey,PETROL,NISSAN,X-TRAIL,AUTOMATIC,135999,18000,WA,2020
2015 Ford FOCUS,black,DIESEL,FORD,FOCUS,AUTOMATIC,187164,4490,WA,2015
1966 Ford Mustang,red,PETROL,FORD,MUSTANG,AUTOMATIC,2332,75000,WA,1966
2015 Toyota RAV4,silver,DIESEL,TOYOTA,RAV4,AUTOMATIC,173600,21000,WA,2015
2015 Ford Falcon,black,PETROL,FORD,FALCON,AUTOMATIC,168000,44000,WA,2015
2010 Subaru Tribeca,white,PETROL,SUBARU,TRIBECA,AUTOMATIC,148172,7000,WA,2010
2011 Ford Ranger,blue,DIESEL,FORD,RANGER,AUTOMATIC,124000,18000,WA,2011
2019 Mitsubishi Outlander,silver,PETROL,MITSUBISHI,OUTLANDER,AUTOMATIC,91000,19499,WA,2019
2020 Honda Odyssey,silver,PETROL,HONDA,ODYSSEY,AUTOMATIC,38000,32000,WA,2020
1973 Volkswagen Beetle,white,PETROL,VOLKSWAGEN,BEETLE,MANUAL,60600,20000,WA,1973
2012 Volkswagen Touareg,white,DIESEL,VOLKSWAGEN,TOUAREG,AUTOMATIC,176173,13500,WA,2012
2003 Toyota MR2,white,PETROL,TOYOTA,MR2,AUTOMATIC,243000,12990,WA,2003
2013 Toyota Corolla,beige,PETROL,TOYOTA,COROLLA,AUTOMATIC,133057,15500,WA,2013
2014 Subaru XV,orange,OTHER,SUBARU,XV,AUTOMATIC,195000,9500,WA,2014
2019 Isuzu D-MAX TTOP,white,DIESEL,ISUZU,D-MAX,AUTOMATIC,161600,31500,WA,2019
2012 Holden cruze,green,PETROL,HOLDEN,CRUZE,AUTOMATIC,106259,4500,SA,2012
2003 Toyota Landcruiser Prado,silver,DIESEL,TOYOTA,LANDCRUISER,MANUAL,346000,16000,SA,2003
2016 Mitsubishi Pajero,grey,DIESEL,MITSUBISHI,PAJERO,AUTOMATIC,199480,21000,SA,2016
2014 Toyota RAV4 GX Auto 2WD MY14,black,PETROL,TOYOTA,RAV4,AUTOMATIC,201800,13000,SA,2014
2012 Hyundai Accent,black,PETROL,HYUNDAI,ACCENT,MANUAL,136000,5500,SA,2012
2017 Holden Holden Colorado,white,DIESEL,HOLDEN,COLORADO,AUTOMATIC,175000,23500,SA,2017
2014 Ford Kuga,grey,PETROL,FORD,KUGA,AUTOMATIC,185718,9000,SA,2014
2015 Subaru Outback,black,PETROL,SUBARU,OUTBACK,AUTOMATIC,110000,18000,SA,2015
2013 Hyundai i30,grey,PETROL,HYUNDAI,I30,AUTOMATIC,240000,3995,NSW,2013
2016 Volkswagen Amarok,white,DIESEL,VOLKSWAGEN,AMAROK,AUTOMATIC,255000,14500,SA,2016
2008 Toyota Landcruiser 200,white,PETROL,TOYOTA,LANDCRUISER,AUTOMATIC,334967,35000,SA,2008
2006 Lexus Lexus IS 250,black,OTHER,LEXUS,IS,AUTOMATIC,250000,6000,NSW,2006
2017 Mercedes-Benz b-class,white,PETROL,MERCEDES-BENZ,B-CLASS,AUTOMATIC,145000,13500,NSW,2017
2015 Hyundai i30,white,PETROL,HYUNDAI,I30,MANUAL,85000,10500,NSW,2015
2008 Volkswagen Crafter,white,DIESEL,VOLKSWAGEN,CRAFTER,MANUAL,315000,8300,NSW,2008
2010 Toyota Hilux,white,PETROL,TOYOTA,HILUX,AUTOMATIC,255000,13500,NSW,2010
2016 LDV G10,silver,PETROL,LDV,G10,MANUAL,143000,7500,NSW,2016
2017 Toyota Camry,blue,PETROL,TOYOTA,CAMRY,AUTOMATIC,75000,21000,NSW,2017
2008 Toyota Hiace,white,DIESEL,TOYOTA,HIACE,MANUAL,464000,8500,NSW,2008
2015 BMW x5 40d,grey,DIESEL,BMW,X5,AUTOMATIC,81000,30000,NSW,2015
2013 Ford Ranger,white,DIESEL,FORD,RANGER,AUTOMATIC,126760,15000,NSW,2013
2013 Mazda BT-50,white,DIESEL,MAZDA,BT-50,AUTOMATIC,170000,19999,NSW,2013
2014 Jeep Grand Cherokee,grey,DIESEL,JEEP,GRAND CHEROKEE,AUTOMATIC,178000,17000,NSW,2014
2012 Ford Focus,silver,PETROL,FORD,FOCUS,AUTOMATIC,291000,3000,VIC,2012
2016 Nissan X-Trail,grey,PETROL,NISSAN,X-TRAIL,AUTOMATIC,170000,15000,VIC,2016
2006 Honda [hidden information]08916,silver,PETROL,HONDA,E,AUTOMATIC,246000,5000,VIC,2006
2024 Toyota Alphard /Vellfire,black,HYBRID,TOYOTA,ALPHARD,AUTOMATIC,12000,96800,VIC,2024
2011 Jeep Cherokee,silver,PETROL,JEEP,CHEROKEE,AUTOMATIC,212800,4000,VIC,2011
2024 Mitsubishi Eclipse Cross,white,OTHER,MITSUBISHI,ECLIPSE CROSS,AUTOMATIC,12800,29990,VIC,2024
2011 Nissan Navara,white,DIESEL,NISSAN,NAVARA,MANUAL,243000,8500,VIC,2011
2009 Ford Falcon,red,PETROL,FORD,FALCON,AUTOMATIC,140000,35000,VIC,2009
2022 Tesla model 3,white,ELECTRIC,TESLA,MODEL 3,AUTOMATIC,38000,38000,VIC,2022
2012 HSV Club Sport,black,PETROL,HSV,CLUB SPORT,MANUAL,173000,62500,VIC,2012
2002 BMW M roadster,silver,PETROL,BMW,M ROADSTER,AUTOMATIC,128000,8000,VIC,2002
2025 Hyundai i30,white,HYBRID,HYUNDAI,I30,AUTOMATIC,1400,33900,QLD,2025
2019 Toyota Yaris,black,PETROL,TOYOTA,YARIS,AUTOMATIC,75600,16000,VIC,2019
2018 Ford Ranger 3.2 4x4 ,white,PETROL,FORD,RANGER,AUTOMATIC,130899,22998,VIC,2018
2015 Hyundai i30,grey,PETROL,HYUNDAI,I30,AUTOMATIC,163295,9999,VIC,2015
2021 Isuzu d-max 21my xy crew cab 4x4 3.0,burgundy,DIESEL,ISUZU,D-MAX,AUTOMATIC,172000,42500,QLD,2021
2009 Kia Cerato,white,OTHER,KIA,CERATO,AUTOMATIC,130000,6300,QLD,2009
2018 BMW series 1,red,PETROL,BMW,SERIES 1,AUTOMATIC,76837,24990,QLD,2018
2020 Hyundai Elantra,white,PETROL,HYUNDAI,ELANTRA,AUTOMATIC,149000,20900,QLD,2020
2019 Subaru Forester 2.5i Premium MY20,grey,PETROL,SUBARU,FORESTER,AUTOMATIC,158900,19500,QLD,2019
2010 Holden Barina,white,PETROL,HOLDEN,BARINA,AUTOMATIC,149000,5800,QLD,2010
2013 Nissan JUKE,brown,PETROL,NISSAN,JUKE,AUTOMATIC,85915,11990,QLD,2013
2022 Subaru Outback,white,PETROL,SUBARU,OUTBACK,AUTOMATIC,130700,36000,QLD,2022
"2015 Land Rover range rover sport tdv6 ""s"", panoramic roof, tow bar, air suspension, like new!",black,OTHER,LAND-ROVER,RANGE ROVER SPORT,AUTOMATIC,109000,39990,QLD,2015
2007 Volkswagen Golf,grey,DIESEL,VOLKSWAGEN,GOLF,AUTOMATIC,200000,5200,QLD,2007
1990 Holden Caprice,blue,PETROL,HOLDEN,CAPRICE,AUTOMATIC,340000,5500,QLD,1990
2011 Ford Ranger,white,DIESEL,FORD,RANGER,AUTOMATIC,329000,7000,QLD,2011
2015 Nissan Elgrand,charcoal,PETROL,NISSAN,ELGRAND,AUTOMATIC,220000,4800,QLD,2015
2014 Holden Commodore,black,OTHER,HOLDEN,COMMODORE,AUTOMATIC,166000,12000,VIC,2014
2012 Kia Sorento,white,DIESEL,KIA,SORENTO,AUTOMATIC,212000,11500,SA,2012
2012 Jeep Grand Cherokee,burgundy,DIESEL,JEEP,GRAND CHEROKEE,AUTOMATIC,172000,14000,QLD,2012
2009 Audi A4,grey,DIESEL,AUDI,A4,AUTOMATIC,206000,8000,NSW,2009
2011 Hyundai Elantra,blue,PETROL,HYUNDAI,ELANTRA,AUTOMATIC,175000,8000,SA,2011
2012 Isuzu D-Max,silver,DIESEL,ISUZU,D-MAX,AUTOMATIC,295000,10000,VIC,2012
2017 Toyota Hilux,white,OTHER,TOYOTA,HILUX,AUTOMATIC,220000,28000,SA,2017
2010 Holden Commodore,grey,PETROL,HOLDEN,COMMODORE,AUTOMATIC,168300,10000,SA,2010
2010 Nissan Maxima 350Ti,silver,PETROL,NISSAN,MAXIMA,AUTOMATIC,145000,9500,SA,2010
2010 Holden Commodore,green,PETROL,HOLDEN,COMMODORE,MANUAL,168000,25000,SA,2010
2009 Audi A3,silver,PETROL,AUDI,A3,AUTOMATIC,147000,8800,SA,2009
2006 Lexus is350 sport luxury,black,PETROL,LEXUS,IS,AUTOMATIC,136000,12345,VIC,2006
2005 Hyundai Getz,red,PETROL,HYUNDAI,GETZ,AUTOMATIC,243573,3000,SA,2005
2006 Toyota Aurion,black,PETROL,TOYOTA,AURION,AUTOMATIC,280000,5000,SA,2006
2010 Nissan Patrol,white,DIESEL,NISSAN,PATROL,MANUAL,230000,30000,SA,2010
1990 Toyota Landcruiser,white,PETROL,TOYOTA,LANDCRUISER,MANUAL,370000,22500,SA,1990
2002 Mercedes-Benz sedan,gold,PETROL,MERCEDES-BENZ,SEDAN,AUTOMATIC,215763,5400,SA,2002
1970 Chevrolet Camaro SS,orange,PETROL,CHEVROLET,CAMARO,MANUAL,56000,79000,SA,1970
2013 Iveco Daily 45C17 Truck SN2422I,white,DIESEL,IVECO,DAILY,MANUAL,160123,24995,NSW,2013
2025 Mazda CX-60,red,HYBRID,MAZDA,CX-60,AUTOMATIC,14500,58000,SA,2025
2010 BMW X5,silver,DIESEL,BMW,X5,AUTOMATIC,170000,12000,SA,2010
2021 Toyota Camry Hybrid 7701,red,HYBRID,TOYOTA,CAMRY,AUTOMATIC,93197,29999,NSW,2021
2010 Hyundai Getz,red,PETROL,HYUNDAI,GETZ,MANUAL,211123,3400,SA,2010
2014 Mercedes  Cla45 AMG,black,PETROL,MERCEDES-BENZ,A-CLASS,AUTOMATIC,160236,26500,NSW,2014
2018 Volvo XC60,black,DIESEL,VOLVO,XC60,AUTOMATIC,207000,20000,NSW,2018
1971 MG MG MGB,red,PETROL,MG,MG MGB,MANUAL,34170,25000,NSW,1971
"2008 Audi A4 LOW 132,000 Kms SN2434M",white,PETROL,AUDI,A4,AUTOMATIC,132486,6995,NSW,2008
2020 Mercedes-Benz c-class w205 c200 sedan 9g-tronic 2.0t,white,PETROL,MERCEDES-BENZ,C-CLASS,AUTOMATIC,42135,38888,NSW,2020
2009 Subaru WRX,white,OTHER,SUBARU,WRX,MANUAL,210000,18000,NSW,2009
2011 Subaru WRX,green,PETROL,SUBARU,WRX,AUTOMATIC,127000,25000,NSW,2011
2016 Volkswagen Passat,silver,PETROL,VOLKSWAGEN,PASSAT,AUTOMATIC,207000,11750,NSW,2016
2010 Holden Captiva 7 Seater LX MY10 SN2364F,white,PETROL,HOLDEN,CAPTIVA,AUTOMATIC,176587,4995,NSW,2010
1979 Holden VB Commodore,silver,PETROL,HOLDEN,COMMODORE,AUTOMATIC,152748,6500,NSW,1979
1994 Toyota Landcruiser,green,DIESEL,TOYOTA,LANDCRUISER,MANUAL,570000,15000,NSW,1994
2008 Toyota Aurion,white,PETROL,TOYOTA,AURION,AUTOMATIC,212000,6000,NSW,2008
2012 Mazda CX-5,charcoal,PETROL,MAZDA,CX-5,AUTOMATIC,220000,8000,NSW,2012
2010 Nissan Pathfinder,white,DIESEL,NISSAN,PATHFINDER,AUTOMATIC,240000,7000,NSW,2010
2022 Toyota corolla zr hatch auto,red,PETROL,TOYOTA,COROLLA,AUTOMATIC,61400,31800,NSW,2022
2018 Toyota RAV4,grey,PETROL,TOYOTA,RAV4,AUTOMATIC,103000,28800,NSW,2018
2004 Toyota Camry,silver,PETROL,TOYOTA,CAMRY,AUTOMATIC,246000,3000,NSW,2004
2006 Honda Accord,red,PETROL,HONDA,ACCORD,MANUAL,199000,7350,NSW,2006
2011 Suzuki Alto,blue,PETROL,SUZUKI,ALTO,MANUAL,200000,3500,VIC,2011
2012 Holden Cruze ,grey,PETROL,HOLDEN,CRUZE,AUTOMATIC,181250,3300,VIC,2012
2008 Hyundai Getz,black,PETROL,HYUNDAI,GETZ,AUTOMATIC,224000,3400,NSW,2008
2016 Toyota Hilux,silver,DIESEL,TOYOTA,HILUX,AUTOMATIC,270000,45000,VIC,2016
2021 Toyota Hilux,white,DIESEL,TOYOTA,HILUX,AUTOMATIC,119000,53000,VIC,2021
2012 toyota estima,black,OTHER,TOYOTA,ESTIMA,MANUAL,133422,15000,VIC,2012
2010 Ford Falcon,blue,OTHER,FORD,FALCON,AUTOMATIC,220000,10000,VIC,2010
2010 Mitsubishi Lancer,white,PETROL,MITSUBISHI,LANCER,AUTOMATIC,225000,5000,VIC,2010
2003 Nissan Patrol,gold,DIESEL,NISSAN,PATROL,MANUAL,375000,22000,VIC,2003
2016 Mitsubishi Pajero,silver,DIESEL,MITSUBISHI,PAJERO,AUTOMATIC,189000,22500,VIC,2016
2016 Toyota Camry,blue,HYBRID,TOYOTA,CAMRY,AUTOMATIC,214000,15500,VIC,2016
2015 Volkswagen Passat,white,OTHER,VOLKSWAGEN,PASSAT,AUTOMATIC,138469,10000,VIC,2015
2013 Volvo S60,black,PETROL,VOLVO,S60,AUTOMATIC,150000,10500,VIC,2013
1990 Toyota Landcruiser,red,DIESEL,TOYOTA,LANDCRUISER,MANUAL,354000,18000,VIC,1990
2021 Toyota Corolla Axio,white,HYBRID,TOYOTA,COROLLA,AUTOMATIC,10530,18790,VIC,2021
2022 Toyota Hilux,white,DIESEL,TOYOTA,HILUX,AUTOMATIC,50000,68000,VIC,2022
2012 Mazda CX-5,white,PETROL,MAZDA,CX-5,AUTOMATIC,116000,14999,QLD,2012
2011 Mazda BT-50,white,DIESEL,MAZDA,BT-50,MANUAL,270000,6000,QLD,2011
2005 Nissan Navara,white,DIESEL,NISSAN,NAVARA,MANUAL,278000,12500,QLD,2005
2012 Land Rover Range Rover Sport,black,DIESEL,LAND-ROVER,RANGE ROVER SPORT,AUTOMATIC,157800,20000,VIC,2012
2016 Hyundai Sonata,black,PETROL,HYUNDAI,SONATA,AUTOMATIC,155000,11800,VIC,2016
2015 BMW 118i m sport,black,PETROL,BMW,118I M SPORT,AUTOMATIC,33038,18500,QLD,2015
2014 Volkswagen Golf,blue,PETROL,VOLKSWAGEN,GOLF,AUTOMATIC,174447,9000,QLD,2014
2016 Mercedes-Benz Sprinter,white,DIESEL,MERCEDES-BENZ,SPRINTER,AUTOMATIC,102000,49999,QLD,2016
2014 Toyota Corolla,silver,PETROL,TOYOTA,COROLLA,MANUAL,147297,12000,QLD,2014
2005 Nissan X-Trail,white,PETROL,NISSAN,X-TRAIL,AUTOMATIC,194500,7000,QLD,2005
2004 Mitsubishi Triton,black,DIESEL,MITSUBISHI,TRITON,MANUAL,374802,11999,QLD,2004
2014 Volkswagen Touareg,silver,DIESEL,VOLKSWAGEN,TOUAREG,AUTOMATIC,93600,29990,QLD,2014
2017 Iveco Daily,white,DIESEL,IVECO,DAILY,AUTOMATIC,166000,39000,QLD,2017
2011 MINI Cooper,white,PETROL,MINI,COOPER,MANUAL,217345,6900,QLD,2011
2012 Ford Falcon,blue,OTHER,FORD,FALCON,AUTOMATIC,147000,19500,QLD,2012
2020 Nissan X-Trail,silver,PETROL,NISSAN,X-TRAIL,AUTOMATIC,68597,21500,QLD,2020
2013 Citroën Citroën Berlingo II,white,DIESEL,CITROËN,BERLINGO,MANUAL,250000,3000,QLD,2013
2008 Toyota Landcruiser Prado,white,DIESEL,TOYOTA,LANDCRUISER,AUTOMATIC,307000,25500,VIC,2008
2007 BMW 325i coupe ,black,PETROL,BMW,325I COUPE,AUTOMATIC,140000,9500,NSW,2007
1984 Toyota Landcruiser,white,OTHER,TOYOTA,LANDCRUISER,MANUAL,123456,5000,WA,1984
2012 Holden Holden Coupe,blue,PETROL,HOLDEN,HOLDEN COUPE,MANUAL,201109,7000,SA,2012
1971 Land Rover Land Rover Series III,grey,PETROL,LAND-ROVER,LAND ROVER SERIES III,AUTOMATIC,123456,3000,SA,1971
2000 Honda Integra,black,PETROL,HONDA,INTEGRA,AUTOMATIC,1234,12345,SA,2000
2008 Nissan Navara,white,OTHER,NISSAN,NAVARA,MANUAL,291000,8500,SA,2008
1994 Nissan Patrol,red,DIESEL,NISSAN,PATROL,MANUAL,999999,25000,SA,1994
2021 Mitsubishi Outlander,white,PETROL,MITSUBISHI,OUTLANDER,AUTOMATIC,188000,20000,SA,2021
2003 Holden crewman ute 3.8v6,red,PETROL,HOLDEN,CREWMAN,AUTOMATIC,223000,6500,SA,2003
2020 Nissan JUKE,silver,PETROL,NISSAN,JUKE,AUTOMATIC,41140,24000,SA,2020
2017 Mitsubishi Triton MQ,white,DIESEL,MITSUBISHI,TRITON,AUTOMATIC,145000,32000,SA,2017
2012 Holden Commodore,silver,PETROL,HOLDEN,COMMODORE,AUTOMATIC,225000,12345,SA,2012
2012 Nissan Patrol,white,DIESEL,NISSAN,PATROL,AUTOMATIC,238000,25000,SA,2012
2015 Jeep Cherokee Limited Edition ,white,PETROL,JEEP,CHEROKEE,AUTOMATIC,135000,15800,SA,2015
2005 Holden Commodore,blue,PETROL,HOLDEN,COMMODORE,AUTOMATIC,300000,2800,SA,2005
1977 Holden Holden HZ,blue,OTHER,HOLDEN,HOLDEN HZ,AUTOMATIC,300000,19500,SA,1977
2010 Holden commodore sv6 ute,green,PETROL,HOLDEN,COMMODORE,MANUAL,125000,13500,SA,2010
2010 Holden Ute,white,PETROL,HOLDEN,UTE,MANUAL,195000,17500,VIC,2010
2012 Hyundai Hyundai iLOAD,silver,PETROL,HYUNDAI,ILOAD,MANUAL,208000,14500,VIC,2012
2004 Holden Commodore,white,PETROL,HOLDEN,COMMODORE,AUTOMATIC,179283,8500,SA,2004
2017 Holden Trax,grey,PETROL,HOLDEN,TRAX,AUTOMATIC,148017,11999,VIC,2017
2019 Honda hr-v rs,grey,PETROL,HONDA,HR-V,AUTOMATIC,69692,26490,VIC,2019
2009 Toyota RAV4,blue,PETROL,TOYOTA,RAV4,AUTOMATIC,134000,11600,VIC,2009
2017 Ford PX2  Ranger,white,DIESEL,FORD,RANGER,AUTOMATIC,115000,35000,SA,2017
2013 Mazda BT-50,blue,DIESEL,MAZDA,BT-50,AUTOMATIC,355000,13850,VIC,2013
2005 Isuzu nqr,white,DIESEL,ISUZU,NQR,MANUAL,600000,14000,VIC,2005
2010 Audi A5,grey,PETROL,AUDI,A5,AUTOMATIC,150000,9999,VIC,2010
2016 Mazda BT-50,blue,DIESEL,MAZDA,BT-50,AUTOMATIC,160200,23999,VIC,2016
2016 Holden Barina ,white,PETROL,HOLDEN,BARINA,AUTOMATIC,141951,8500,VIC,2016
2010 Ford Fiesta,silver,DIESEL,FORD,FIESTA,MANUAL,258000,4500,VIC,2010
2012 Ford Focus,red,PETROL,FORD,FOCUS,AUTOMATIC,53369,11500,VIC,2012
2015 Nissan JUKE,white,PETROL,NISSAN,JUKE,AUTOMATIC,205000,8500,VIC,2015
2021 Hyundai Santa Fe,charcoal,DIESEL,HYUNDAI,SANTA FE,AUTOMATIC,115000,37500,VIC,2021
1999 Nissan Patrol,white,DIESEL,NISSAN,PATROL,MANUAL,350000,30000,VIC,1999
2014 Hyundai i30,blue,PETROL,HYUNDAI,I30,AUTOMATIC,174000,10000,VIC,2014
1998 Toyota Landcruiser Prado,white,PETROL,TOYOTA,LANDCRUISER,AUTOMATIC,460000,19000,WA,1998
2012 Toyota Toyota Kluger KXR,silver,PETROL,TOYOTA,KLUGER,AUTOMATIC,334000,15000,WA,2012
2016 Audi Q7,beige,PETROL,AUDI,Q7,AUTOMATIC,185000,25000,WA,2016
2011 Volkswagen Golf,black,PETROL,VOLKSWAGEN,GOLF,AUTOMATIC,200000,16000,VIC,2011
2007 Toyota Toyota Blade,black,PETROL,TOYOTA,TOYOTA BLADE,AUTOMATIC,135000,18000,WA,2007
2019 Toyota Landcruiser 200,white,DIESEL,TOYOTA,LANDCRUISER,AUTOMATIC,249000,54990,WA,2019
2004 Honda Civic,silver,PETROL,HONDA,CIVIC,AUTOMATIC,270000,4500,WA,2004
2000 Nissan Patrol,green,DIESEL,NISSAN,PATROL,MANUAL,473841,17500,WA,2000
2014 Nissan patrol tradies or campers dream,white,DIESEL,NISSAN,PATROL,MANUAL,213000,20999,WA,2014
2012 Mazda CX-5,blue,PETROL,MAZDA,CX-5,AUTOMATIC,160000,16000,NSW,2012
2010 Mercedes-Benz Mercedes-Benz 220SE,grey,DIESEL,MERCEDES-BENZ,MERCEDES-BENZ 220SE,AUTOMATIC,230000,7200,WA,2010
2007 Mitsubishi Pajero,grey,DIESEL,MITSUBISHI,PAJERO,AUTOMATIC,315000,12345,WA,2007
2007 Honda Jazz,silver,PETROL,HONDA,JAZZ,AUTOMATIC,270000,3800,NSW,2007
2020 BMW X1,black,DIESEL,BMW,X1,AUTOMATIC,89700,28999,WA,2020
2005 Honda Accord,grey,PETROL,HONDA,ACCORD,AUTOMATIC,221000,3250,NSW,2005
1999 Ford Falcon XR8 manual ,white,PETROL,FORD,FALCON,MANUAL,168000,19800,NSW,1999
2005 Audi S4,blue,PETROL,AUDI,S4,MANUAL,252000,15000,NSW,2005
2012 MINI Countryman,blue,PETROL,MINI,COUNTRYMAN,AUTOMATIC,130000,9000,NSW,2012
2007 Holden Commodore ,red,PETROL,HOLDEN,COMMODORE,AUTOMATIC,250000,8000,NSW,2007
2023 Subaru Outback,blue,PETROL,SUBARU,OUTBACK,AUTOMATIC,30000,46500,NSW,2023
2009 Volkswagen golf gti pirelli,silver,PETROL,VOLKSWAGEN,GOLF,AUTOMATIC,160000,12500,NSW,2009
2011 Toyota Landcruiser,white,DIESEL,TOYOTA,LANDCRUISER,MANUAL,300000,49500,NSW,2011
1984 Toyota Corolla,black,PETROL,TOYOTA,COROLLA,MANUAL,500,4000,NSW,1984
2015 Audi A3,black,OTHER,AUDI,A3,AUTOMATIC,77507,18500,NSW,2015
2016 Ford Fiesta,red,PETROL,FORD,FIESTA,AUTOMATIC,207000,6500,NSW,2016
2004 Toyota RAV4,silver,OTHER,TOYOTA,RAV4,AUTOMATIC,230000,6500,NSW,2004
2016 Subaru Wrx sti premium,silver,OTHER,SUBARU,WRX,MANUAL,24000,44000,NSW,2016
2023 Mitsubishi Triton ,grey,DIESEL,MITSUBISHI,TRITON,AUTOMATIC,42863,45989,WA,2023
2010 Honda Odyssey,white,PETROL,HONDA,ODYSSEY,AUTOMATIC,170000,7500,VIC,2010
"2015 Ford Ranger XL PX MkII 4X4 3.2L 🔥 302,559kms",blue,DIESEL,FORD,RANGER,MANUAL,302559,17999,NSW,2015
2023 Honda zr-v,grey,PETROL,HONDA,ZR-V,AUTOMATIC,14980,31500,VIC,2023
2016 Holden Holden Colorado,white,DIESEL,HOLDEN,COLORADO,MANUAL,342185,10000,VIC,2016
2011 Hyundai Hyundai iLOAD,white,DIESEL,HYUNDAI,ILOAD,MANUAL,335555,3000,VIC,2011
2021 Nissan Navara,black,DIESEL,NISSAN,NAVARA,AUTOMATIC,65000,48000,QLD,2021
2009 Suzuki Swift,grey,PETROL,SUZUKI,SWIFT,AUTOMATIC,190000,4500,QLD,2009
2020 Toyota RAV4 Wagon GXL AXAH52R,white,HYBRID,TOYOTA,RAV4,AUTOMATIC,238569,27977,SA,2020
2009 Nissan dualis reg/rwc/timing belt,silver,PETROL,NISSAN,DUALIS,MANUAL,288128,4490,VIC,2009
2007 Subaru liberty gtb,grey,PETROL,SUBARU,LIBERTY,AUTOMATIC,212000,8500,SA,2007
1999 Holden Commodore,white,OTHER,HOLDEN,COMMODORE,AUTOMATIC,400000,4000,VIC,1999
2002 Toyota Hilux,white,DIESEL,TOYOTA,HILUX,MANUAL,433136,7000,SA,2002
2014 Mitsubishi ASX (4WD) XB MY14 DIESEL TURBO F/INJ 2.3L 6 SP AUTO,black,PETROL,MITSUBISHI,ASX,AUTOMATIC,155681,12990,SA,2014
2019 Volkswagen Golf,blue,PETROL,VOLKSWAGEN,GOLF,AUTOMATIC,74800,38000,SA,2019
2002 Jaguar Jaguar XJ8,grey,PETROL,JAGUAR,XJ,AUTOMATIC,62121,32500,SA,2002
2016 Audi A5,black,PETROL,AUDI,A5,AUTOMATIC,190490,18000,SA,2016
2016 Toyota landcruiser prado vx,white,DIESEL,TOYOTA,LANDCRUISER,AUTOMATIC,223110,41490,SA,2016
2005 Ford Falcon BA.,white,PETROL,FORD,FALCON,AUTOMATIC,194500,3400,QLD,2005
2019 Hyundai i30,white,PETROL,HYUNDAI,I30,MANUAL,110203,16500,QLD,2019
2018 Ford FOCUS TREND LZ TURBO MPFI 1.5L 6 SP AUTO,silver,PETROL,FORD,FOCUS,AUTOMATIC,128381,14990,SA,2018
2016 Toyota Hiace SLWB High Roof Van,white,DIESEL,TOYOTA,HIACE,AUTOMATIC,170000,30990,QLD,2016
2017 Mitsubishi triton glx (4x4),white,DIESEL,MITSUBISHI,TRITON,MANUAL,264530,17888,WA,2017
2007 Toyota Corolla,black,PETROL,TOYOTA,COROLLA,MANUAL,173400,12345,QLD,2007
2007 Mercedes-Benz Mercedes-Benz ML350,silver,PETROL,MERCEDES-BENZ,MERCEDES-BENZ ML350,AUTOMATIC,229000,7800,SA,2007
2020 Mercedes-Benz gle300,black,DIESEL,MERCEDES-BENZ,GLE,AUTOMATIC,90100,65500,QLD,2020
1998 Mitsubishi Triton,blue,PETROL,MITSUBISHI,TRITON,MANUAL,247051,3000,QLD,1998
2008 Mazda CX-9,grey,PETROL,MAZDA,CX-9,AUTOMATIC,246141,5000,QLD,2008
2010 Volkswagen Golf,black,DIESEL,VOLKSWAGEN,GOLF,MANUAL,302800,3500,QLD,2010
2004 Toyota Kluger ,silver,OTHER,TOYOTA,KLUGER,AUTOMATIC,291000,5900,QLD,2004
2020 Mitsubishi  2020 MITSUBISHI TRITON GLX PLUS (4x4) ,white,DIESEL,MITSUBISHI,TRITON,AUTOMATIC,74393,29790,WA,2020
2018 Honda Civic,blue,PETROL,HONDA,CIVIC,AUTOMATIC,80000,15500,WA,2018
2010 Holden Cruze,grey,OTHER,HOLDEN,CRUZE,AUTOMATIC,192000,3500,WA,2010
2019 Kia Sportage,black,PETROL,KIA,SPORTAGE,AUTOMATIC,127498,17990,WA,2019
2008 Mazda BT-50,white,DIESEL,MAZDA,BT-50,MANUAL,262000,8000,QLD,2008
2017 Hyundai Veloster,white,OTHER,HYUNDAI,VELOSTER,AUTOMATIC,72000,15999,QLD,2017
2011 Nissan Navara,silver,DIESEL,NISSAN,NAVARA,AUTOMATIC,324000,16000,WA,2011
2018 Holden Astra,black,OTHER,HOLDEN,ASTRA,AUTOMATIC,108000,9500,QLD,2018
2015 Holden Trax LS,red,PETROL,HOLDEN,TRAX,AUTOMATIC,70000,11000,WA,2015
1989 Mitsubishi triton ute,white,PETROL,MITSUBISHI,TRITON,MANUAL,400000,2800,WA,1989
2016 Škoda Octavia,grey,PETROL,ŠKODA,OCTAVIA,AUTOMATIC,140000,13000,WA,2016
2006 Toyota Hilux,white,DIESEL,TOYOTA,HILUX,MANUAL,309000,11500,WA,2006
2009 Volkswagen Golf,silver,PETROL,VOLKSWAGEN,GOLF,MANUAL,260000,6000,VIC,2009
2012 Toyota Hilux,beige,DIESEL,TOYOTA,HILUX,AUTOMATIC,290000,25000,WA,2012
2010 Hyundai Getz,grey,PETROL,HYUNDAI,GETZ,AUTOMATIC,204983,5500,VIC,2010
2007 Holden Commodore,silver,PETROL,HOLDEN,COMMODORE,AUTOMATIC,288741,6000,VIC,2007
2014 Audi A4,black,PETROL,AUDI,A4,AUTOMATIC,190000,15500,VIC,2014
2017 Holden Captiva,red,OTHER,HOLDEN,CAPTIVA,AUTOMATIC,144000,12200,VIC,2017
2006 Subaru Forester,silver,PETROL,SUBARU,FORESTER,AUTOMATIC,279000,3000,VIC,2006
2019 Toyota Corolla,white,PETROL,TOYOTA,COROLLA,AUTOMATIC,194000,15500,VIC,2019
2014 Holden Captiva,red,PETROL,HOLDEN,CAPTIVA,AUTOMATIC,174000,6800,VIC,2014
2008 Lexus Lexus IS 250,grey,OTHER,LEXUS,IS,AUTOMATIC,165216,8950,VIC,2008
2020 Kia Cerato,white,PETROL,KIA,CERATO,AUTOMATIC,77000,18700,VIC,2020
2010 Nissan Micra,blue,PETROL,NISSAN,MICRA,AUTOMATIC,260000,4500,QLD,2010
2018 Mitsubishi Outlander,brown,PETROL,MITSUBISHI,OUTLANDER,AUTOMATIC,126000,22000,VIC,2018
2017 Mitsubishi Outlander,grey,PETROL,MITSUBISHI,OUTLANDER,AUTOMATIC,120000,19500,VIC,2017
2018 Honda jazz (free warranty),white,OTHER,HONDA,JAZZ,MANUAL,194000,9999,VIC,2018
2008 Toyota Hilux,white,PETROL,TOYOTA,HILUX,AUTOMATIC,480000,7500,VIC,2008
2016 Lexus Lexus CT200H,black,HYBRID,LEXUS,CT,AUTOMATIC,59000,26500,VIC,2016
2020 Holden Astra,white,PETROL,HOLDEN,ASTRA,AUTOMATIC,93000,20000,VIC,2020
2011 Nissan Micra,silver,PETROL,NISSAN,MICRA,AUTOMATIC,110000,6500,SA,2011
2007 Honda Civic,silver,PETROL,HONDA,CIVIC,AUTOMATIC,160000,7500,VIC,2007
2018 Land Rover Discovery Sport,blue,DIESEL,LAND-ROVER,DISCOVERY SPORT,AUTOMATIC,177131,17706,VIC,2018
2018 Audi A3,silver,DIESEL,AUDI,A3,AUTOMATIC,97000,24999,SA,2018
2015 Volkswagen Polo,grey,PETROL,VOLKSWAGEN,POLO,AUTOMATIC,193000,7500,VIC,2015
2024 Nissan Qashqai,black,OTHER,NISSAN,QASHQAI,AUTOMATIC,13500,29900,VIC,2024
2017 Holden Commodore,white,PETROL,HOLDEN,COMMODORE,AUTOMATIC,148000,23000,VIC,2017
2018 Holden  EQUINOX LS EQ AUTO FWD MY18,silver,PETROL,HOLDEN,EQUINOX,AUTOMATIC,156000,13888,SA,2018
2010 Volkswagen Tiguan,white,PETROL,VOLKSWAGEN,TIGUAN,AUTOMATIC,179140,8490,SA,2010
2016 Ford RANGER WILDTRAK PX MKll AUTO,white,DIESEL,FORD,RANGER,AUTOMATIC,284000,21999,SA,2016
2020 Ford Escape,white,PETROL,FORD,ESCAPE,AUTOMATIC,90000,19000,VIC,2020
2010 Mazda CX7,silver,PETROL,MAZDA,CX-7,AUTOMATIC,245000,3375,VIC,2010
2005 Toyota Landcruiser 100,white,DIESEL,TOYOTA,LANDCRUISER,MANUAL,490000,27500,VIC,2005
2013 Ford Ranger,white,DIESEL,FORD,RANGER,MANUAL,212000,9000,VIC,2013
2015 Honda grace,black,HYBRID,HONDA,E,AUTOMATIC,62900,14800,VIC,2015
2012 Hyundai IX35 HIGHLANDER,white,PETROL,HYUNDAI,IX35,AUTOMATIC,122000,14400,VIC,2012
2016 Subaru WRX,silver,PETROL,SUBARU,WRX,AUTOMATIC,152000,17500,VIC,2016
2012 Audi A4,black,PETROL,AUDI,A4,AUTOMATIC,138000,9900,VIC,2012
2016 Ford Territory,red,DIESEL,FORD,TERRITORY,AUTOMATIC,225000,11000,VIC,2016
2018 Ford Ranger,white,OTHER,FORD,RANGER,AUTOMATIC,201000,25000,VIC,2018
1975 Holden Holden HJ,black,PETROL,HOLDEN,HOLDEN HJ,MANUAL,267835,15000,VIC,1975
2020 Ford Ranger,grey,DIESEL,FORD,RANGER,AUTOMATIC,105600,58000,VIC,2020
2025 Haval jolion,blue,HYBRID,HAVAL,JOLION,AUTOMATIC,8500,26000,VIC,2025
2014 Hyundai Ix35,black,PETROL,HYUNDAI,IX35,AUTOMATIC,139000,11500,VIC,2014
1991 Suzuki Jimny,white,OTHER,SUZUKI,JIMNY,MANUAL,286608,5500,NSW,1991
2025 Isuzu D-Max,grey,DIESEL,ISUZU,D-MAX,AUTOMATIC,6200,41000,NSW,2025
2018 Hyundai Tucson,white,PETROL,HYUNDAI,TUCSON,AUTOMATIC,86450,19000,NSW,2018
2007 BMW 320i,black,PETROL,BMW,SERIES 3,AUTOMATIC,180000,5000,NSW,2007
2004 Mitsubishi Outlander,black,PETROL,MITSUBISHI,OUTLANDER,AUTOMATIC,251000,3500,NSW,2004
2015 Hyundai Hyundai iLOAD,white,DIESEL,HYUNDAI,ILOAD,MANUAL,235000,13000,NSW,2015
2017 Honda Civic,white,PETROL,HONDA,CIVIC,AUTOMATIC,100000,24000,NSW,2017
2009 Honda Jazz,black,PETROL,HONDA,JAZZ,MANUAL,156000,5000,NSW,2009
2019 Toyota Corolla,white,HYBRID,TOYOTA,COROLLA,AUTOMATIC,134600,22000,NSW,2019
2016 Volkswagen Tiguan,black,DIESEL,VOLKSWAGEN,TIGUAN,AUTOMATIC,100000,16750,NSW,2016
2024 Tesla model 3,black,ELECTRIC,TESLA,MODEL 3,AUTOMATIC,9500,55000,NSW,2024
2011 Kia Cerato,white,PETROL,KIA,CERATO,AUTOMATIC,267000,4300,NSW,2011
2019 BMW 420i,grey,PETROL,BMW,SERIES 4,AUTOMATIC,61387,35000,NSW,2019
2009 Toyota Aurion,black,PETROL,TOYOTA,AURION,AUTOMATIC,296000,3500,NSW,2009
2019 Nissan Patrol,black,PETROL,NISSAN,PATROL,AUTOMATIC,117000,67000,NSW,2019
2020 Mercedes-Benz glb250,grey,PETROL,MERCEDES-BENZ,GLB,AUTOMATIC,58800,44500,NSW,2020
2004 Ford Falcon,black,OTHER,FORD,FALCON,AUTOMATIC,94000,12000,QLD,2004
2010 Audi Q5,blue,PETROL,AUDI,Q5,AUTOMATIC,154000,5000,QLD,2010
2021 Honda HR-V,white,PETROL,HONDA,HR-V,AUTOMATIC,82000,21050,NSW,2021
2012 Volkswagen Tiguan,white,PETROL,VOLKSWAGEN,TIGUAN,AUTOMATIC,172459,7000,NSW,2012
2014 Hyundai Elantra,grey,PETROL,HYUNDAI,ELANTRA,MANUAL,127000,8250,QLD,2014
2008 Nissan X-Trail,white,PETROL,NISSAN,X-TRAIL,AUTOMATIC,303997,2999,QLD,2008
2024 Hyundai i30,blue,PETROL,HYUNDAI,I30,AUTOMATIC,13000,46000,QLD,2024
2021 Subaru Impreza,grey,PETROL,SUBARU,IMPREZA,AUTOMATIC,17714,25000,QLD,2021
2001 Mercedes-Benz CLK320,silver,PETROL,MERCEDES-BENZ,CLA,AUTOMATIC,183000,7950,QLD,2001
1977 Ford Fairmont,yellow,OTHER,FORD,FAIRMONT,AUTOMATIC,245000,15000,QLD,1977
2006 Honda Accord,blue,OTHER,HONDA,ACCORD,AUTOMATIC,254014,7990,QLD,2006
2015 Mitsubishi ASX,red,PETROL,MITSUBISHI,ASX,AUTOMATIC,196045,9000,QLD,2015
2012 Toyota Kluger KX-S,silver,PETROL,TOYOTA,KLUGER,AUTOMATIC,288000,9750,QLD,2012
1998 Volvo S40,green,PETROL,VOLVO,S40,AUTOMATIC,162351,5999,QLD,1998
2014 Volkswagen Caddy,grey,DIESEL,VOLKSWAGEN,CADDY,AUTOMATIC,230000,8500,WA,2014
2013 Toyota Rukus,burgundy,PETROL,TOYOTA,RUKUS,AUTOMATIC,250000,8000,QLD,2013
2012 Hyundai i20,blue,PETROL,HYUNDAI,I20,MANUAL,153000,4300,QLD,2012
2021 Toyota Corolla,white,HYBRID,TOYOTA,COROLLA,AUTOMATIC,250000,17500,WA,2021
2024 Toyota Hilux,white,DIESEL,TOYOTA,HILUX,AUTOMATIC,7348,75000,WA,2024
2013 Hyundai i20,red,PETROL,HYUNDAI,I20,AUTOMATIC,71560,10500,WA,2013
2010 Toyota Crown,white,HYBRID,TOYOTA,CROWN,AUTOMATIC,111000,16900,WA,2010
2010 Jeep Wrangler,silver,PETROL,JEEP,WRANGLER,MANUAL,199964,13900,WA,2010
2014 Mitsubishi Delica,white,DIESEL,MITSUBISHI,DELICA,AUTOMATIC,217000,20500,WA,2014
2008 Toyota Aurion,silver,PETROL,TOYOTA,AURION,AUTOMATIC,154327,5500,WA,2008
2015 Ford Ranger,white,DIESEL,FORD,RANGER,AUTOMATIC,193000,17999,WA,2015
2014 Alfa Romeo Giulietta,white,DIESEL,ALFA-ROMEO,GIULIETTA,AUTOMATIC,111200,6900,WA,2014
2014 Ford Falcon,orange,PETROL,FORD,FALCON,AUTOMATIC,190945,29990,WA,2014
2013 Nissan Micra,orange,PETROL,NISSAN,MICRA,AUTOMATIC,109000,7899,WA,2013
2016 BMW X5,grey,DIESEL,BMW,X5,AUTOMATIC,110300,31000,WA,2016
2001 Toyota Celica,black,PETROL,TOYOTA,CELICA,MANUAL,179000,14000,SA,2001
2013 Hyundai i30,grey,DIESEL,HYUNDAI,I30,MANUAL,270000,5500,SA,2013
2009 BMW X6,grey,DIESEL,BMW,X6,AUTOMATIC,167000,15000,SA,2009
1993 Toyota Corolla,red,PETROL,TOYOTA,COROLLA,AUTOMATIC,310000,3800,SA,1993
2022 Mercedes-Benz C300,charcoal,PETROL,MERCEDES-BENZ,C-CLASS,AUTOMATIC,31000,63500,SA,2022
2008 Nissan Navara,white,DIESEL,NISSAN,NAVARA,AUTOMATIC,314000,6000,SA,2008
1984 Holden Holden One Tonner,green,OTHER,HOLDEN,HOLDEN ONE TONNER,AUTOMATIC,285217,15000,SA,1984
2024 Toyota C-HR,silver,HYBRID,TOYOTA,C-HR,AUTOMATIC,8000,49995,SA,2024
2015 Ford Everest,black,DIESEL,FORD,EVEREST,AUTOMATIC,184000,27000,SA,2015
2011 Volkswagen Golf,red,PETROL,VOLKSWAGEN,GOLF,AUTOMATIC,81460,16550,SA,2011
2016 Ford Falcon,black,OTHER,FORD,FALCON,AUTOMATIC,147000,12500,SA,2016
2021 Toyota Corolla,grey,PETROL,TOYOTA,COROLLA,AUTOMATIC,97487,22000,SA,2021
2005 Ford Escape,gold,PETROL,FORD,ESCAPE,AUTOMATIC,190340,2750,SA,2005
2011 Chevrolet cruze,red,PETROL,CHEVROLET,CRUZE,AUTOMATIC,172500,4000,SA,2011
2018 Toyota Camry,white,PETROL,TOYOTA,CAMRY,AUTOMATIC,105000,23000,SA,2018
2012 Ford Falcon,grey,OTHER,FORD,FALCON,AUTOMATIC,1000,10000,SA,2012
1988 Toyota Landcruiser,white,PETROL,TOYOTA,LANDCRUISER,MANUAL,595000,25000,SA,1988
2009 Mitsubishi Grandis,silver,PETROL,MITSUBISHI,GRANDIS,AUTOMATIC,210575,5300,WA,2009
2019 Ford Ranger,white,DIESEL,FORD,RANGER,AUTOMATIC,121000,35000,WA,2019
2017 Ford Ranger,white,DIESEL,FORD,RANGER,AUTOMATIC,205000,19900,QLD,2017
2011 Toyota Yaris,white,PETROL,TOYOTA,YARIS,AUTOMATIC,190000,10000,WA,2011
2018 Honda Civic RS   95212kms,blue,PETROL,HONDA,CIVIC,AUTOMATIC,95212,23990,WA,2018
1974 Toyota Celica,silver,PETROL,TOYOTA,CELICA,MANUAL,123456,7000,VIC,1974
2010 Subaru Forester,black,PETROL,SUBARU,FORESTER,AUTOMATIC,186000,6000,VIC,2010
2021 Hyundai i30,white,PETROL,HYUNDAI,I30,AUTOMATIC,28000,23999,VIC,2021
2007 Toyota Yaris,silver,PETROL,TOYOTA,YARIS,MANUAL,225000,4990,SA,2007
2006 Honda Accord,black,OTHER,HONDA,ACCORD,AUTOMATIC,28000,3500,NSW,2006
2020 Porsche Macan,white,PETROL,PORSCHE,MACAN,AUTOMATIC,121462,54880,NSW,2020
2014 Dodge Journey,black,PETROL,DODGE,JOURNEY,AUTOMATIC,129000,9999,NSW,2014
2014 Audi A4,grey,OTHER,AUDI,A4,AUTOMATIC,260000,6500,NSW,2014
2007 Volkswagen Golf,black,PETROL,VOLKSWAGEN,GOLF,AUTOMATIC,156641,6500,NSW,2007
2023 Toyota CAMRY ASCENT HYBRID ,grey,HYBRID,TOYOTA,CAMRY,AUTOMATIC,55000,34990,NSW,2023
2024 Toyota crown crossover,white,HYBRID,TOYOTA,CROWN,AUTOMATIC,5070,63800,NSW,2024
2013 BMW m5 f10,black,PETROL,BMW,M5,AUTOMATIC,121000,44000,NSW,2013
2016 Holden commodore ss black vf series ii,black,PETROL,HOLDEN,COMMODORE,AUTOMATIC,84000,48000,NSW,2016
2012 Hyundai i45,grey,PETROL,HYUNDAI,I45,AUTOMATIC,267389,3500,NSW,2012
1999 Mercedes-Benz e240 elegance,blue,PETROL,MERCEDES-BENZ,E240 ELEGANCE,AUTOMATIC,166000,5900,NSW,1999
2011 Holden Commodore,black,PETROL,HOLDEN,COMMODORE,MANUAL,205000,28200,NSW,2011
2012 Nissan Navara,silver,DIESEL,NISSAN,NAVARA,MANUAL,241000,4500,NSW,2012
2003 Nissan X-Trail,silver,PETROL,NISSAN,X-TRAIL,MANUAL,221929,4500,NSW,2003
2011 Ford Fiesta,black,PETROL,FORD,FIESTA,MANUAL,151000,3500,NSW,2011
2016 Lexus Lexus IS 300h,white,HYBRID,LEXUS,IS,AUTOMATIC,115000,33500,NSW,2016
2003 Lexus IS200,gold,PETROL,LEXUS,IS,AUTOMATIC,156178,2500,NSW,2003
2021 Volkswagen Golf,blue,PETROL,VOLKSWAGEN,GOLF,AUTOMATIC,46000,44499,VIC,2021
2010 Toyota Yaris,gold,PETROL,TOYOTA,YARIS,AUTOMATIC,208000,8000,NSW,2010
2014 Mitsubishi Pajero,grey,DIESEL,MITSUBISHI,PAJERO,AUTOMATIC,205000,32500,VIC,2014
2011 Toyota Corolla,red,PETROL,TOYOTA,COROLLA,AUTOMATIC,160000,10900,NSW,2011
2003 Mitsubishi Lancer,yellow,PETROL,MITSUBISHI,LANCER,AUTOMATIC,224700,3000,VIC,2003
2013 Hyundai Ix35,silver,DIESEL,HYUNDAI,IX35,AUTOMATIC,241000,9500,VIC,2013
2010 Ford Ranger,grey,DIESEL,FORD,RANGER,AUTOMATIC,300,9500,VIC,2010
2016 Holden Ute,black,PETROL,HOLDEN,UTE,AUTOMATIC,102621,30990,NSW,2016
2003 Toyota Avalon,white,OTHER,TOYOTA,AVALON,AUTOMATIC,170100,6000,QLD,2003
1986 Toyota Hilux,white,PETROL,TOYOTA,HILUX,AUTOMATIC,12345,12000,QLD,1986
1999 Nissan Patrol,white,DIESEL,NISSAN,PATROL,MANUAL,64123,20000,QLD,1999
1989 Ford F-250,white,OTHER,FORD,F-250,AUTOMATIC,302000,16000,QLD,1989
2012 Toyota Yaris,blue,PETROL,TOYOTA,YARIS,MANUAL,106500,9000,QLD,2012
2003 Mercedes-Benz 500 SL,silver,PETROL,MERCEDES-BENZ,SL,AUTOMATIC,198000,9500,QLD,2003
1972 Volkswagen Kombi,white,PETROL,VOLKSWAGEN,KOMBI,MANUAL,41000,66000,QLD,1972
2007 Mitsubishi Canter,white,OTHER,MITSUBISHI,FUSO,MANUAL,260108,18000,QLD,2007
2009 Mitsubishi Lancer,white,PETROL,MITSUBISHI,LANCER,AUTOMATIC,196000,12000,VIC,2009
2011 Mitsubishi Triton,white,PETROL,MITSUBISHI,TRITON,AUTOMATIC,350000,7000,QLD,2011
2014 Hyundai iMax,white,PETROL,HYUNDAI,IMAX,AUTOMATIC,162280,15000,QLD,2014
2023 Kia Sportage,blue,PETROL,KIA,SPORTAGE,AUTOMATIC,70100,34900,QLD,2023
2019 Ford Focus,red,OTHER,FORD,FOCUS,AUTOMATIC,108000,14000,SA,2019
2023 Toyota Landcruiser,black,DIESEL,TOYOTA,LANDCRUISER,MANUAL,81157,145000,SA,2023
2013 Toyota Yaris,red,OTHER,TOYOTA,YARIS,AUTOMATIC,183000,8000,QLD,2013
2008 Mazda BT50,white,DIESEL,MAZDA,BT-50,MANUAL,248000,8000,SA,2008
2021 Audi A1,white,PETROL,AUDI,A1,AUTOMATIC,12000,49500,SA,2021
2012 Audi A4,red,PETROL,AUDI,A4,AUTOMATIC,128300,11500,SA,2012
2002 Mitsubishi Lancer,silver,PETROL,MITSUBISHI,LANCER,AUTOMATIC,275000,2600,SA,2002
2012 Ford Festiva,white,PETROL,FORD,FESTIVA,AUTOMATIC,134694,7000,SA,2012
2014 Volkswagen Polo,blue,PETROL,VOLKSWAGEN,POLO,MANUAL,108000,9000,SA,2014
2016 Toyota Camry,silver,OTHER,TOYOTA,CAMRY,AUTOMATIC,190110,11800,SA,2016
2017 Ford Ranger,white,DIESEL,FORD,RANGER,AUTOMATIC,77210,38990,SA,2017
2010 Holden Colorado,white,PETROL,HOLDEN,COLORADO,MANUAL,149500,8200,WA,2010
2017 BMW X5,grey,DIESEL,BMW,X5,AUTOMATIC,84500,45000,SA,2017
2019 Hyundai Kona,grey,PETROL,HYUNDAI,KONA,AUTOMATIC,149000,19700,WA,2019
2016 Subaru Forester,white,PETROL,SUBARU,FORESTER,AUTOMATIC,116000,19000,WA,2016
2008 BMW 335i ,grey,PETROL,BMW,SERIES 3,AUTOMATIC,162000,19500,WA,2008
2004 Toyota Camry,gold,PETROL,TOYOTA,CAMRY,AUTOMATIC,275000,3888,WA,2004
2008 Dodge Caliber,black,PETROL,DODGE,CALIBER,AUTOMATIC,170000,2500,WA,2008
2019 Toyota C-HR,white,PETROL,TOYOTA,C-HR,AUTOMATIC,90000,29000,SA,2019
2010 Audi Q5,black,PETROL,AUDI,Q5,AUTOMATIC,202000,8000,WA,2010
2017 Lexus Lexus IS 200t,grey,PETROL,LEXUS,IS,AUTOMATIC,332000,17500,WA,2017
2011 Ford Falcon XR6,orange,OTHER,FORD,FALCON,AUTOMATIC,193000,12990,WA,2011
2005 Renault Kangoo,silver,PETROL,RENAULT,KANGOO,AUTOMATIC,208874,2500,WA,2005
2010 Toyota Camry,grey,PETROL,TOYOTA,CAMRY,AUTOMATIC,220000,6500,WA,2010
2015 Ford Ranger,white,DIESEL,FORD,RANGER,MANUAL,245000,9000,WA,2015
2018 Ford Mondeo,white,DIESEL,FORD,MONDEO,AUTOMATIC,220000,10000,WA,2018
2022 Mitsubishi Outlander,grey,PETROL,MITSUBISHI,OUTLANDER,AUTOMATIC,70000,35000,VIC,2022
2003 Holden Commodore,red,PETROL,HOLDEN,COMMODORE,MANUAL,176000,22000,WA,2003
2007 Holden Caprice,grey,PETROL,HOLDEN,CAPRICE,AUTOMATIC,340000,8000,WA,2007
2000 Toyota MR2,yellow,PETROL,TOYOTA,MR2,MANUAL,141880,16000,QLD,2000
2012 Holden other,white,PETROL,HOLDEN,OTHER,MANUAL,89293,7000,SA,2012
2001 Mercedes-Benz S 320,blue,PETROL,MERCEDES-BENZ,S-CLASS,AUTOMATIC,174700,6500,NSW,2001
2010 FIAT Ducato,white,DIESEL,FIAT,DUCATO,MANUAL,350000,9700,NSW,2010
2014 Audi Q5,white,DIESEL,AUDI,Q5,AUTOMATIC,161000,16000,WA,2014
2002 Subaru WRX,grey,PETROL,SUBARU,WRX,MANUAL,180967,8500,QLD,2002
2017 Volkswagen Golf,white,DIESEL,VOLKSWAGEN,GOLF,AUTOMATIC,160000,20000,NSW,2017
2020 Škoda Fabia,white,PETROL,ŠKODA,FABIA,MANUAL,82000,15000,SA,2020
2019 Toyota Yaris,charcoal,PETROL,TOYOTA,YARIS,AUTOMATIC,54502,22000,WA,2019
2007 Volkswagen Golf,red,PETROL,VOLKSWAGEN,GOLF,AUTOMATIC,157000,9950,NSW,2007
2018 Volkswagen Tiguan,white,DIESEL,VOLKSWAGEN,TIGUAN,AUTOMATIC,78000,32888,NSW,2018
2012 Hyundai Hyundai iLOAD,white,DIESEL,HYUNDAI,ILOAD,AUTOMATIC,233000,15000,NSW,2012
2018 Toyota Toyota Vitz,white,OTHER,TOYOTA,TOYOTA VITZ,AUTOMATIC,123000,14500,NSW,2018
2013 Holden Barina,silver,PETROL,HOLDEN,BARINA,AUTOMATIC,126000,6000,NSW,2013
2015 Kia Optima,white,PETROL,KIA,OPTIMA,MANUAL,186000,12000,NSW,2015
2008 Volkswagen Polo,white,DIESEL,VOLKSWAGEN,POLO,MANUAL,308000,3200,NSW,2008
2005 Toyota Corolla,blue,PETROL,TOYOTA,COROLLA,AUTOMATIC,169000,5200,NSW,2005
1977 Ford Fairlane,black,PETROL,FORD,FAIRLANE,AUTOMATIC,217000,34000,NSW,1977
2021 Ford ranger xlt,blue,DIESEL,FORD,RANGER,AUTOMATIC,35000,39800,NSW,2021
2001 Audi A4,silver,PETROL,AUDI,A4,MANUAL,215000,7500,NSW,2001
2006 Mercedes-Benz amg 211 e class 5.5ltr,grey,PETROL,MERCEDES-BENZ,CLA,AUTOMATIC,157000,20000,NSW,2006
2012 Toyota Hiace,white,PETROL,TOYOTA,HIACE,AUTOMATIC,176000,21000,NSW,2012
2020 BMW 118i m sport,grey,PETROL,BMW,118I M SPORT,AUTOMATIC,83000,30000,QLD,2020
2013 Subaru Impreza,red,PETROL,SUBARU,IMPREZA,MANUAL,150200,7000,NSW,2013
1994 Nissan Nissan Silvia,orange,OTHER,NISSAN,NISSAN SILVIA,MANUAL,123123,123456,QLD,1994
2011 Toyota Alphard,black,PETROL,TOYOTA,ALPHARD,AUTOMATIC,189666,16800,QLD,2011
2009 Audi A4,white,PETROL,AUDI,A4,AUTOMATIC,220000,7000,QLD,2009
2000 Nissan Navara,white,PETROL,NISSAN,NAVARA,MANUAL,342000,16000,WA,2000
2015 Hyundai Tucson,burgundy,PETROL,HYUNDAI,TUCSON,AUTOMATIC,166000,16500,QLD,2015
2010 Honda Accord,black,PETROL,HONDA,ACCORD,AUTOMATIC,190000,7800,NSW,2010
2011 Toyota Corolla Ascent Sports,white,PETROL,TOYOTA,COROLLA,MANUAL,307515,5500,QLD,2011
2013 BMW X3,silver,DIESEL,BMW,X3,AUTOMATIC,172758,12000,QLD,2013
2016 Mercedes-Benz C43,white,PETROL,MERCEDES-BENZ,C-CLASS,AUTOMATIC,80000,38000,QLD,2016
2015 Mercedes-Benz Sprinter,blue,DIESEL,MERCEDES-BENZ,SPRINTER,AUTOMATIC,222700,25000,QLD,2015
2016 Audi S3,silver,PETROL,AUDI,S3,AUTOMATIC,92500,30000,QLD,2016
2012 Nissan navara st d40 ,red,DIESEL,NISSAN,NAVARA,MANUAL,237295,6000,QLD,2012
2011 Nissan Patrol,white,DIESEL,NISSAN,PATROL,AUTOMATIC,220000,18500,QLD,2011
1994 Toyota hilux surf kzn130,blue,DIESEL,TOYOTA,HILUX,AUTOMATIC,356000,6500,QLD,1994
2006 Mitsubishi Triton glxr ,red,PETROL,MITSUBISHI,TRITON,AUTOMATIC,165533,13500,QLD,2006
2004 Toyota Landcruiser Prado,white,PETROL,TOYOTA,LANDCRUISER,AUTOMATIC,270000,12000,QLD,2004
2015 BMW X3,white,DIESEL,BMW,X3,AUTOMATIC,115000,18800,SA,2015
2009 Toyota CROWN MAJESTA C-TYPE TRD,white,PETROL,TOYOTA,CROWN,AUTOMATIC,98581,21990,SA,2009
2024 Ford Everest Sport,black,DIESEL,FORD,EVEREST,AUTOMATIC,17525,69900,SA,2024
2004 Subaru Impreza,silver,PETROL,SUBARU,IMPREZA,AUTOMATIC,256000,4000,SA,2004
2012 Jeep Compass,red,PETROL,JEEP,COMPASS,AUTOMATIC,171000,7200,SA,2012
2013 Land Rover Range Rover,black,PETROL,LAND-ROVER,RANGE ROVER,AUTOMATIC,176166,14500,SA,2013
2019 Jeep Grand Cherokee,black,DIESEL,JEEP,GRAND CHEROKEE,AUTOMATIC,100000,32000,SA,2019
2012 Holden Holden Colorado,white,DIESEL,HOLDEN,COLORADO,AUTOMATIC,280000,11900,SA,2012
1995 Toyota Celica,silver,OTHER,TOYOTA,CELICA,AUTOMATIC,297000,3200,SA,1995
2001 Nissan pulsar 4cyl automatic,blue,PETROL,NISSAN,4CYL AUTOMATIC,AUTOMATIC,201000,2900,SA,2001
2022 Nissan X-Trail,red,PETROL,NISSAN,X-TRAIL,AUTOMATIC,50800,29500,SA,2022
2009 Hyundai Getz 5 door,blue,PETROL,HYUNDAI,GETZ,AUTOMATIC,211500,3450,SA,2009
2006 Holden Caprice,grey,PETROL,HOLDEN,CAPRICE,AUTOMATIC,220000,15000,SA,2006
2009 Hyundai Elantra,white,PETROL,HYUNDAI,ELANTRA,AUTOMATIC,520,3500,SA,2009
2010 Mitsubishi Lancer,white,PETROL,MITSUBISHI,LANCER,MANUAL,320000,2895,SA,2010
1999 Nissan Patrol,beige,DIESEL,NISSAN,PATROL,MANUAL,350000,30000,SA,1999
2011 Audi A4,grey,PETROL,AUDI,A4,AUTOMATIC,146000,12999,VIC,2011
2006 Hyundai Accent,silver,PETROL,HYUNDAI,ACCENT,AUTOMATIC,251000,4000,VIC,2006
2011 Toyota Crown,black,HYBRID,TOYOTA,CROWN,AUTOMATIC,130000,16000,VIC,2011
2014 Toyota Aurion,grey,PETROL,TOYOTA,AURION,AUTOMATIC,51745,16990,VIC,2014
2003 Ford Falcon,purple,PETROL,FORD,FALCON,AUTOMATIC,176000,11000,VIC,2003
2006 Lexus LS460,black,PETROL,LEXUS,LS,AUTOMATIC,117099,21990,VIC,2006
2021 Tesla Model 3,blue,ELECTRIC,TESLA,MODEL 3,AUTOMATIC,97000,34000,VIC,2021
2011 Lexus GS300,grey,PETROL,LEXUS,GS,AUTOMATIC,104000,16500,VIC,2011
2014 Holden Commodore,silver,PETROL,HOLDEN,COMMODORE,AUTOMATIC,260000,12000,VIC,2014
2016 Nissan Patrol,grey,OTHER,NISSAN,PATROL,AUTOMATIC,235600,47980,VIC,2016
2017 Volkswagen Tiguan,grey,DIESEL,VOLKSWAGEN,TIGUAN,AUTOMATIC,105000,19500,VIC,2017
2007 Volkswagen Golf,red,PETROL,VOLKSWAGEN,GOLF,MANUAL,185000,7500,VIC,2007
2016 Ford Ranger,grey,DIESEL,FORD,RANGER,AUTOMATIC,168000,21000,VIC,2016
2020 Honda FIT /JAZZ,grey,HYBRID,HONDA,JAZZ,AUTOMATIC,83500,18799,VIC,2020
2014 Toyota Hilux,black,DIESEL,TOYOTA,HILUX,MANUAL,195000,30000,VIC,2014
2016 Holden Cruze Equipe,orange,OTHER,HOLDEN,CRUZE,AUTOMATIC,97500,11200,VIC,2016
2024 Mitsubishi ASX,red,PETROL,MITSUBISHI,ASX,AUTOMATIC,12000,28000,VIC,2024
2023 Toyota Landcruiser GX GDJL79R,white,DIESEL,TOYOTA,LANDCRUISER,AUTOMATIC,16240,82998,WA,2023
2021 Toyota Fortuner,white,DIESEL,TOYOTA,FORTUNER,AUTOMATIC,71236,46989,WA,2021
2011 Nissan Dualis,grey,PETROL,NISSAN,DUALIS,MANUAL,210000,7000,WA,2011
2020 Toyota RAV4,black,HYBRID,TOYOTA,RAV4,AUTOMATIC,23480,41990,WA,2020
2001 Ford Falcon,white,OTHER,FORD,FALCON,MANUAL,235000,14500,WA,2001
2013 Volkswagen Tiguan,white,DIESEL,VOLKSWAGEN,TIGUAN,AUTOMATIC,79000,12000,WA,2013
2011 Kia Carnival,silver,PETROL,KIA,CARNIVAL,AUTOMATIC,304200,6200,WA,2011
2011 Toyota Alphard V6 GGH20,white,PETROL,TOYOTA,ALPHARD,AUTOMATIC,77945,31990,WA,2011
2014 Subaru XV,blue,PETROL,SUBARU,XV,AUTOMATIC,172000,14000,WA,2014
2007 Toyota Corolla,blue,PETROL,TOYOTA,COROLLA,AUTOMATIC,132784,5700,QLD,2007
2009 Ford Fiesta,silver,PETROL,FORD,FIESTA,MANUAL,218142,3990,QLD,2009
2018 MINI Countryman S,gold,OTHER,MINI,COUNTRYMAN,AUTOMATIC,81700,26900,QLD,2018
2016 Ford Ranger,grey,DIESEL,FORD,RANGER,AUTOMATIC,182000,35000,QLD,2016
1999 Nissan Patrol,white,DIESEL,NISSAN,PATROL,MANUAL,513000,11500,QLD,1999
2020 Ford Ranger,white,DIESEL,FORD,RANGER,AUTOMATIC,71801,41450,WA,2020
2011 Volkswagen Golf,white,PETROL,VOLKSWAGEN,GOLF,AUTOMATIC,156000,7900,NSW,2011
2015 Honda Grace/City Hybrid Luxury Sedan,white,HYBRID,HONDA,CITY,AUTOMATIC,104471,15490,VIC,2015
2004 Honda CR-V,grey,PETROL,HONDA,CR-V,AUTOMATIC,314000,3000,WA,2004
2000 Mitsubishi Magna,white,PETROL,MITSUBISHI,MAGNA,AUTOMATIC,356366,3490,WA,2000
1998 Toyota Hilux,white,DIESEL,TOYOTA,HILUX,MANUAL,355000,12000,WA,1998
2010 Ford Fiesta,red,PETROL,FORD,FIESTA,AUTOMATIC,130000,6500,SA,2010
2021 Mercedes-Benz Sprinter,white,DIESEL,MERCEDES-BENZ,SPRINTER,AUTOMATIC,141500,39000,WA,2021
2011 Mazda bt-50 dual cab,white,DIESEL,MAZDA,BT-50,AUTOMATIC,230726,20000,NSW,2011
2006 Nissan Tiida,grey,PETROL,NISSAN,TIIDA,AUTOMATIC,219000,4200,VIC,2006
2016 Toyota Hilux ,white,DIESEL,TOYOTA,HILUX,AUTOMATIC,189000,36500,VIC,2016
2017 Mitsubishi Pajero Sport,brown,PETROL,MITSUBISHI,PAJERO SPORT,AUTOMATIC,165000,28990,VIC,2017
2011 HSV Club Sport,red,PETROL,HSV,CLUB SPORT,MANUAL,120961,49000,VIC,2011
2001 Toyota Hiace,white,PETROL,TOYOTA,HIACE,AUTOMATIC,327000,7500,VIC,2001
2007 Mercedes-Benz actros,blue,DIESEL,MERCEDES-BENZ,ACTROS,AUTOMATIC,1000000,45000,VIC,2007
2002 Subaru WRX,blue,OTHER,SUBARU,WRX,MANUAL,140000,20000,VIC,2002
2020 Toyota Corolla Hybrid G-X 4WD,white,HYBRID,TOYOTA,COROLLA,AUTOMATIC,102950,21500,VIC,2020
2011 Subaru WRX,silver,PETROL,SUBARU,WRX,MANUAL,195000,16700,WA,2011
2014 Honda HR-V/ VEZEL Hybrid ,black,HYBRID,HONDA,HR-V,AUTOMATIC,104111,15990,VIC,2014
2017 Land Rover Discovery Sport,white,DIESEL,LAND-ROVER,DISCOVERY SPORT,AUTOMATIC,149543,19000,VIC,2017
2017 Mazda CX-5,blue,PETROL,MAZDA,CX-5,AUTOMATIC,89000,23000,WA,2017
2007 Mitsubishi Pajero,silver,DIESEL,MITSUBISHI,PAJERO,AUTOMATIC,400000,8750,WA,2007
2007 Ford Mondeo,silver,OTHER,FORD,MONDEO,AUTOMATIC,164521,7999,VIC,2007
2006 Nissan Pathfinder,white,PETROL,NISSAN,PATHFINDER,AUTOMATIC,279000,11000,WA,2006
2013 Mercedes-Benz c200,red,PETROL,MERCEDES-BENZ,C-CLASS,AUTOMATIC,97000,13000,WA,2013
2010 Holden Commodore,blue,PETROL,HOLDEN,COMMODORE,AUTOMATIC,118000,22000,WA,2010
2008 Subaru WRX,red,PETROL,SUBARU,WRX,MANUAL,156000,17500,WA,2008
2006 Toyota Hilux,white,DIESEL,TOYOTA,HILUX,MANUAL,350000,12000,WA,2006
2011 Honda Accord,black,PETROL,HONDA,ACCORD,AUTOMATIC,190000,8000,WA,2011
2009 Audi A3,black,DIESEL,AUDI,A3,MANUAL,163000,5500,WA,2009
1994 Toyota Landcruiser,white,DIESEL,TOYOTA,LANDCRUISER,MANUAL,480000,18000,WA,1994
2017 Toyota Corolla,black,PETROL,TOYOTA,COROLLA,AUTOMATIC,152482,15700,WA,2017
2012 Renault Renault Megane Sport,white,PETROL,RENAULT,MEGANE,MANUAL,148000,14900,WA,2012
2007 Hyundai Santa Fe,grey,DIESEL,HYUNDAI,SANTA FE,AUTOMATIC,238000,6500,WA,2007
2013 BMW M5 f10,black,OTHER,BMW,M5,AUTOMATIC,135000,25000,NSW,2013
2005 Kia Kia Pregio,white,DIESEL,KIA,KIA PREGIO,MANUAL,138000,7950,NSW,2005
2022 Ford Ranger XLS Sport,grey,DIESEL,FORD,RANGER,AUTOMATIC,92453,45000,NSW,2022
2019 Audi f5 my19 sportsback 5dr tiptronic 8sp quattro 3.0t,grey,PETROL,AUDI,TT,AUTOMATIC,113000,48000,NSW,2019
2015 Audi Q3,blue,PETROL,AUDI,Q3,AUTOMATIC,115000,14500,NSW,2015
2013 Honda Civic VTi-S Auto,grey,PETROL,HONDA,CIVIC,AUTOMATIC,197462,9888,WA,2013
2017 Toyota Landcruiser,white,DIESEL,TOYOTA,LANDCRUISER,MANUAL,223000,50000,NSW,2017
2013 Ford Ranger,blue,DIESEL,FORD,RANGER,AUTOMATIC,176000,15500,NSW,2013
2008 Toyota tarago,blue,PETROL,TOYOTA,TARAGO,AUTOMATIC,279000,6999,NSW,2008
2021 Kia Cerato,silver,PETROL,KIA,CERATO,AUTOMATIC,56500,31500,NSW,2021
2015 Lexus Lexus IS 250,black,PETROL,LEXUS,IS,AUTOMATIC,150000,24500,NSW,2015
2017 Toyota Camry,white,PETROL,TOYOTA,CAMRY,AUTOMATIC,71800,19000,NSW,2017
2013 Ford Ranger XLS 3.2L 4x4,grey,DIESEL,FORD,RANGER,MANUAL,198000,18880,NSW,2013
2012 Renault Megane,grey,PETROL,RENAULT,MEGANE,AUTOMATIC,216103,6000,NSW,2012
2017 Land Rover Discovery Sport,black,DIESEL,LAND-ROVER,DISCOVERY SPORT,AUTOMATIC,106000,20000,NSW,2017
2003 Toyota Hilux,green,DIESEL,TOYOTA,HILUX,MANUAL,300000,16000,NSW,2003
2004 Ford F-250,white,DIESEL,FORD,F-250,AUTOMATIC,392000,59990,NSW,2004
2012 Jeep Grand Cherokee,black,OTHER,JEEP,GRAND CHEROKEE,AUTOMATIC,137000,10500,NSW,2012
1988 Honda Civic,gold,PETROL,HONDA,CIVIC,MANUAL,193000,5500,SA,1988
2013 Jeep Grand  Cherokee 🤘,white,DIESEL,JEEP,CHEROKEE,AUTOMATIC,137743,14990,SA,2013
2010 Nissan Patrol,white,DIESEL,NISSAN,PATROL,AUTOMATIC,257095,22990,SA,2010
2009 Hyundai Getz,grey,PETROL,HYUNDAI,GETZ,MANUAL,177000,4000,SA,2009
1990 Nissan Patrol,white,DIESEL,NISSAN,PATROL,MANUAL,400000,39999,SA,1990
2009 Suzuki Swift,red,PETROL,SUZUKI,SWIFT,MANUAL,256000,4000,SA,2009
2017 Toyota Hilux,white,PETROL,TOYOTA,HILUX,AUTOMATIC,100451,30000,SA,2017
2013 Toyota Landcruiser 200,gold,DIESEL,TOYOTA,LANDCRUISER,AUTOMATIC,187775,72990,SA,2013
2009 Toyota Yaris,grey,PETROL,TOYOTA,YARIS,MANUAL,268000,3990,SA,2009
2007 Nissan Pathfinder,black,PETROL,NISSAN,PATHFINDER,AUTOMATIC,400000,3500,SA,2007
2013 Jeep Grand Cherokee,grey,PETROL,JEEP,GRAND CHEROKEE,AUTOMATIC,175000,28000,SA,2013
1998 Toyota Starlet,white,PETROL,TOYOTA,STARLET,MANUAL,260000,3500,VIC,1998
1962 Toyota Landcruiser,green,PETROL,TOYOTA,LANDCRUISER,MANUAL,50000,4000,QLD,1962
2019 Holden Holden Colorado,black,DIESEL,HOLDEN,COLORADO,AUTOMATIC,127187,27999,QLD,2019
2008 Holden Rodeo,gold,DIESEL,HOLDEN,RODEO,MANUAL,234000,16250,QLD,2008
2016 Nissan Navara,grey,DIESEL,NISSAN,NAVARA,AUTOMATIC,203242,24000,QLD,2016
2012 Ford Focus,black,OTHER,FORD,FOCUS,AUTOMATIC,161579,4000,QLD,2012
2017 Hyundai i30,silver,PETROL,HYUNDAI,I30,AUTOMATIC,127000,18000,QLD,2017
2002 Holden Commodore,gold,PETROL,HOLDEN,COMMODORE,AUTOMATIC,200000,20000,QLD,2002
2017 Mitsubishi triton mq,white,DIESEL,MITSUBISHI,TRITON,MANUAL,307000,12400,QLD,2017
2011 Toyota Hilux,white,PETROL,TOYOTA,HILUX,MANUAL,295000,13405,QLD,2011
2015 Nissan Pathfinder,grey,PETROL,NISSAN,PATHFINDER,AUTOMATIC,99000,19000,QLD,2015
2012 Subaru Forester,blue,PETROL,SUBARU,FORESTER,MANUAL,260000,4500,QLD,2012
2015 Volkswagen Jetta,black,PETROL,VOLKSWAGEN,JETTA,AUTOMATIC,113000,6000,QLD,2015
2000 Mitsubishi Triton,white,PETROL,MITSUBISHI,TRITON,MANUAL,297880,5000,QLD,2000
1989 Mercedes-Benz 300 CE,silver,PETROL,MERCEDES-BENZ,300 CE,AUTOMATIC,211000,25000,SA,1989
2003 Ford FALCON XT BA AUTO,white,OTHER,FORD,FALCON,AUTOMATIC,251000,6900,QLD,2003
2019 Holden colorado ls 4x4 5yr rg my19,white,DIESEL,HOLDEN,COLORADO,AUTOMATIC,153362,29999,QLD,2019
2016 Toyota Hilux SR5,black,DIESEL,TOYOTA,SR5,AUTOMATIC,149700,46000,VIC,2016
2007 Honda civic ,blue,PETROL,HONDA,CIVIC,AUTOMATIC,299835,26250,VIC,2007
2023 Subaru WRX,charcoal,PETROL,SUBARU,WRX,AUTOMATIC,45000,52999,VIC,2023
2019 Nissan NAVARA RX (4x2) D23 SERIES 4 MY19 ,white,DIESEL,NISSAN,NAVARA,AUTOMATIC,212612,15990,WA,2019
1994 Toyota Landcruiser,white,DIESEL,TOYOTA,LANDCRUISER,MANUAL,528000,17500,NSW,1994
2017 Mercedes-Benz Sprinter,white,DIESEL,MERCEDES-BENZ,SPRINTER,AUTOMATIC,191000,42500,QLD,2017
2010 Holden Captiva 7 lx awd,black,PETROL,HOLDEN,CAPTIVA,AUTOMATIC,286000,4000,VIC,2010
2017 Volkswagen golf gti mk7,black,PETROL,VOLKSWAGEN,GOLF,AUTOMATIC,104500,23000,WA,2017
2013 Toyota Hilux,white,DIESEL,TOYOTA,HILUX,MANUAL,185500,22500,WA,2013
2006 Ford Falcon XR8,yellow,OTHER,FORD,FALCON,MANUAL,89925,29981,WA,2006
2019 Mitsubishi Triton 4x4 184000,white,DIESEL,MITSUBISHI,TRITON,AUTOMATIC,184000,23990,WA,2019
1973 Chrysler Chrysler Valiant Charger,silver,PETROL,CHRYSLER,CHRYSLER VALIANT CHARGER,MANUAL,1234,9500,WA,1973
2005 Honda Accord,silver,PETROL,HONDA,ACCORD,AUTOMATIC,262000,3500,WA,2005
2023 Hyundai i30,white,PETROL,HYUNDAI,I30,AUTOMATIC,1277,21999,WA,2023
2017 Volkswagen Touareg,white,DIESEL,VOLKSWAGEN,TOUAREG,AUTOMATIC,199000,20000,WA,2017
2013 BMW X5,silver,DIESEL,BMW,X5,AUTOMATIC,141085,20000,WA,2013
1997 Toyota Landcruiser,white,OTHER,TOYOTA,LANDCRUISER,MANUAL,450000,11111,WA,1997
2012 Jeep Wrangler Unlimited,black,PETROL,JEEP,WRANGLER,MANUAL,250000,16500,WA,2012
2013 Honda CR-V,burgundy,PETROL,HONDA,CR-V,AUTOMATIC,257000,9500,NSW,2013
2015 BMW series 2,grey,PETROL,BMW,SERIES 2,AUTOMATIC,52723,25000,NSW,2015
2010 Mitsubishi Outlander,red,PETROL,MITSUBISHI,OUTLANDER,AUTOMATIC,247886,7500,VIC,2010
2014 Holden CAPTIVA 7 LTZ MY15 TURBO DIESEL SN2420E,white,DIESEL,HOLDEN,CAPTIVA,AUTOMATIC,100283,8995,NSW,2014
2020 Volkswagen Golf,white,OTHER,VOLKSWAGEN,GOLF,AUTOMATIC,75025,39000,NSW,2020
2015 Mitsubishi Outlander,grey,PETROL,MITSUBISHI,OUTLANDER,MANUAL,112000,13000,NSW,2015
2020 Land Rover Range Rover Velar,black,PETROL,LAND-ROVER,RANGE ROVER VELAR,AUTOMATIC,37000,73000,NSW,2020
2016 Nissan Navara,white,DIESEL,NISSAN,NAVARA,MANUAL,211000,18000,WA,2016
2015 Holden Commodore,grey,PETROL,HOLDEN,COMMODORE,AUTOMATIC,171000,10000,NSW,2015
2007 Honda Civic,silver,OTHER,HONDA,CIVIC,MANUAL,350000,12500,NSW,2007
2014 Ford Ranger,white,DIESEL,FORD,RANGER,MANUAL,106000,24000,WA,2014
2011 Mitsubishi triton,white,DIESEL,MITSUBISHI,TRITON,MANUAL,322500,13000,NSW,2011
2013 Holden Holden Colorado,white,DIESEL,HOLDEN,COLORADO,AUTOMATIC,172000,19999,NSW,2013
2006 Volkswagen Golf,silver,PETROL,VOLKSWAGEN,GOLF,AUTOMATIC,149220,5250,NSW,2006
2015 Audi q5 8r tfsi wagon 5dr tiptronic 8sp quattro 2.0t [my15],silver,PETROL,AUDI,Q5,AUTOMATIC,130397,14999,NSW,2015
2013 Jeep Patriot,black,PETROL,JEEP,PATRIOT,MANUAL,231326,7500,NSW,2013
2009 Toyota Camry,silver,PETROL,TOYOTA,CAMRY,AUTOMATIC,285000,4500,NSW,2009
2002 Mazda Bravo,white,PETROL,MAZDA,BRAVO,MANUAL,240000,5000,NSW,2002
2006 Toyota Camry,gold,PETROL,TOYOTA,CAMRY,AUTOMATIC,28800,4500,WA,2006
2005 Mercedes-Benz Mercedes-Benz C230,grey,PETROL,MERCEDES-BENZ,MERCEDES-BENZ C230,AUTOMATIC,167000,7500,NSW,2005
2003 Holden Calais,red,OTHER,HOLDEN,CALAIS,AUTOMATIC,350000,123456,VIC,2003
2007 Honda Odyssey,grey,PETROL,HONDA,ODYSSEY,AUTOMATIC,302994,3200,VIC,2007
2025 Volkswagen Golf,grey,PETROL,VOLKSWAGEN,GOLF,MANUAL,21000,15999,NSW,2025
2009 Volkswagen Golf,silver,PETROL,VOLKSWAGEN,GOLF,MANUAL,135000,8999,VIC,2009
2017 Honda CR-V,white,PETROL,HONDA,CR-V,AUTOMATIC,122000,21000,VIC,2017
2012 Holden Cruze,blue,PETROL,HOLDEN,CRUZE,AUTOMATIC,187000,4500,VIC,2012
2011 Nissan Skyline 370GT,black,PETROL,NISSAN,SKYLINE 370GT,AUTOMATIC,40284,18000,VIC,2011
2006 Land Rover Range Rover Sport,blue,DIESEL,LAND-ROVER,RANGE ROVER SPORT,AUTOMATIC,149000,8000,VIC,2006
2015 Mercedes-Benz cla200 amg package,white,PETROL,MERCEDES-BENZ,CLA,AUTOMATIC,130000,16000,VIC,2015
2013 Nissan dualis ti-l,black,PETROL,NISSAN,DUALIS,AUTOMATIC,150000,13000,VIC,2013
1995 Honda Accord,blue,PETROL,HONDA,ACCORD,AUTOMATIC,250000,6000,VIC,1995
2016 Volkswagen Golf,white,PETROL,VOLKSWAGEN,GOLF,AUTOMATIC,132000,14500,SA,2016
2010 Nissan Elgrand,purple,PETROL,NISSAN,ELGRAND,AUTOMATIC,151342,18000,VIC,2010
2011 Nissan Navara,black,DIESEL,NISSAN,NAVARA,AUTOMATIC,230000,13000,VIC,2011
2014 Jeep Compass,black,PETROL,JEEP,COMPASS,AUTOMATIC,108500,8999,SA,2014
2024 Toyota ZR corolla,black,PETROL,TOYOTA,COROLLA,AUTOMATIC,2500,38000,VIC,2024
1997 Honda Prelude VTi-R coupe automatic (5th gen H22A VTEC),burgundy,PETROL,HONDA,PRELUDE,AUTOMATIC,261000,11000,SA,1997
2002 Nissan Elgrand,gold,OTHER,NISSAN,ELGRAND,AUTOMATIC,180000,5000,SA,2002
1998 Subaru WRX,orange,PETROL,SUBARU,WRX,MANUAL,77000,10000,SA,1998
2010 Holden Commodore,yellow,PETROL,HOLDEN,COMMODORE,MANUAL,188000,14000,SA,2010
2001 Toyota Landcruiser 100,silver,DIESEL,TOYOTA,LANDCRUISER,AUTOMATIC,400000,17500,SA,2001
2014 Kia Rio,silver,PETROL,KIA,RIO,MANUAL,129000,9500,SA,2014
2019 Toyota hilux workmate,white,PETROL,TOYOTA,HILUX,MANUAL,106900,20990,SA,2019
2015 Nissan Qashqai,white,DIESEL,NISSAN,QASHQAI,AUTOMATIC,160000,12450,SA,2015
2012 Mitsubishi Outlander,white,DIESEL,MITSUBISHI,OUTLANDER,AUTOMATIC,258000,6500,SA,2012
2007 Mitsubishi Mitsubishi Express,white,PETROL,MITSUBISHI,EXPRESS,MANUAL,275123,4500,SA,2007
2017 Mazda CX-5,silver,DIESEL,MAZDA,CX-5,AUTOMATIC,151000,18600,SA,2017
2010 Holden Commodore,blue,PETROL,HOLDEN,COMMODORE,AUTOMATIC,25000,111111,QLD,2010
2013 Volkswagen Tiguan,white,PETROL,VOLKSWAGEN,TIGUAN,MANUAL,174000,8499,QLD,2013
2017 Subaru Impreza,silver,PETROL,SUBARU,IMPREZA,AUTOMATIC,150000,13000,QLD,2017
2016 Kia Sportage,grey,PETROL,KIA,SPORTAGE,AUTOMATIC,151000,23000,SA,2016
2021 Mazda CX-30 Touring + 360o vision pack,white,PETROL,MAZDA,CX-30,AUTOMATIC,63000,27900,QLD,2021
2016 Kia Cerato,blue,PETROL,KIA,CERATO,AUTOMATIC,98000,16000,SA,2016
2018 Honda CR-V,white,PETROL,HONDA,CR-V,AUTOMATIC,150000,20000,QLD,2018
2012 Holden Commodore,white,OTHER,HOLDEN,COMMODORE,AUTOMATIC,260000,8000,SA,2012
2008 Nissan Navara,silver,PETROL,NISSAN,NAVARA,MANUAL,123456,6000,QLD,2008
1992 Toyota 4Runner,blue,OTHER,TOYOTA,4RUNNER,AUTOMATIC,292000,17000,QLD,1992
2009 Hyundai Elantra,white,PETROL,HYUNDAI,ELANTRA,AUTOMATIC,220158,4500,QLD,2009
2010 Ford Escape,silver,PETROL,FORD,ESCAPE,AUTOMATIC,85000,5000,QLD,2010
2012 Volkswagen touareg 180 tdi,white,DIESEL,VOLKSWAGEN,TOUAREG,AUTOMATIC,265000,9500,QLD,2012
2005 Toyota Landcruiser Prado,silver,PETROL,TOYOTA,LANDCRUISER,AUTOMATIC,314000,16000,NSW,2005
1996 Mitsubishi Triton,white,PETROL,MITSUBISHI,TRITON,MANUAL,294000,5500,QLD,1996
2010 Ford Falcon,gold,OTHER,FORD,FALCON,AUTOMATIC,213000,12345,QLD,2010
2008 Holden Commodore,silver,PETROL,HOLDEN,COMMODORE,AUTOMATIC,182000,4500,QLD,2008
2013 Jeep Wrangler,silver,PETROL,JEEP,WRANGLER,AUTOMATIC,130000,36000,QLD,2013
2021 Toyota Camry,black,HYBRID,TOYOTA,CAMRY,AUTOMATIC,121000,27900,QLD,2021
2016 MINI Clubman,green,OTHER,MINI,CLUBMAN,AUTOMATIC,48700,25499,VIC,2016
2007 Subaru Forester,black,PETROL,SUBARU,FORESTER,MANUAL,204000,14000,VIC,2007
2012 Audi A1,silver,PETROL,AUDI,A1,AUTOMATIC,167160,14500,NSW,2012
2016 Nissan X-Trail,red,PETROL,NISSAN,X-TRAIL,AUTOMATIC,160000,12500,NSW,2016
2008 Nissan Tiida,silver,PETROL,NISSAN,TIIDA,AUTOMATIC,166800,5800,SA,2008
2013 Nissan Dualis - cheap! with rwc and rego!,white,PETROL,NISSAN,DUALIS,MANUAL,199000,7888,VIC,2013
2012 Toyota Camry,black,PETROL,TOYOTA,CAMRY,AUTOMATIC,129000,12000,NSW,2012
2010 Ford Transit ,white,DIESEL,FORD,TRANSIT,MANUAL,400000,8800,QLD,2010
2019 Toyota LANDCRUISER LC200 GX (4x4),white,DIESEL,TOYOTA,LANDCRUISER,AUTOMATIC,270100,49999,WA,2019
2012 Mercedes-Benz Mercedes-Benz 250SE,black,PETROL,MERCEDES-BENZ,MERCEDES-BENZ 250SE,AUTOMATIC,119000,14500,VIC,2012
2013 Toyota Prius c,blue,HYBRID,TOYOTA,PRIUS C,AUTOMATIC,220000,13500,NSW,2013
2012 Subaru Forester,grey,OTHER,SUBARU,FORESTER,AUTOMATIC,109862,6500,VIC,2012
2016 Honda HR-V,white,PETROL,HONDA,HR-V,AUTOMATIC,145000,18000,VIC,2016
2005 Mitsubishi Pajero,silver,DIESEL,MITSUBISHI,PAJERO,AUTOMATIC,420000,7500,VIC,2005
2017 Land Rover Range Rover Evoque,white,DIESEL,LAND-ROVER,RANGE ROVER EVOQUE,AUTOMATIC,190000,20000,VIC,2017
2009 Nissan Navara,grey,DIESEL,NISSAN,NAVARA,MANUAL,265266,8000,QLD,2009
2015 Nissan Navara,red,DIESEL,NISSAN,NAVARA,MANUAL,155111,24000,VIC,2015
1965 MG MG MGB,green,PETROL,MG,MG MGB,MANUAL,300,15000,VIC,1965
2004 Lexus RX330,blue,PETROL,LEXUS,RX,AUTOMATIC,129700,4000,VIC,2004
2014 Mitsubishi outlander 4wd,black,PETROL,MITSUBISHI,OUTLANDER,AUTOMATIC,123940,11500,QLD,2014
2017 Audi A1,silver,PETROL,AUDI,A1,AUTOMATIC,74000,12500,QLD,2017
2021 Volkswagen Amarok,grey,DIESEL,VOLKSWAGEN,AMAROK,AUTOMATIC,169838,29990,QLD,2021
2015 Kia Carnival S,grey,PETROL,KIA,CARNIVAL,AUTOMATIC,257850,12990,QLD,2015
2012 Subaru Impreza,burgundy,PETROL,SUBARU,IMPREZA,AUTOMATIC,167000,6500,QLD,2012
2014 Audi Q3,blue,PETROL,AUDI,Q3,AUTOMATIC,150000,12000,QLD,2014
2005 Volkswagen Caddy,white,PETROL,VOLKSWAGEN,CADDY,MANUAL,293887,18995,QLD,2005
2021 Mazda CX-30,white,PETROL,MAZDA,CX-30,AUTOMATIC,18626,21400,QLD,2021
2023 MG ZS,white,PETROL,MG,ZS,AUTOMATIC,29500,12400,QLD,2023
2010 Audi Q5,white,DIESEL,AUDI,Q5,AUTOMATIC,225000,8850,QLD,2010
2008 Toyota Camry Altise,silver,PETROL,TOYOTA,CAMRY,AUTOMATIC,202150,7550,QLD,2008
2014 Holden Commodore,red,PETROL,HOLDEN,COMMODORE,AUTOMATIC,168397,38000,QLD,2014
2015 Hyundai i20,white,PETROL,HYUNDAI,I20,AUTOMATIC,33000,8990,QLD,2015
2021 Mazda CX-5,white,PETROL,MAZDA,CX-5,AUTOMATIC,51000,34000,QLD,2021
1998 Chevrolet Corvette,silver,PETROL,CHEVROLET,CORVETTE,AUTOMATIC,81000,42950,VIC,1998
2017 Hyundai Accent,white,PETROL,HYUNDAI,ACCENT,AUTOMATIC,172000,11800,VIC,2017
2018 Kia Cerato ,red,PETROL,KIA,CERATO,AUTOMATIC,145400,14700,VIC,2018
2013 Toyota Prius,black,HYBRID,TOYOTA,PRIUS,AUTOMATIC,171200,11800,VIC,2013
1984 Mercedes-Benz 280ce,blue,PETROL,MERCEDES-BENZ,280CE,AUTOMATIC,257000,26000,VIC,1984
2020 Volkswagen t-roc,blue,PETROL,VOLKSWAGEN,T-ROC,AUTOMATIC,36500,30000,VIC,2020
2010 Toyota Crown Majesta URS206 V8,black,PETROL,TOYOTA,CROWN,AUTOMATIC,101000,19995,VIC,2010
1998 Toyota Landcruiser,black,PETROL,TOYOTA,LANDCRUISER,AUTOMATIC,276000,16000,VIC,1998
2006 Ford Falcon SR,orange,PETROL,FORD,FALCON,AUTOMATIC,238000,3400,VIC,2006
2006 Toyota Corolla,blue,PETROL,TOYOTA,COROLLA,AUTOMATIC,203000,6000,VIC,2006
2022 Hyundai Tucson,white,DIESEL,HYUNDAI,TUCSON,AUTOMATIC,102000,35500,VIC,2022
2024 MG ZS4 Exite,black,PETROL,MG,ZS,AUTOMATIC,13500,21500,VIC,2024
2010 Mitsubishi Challenger PB,white,DIESEL,MITSUBISHI,CHALLENGER,AUTOMATIC,198000,8599,VIC,2010
1971 Holden ls monaro,gold,PETROL,HOLDEN,MONARO,AUTOMATIC,35581,85000,VIC,1971
2019 Volkswagen golf r 7.5 my20 (with sunroof and dynaudio),grey,PETROL,VOLKSWAGEN,GOLF,AUTOMATIC,69900,36850,VIC,2019
1942 Ford F-350,yellow,DIESEL,FORD,F-350,AUTOMATIC,7000,70000,VIC,1942
2021 Mercedes-Benz Vito,white,DIESEL,MERCEDES-BENZ,VITO,AUTOMATIC,83000,38900,VIC,2021
2010 Toyota Crown,white,OTHER,TOYOTA,CROWN,AUTOMATIC,156600,13000,VIC,2010
2015 Ssangyong actyon sports q150 sx dual cab ute,white,DIESEL,SSANGYONG,ACTYON,AUTOMATIC,69255,9990,SA,2015
2012 Kia Sportage,white,DIESEL,KIA,SPORTAGE,AUTOMATIC,276328,8800,SA,2012
2016 Holden Commodore,white,PETROL,HOLDEN,COMMODORE,AUTOMATIC,74000,70000,SA,2016
2014 Kia Optima,black,PETROL,KIA,OPTIMA,AUTOMATIC,160000,12000,SA,2014
2011 Hyundai Getz,blue,PETROL,HYUNDAI,GETZ,AUTOMATIC,106200,7500,SA,2011
2016 Volvo XC90,silver,DIESEL,VOLVO,XC90,AUTOMATIC,96500,29950,SA,2016
2000 Nissan Pulsar,silver,PETROL,NISSAN,PULSAR,MANUAL,196435,2700,SA,2000
2011 Kia Cerato,silver,PETROL,KIA,CERATO,AUTOMATIC,241000,4000,SA,2011
2015 Nissan Pathfinder,silver,PETROL,NISSAN,PATHFINDER,AUTOMATIC,119800,15500,SA,2015
2011 Toyota Yaris,pink,OTHER,TOYOTA,YARIS,AUTOMATIC,187496,8000,SA,2011
2011 Toyota Camry,white,HYBRID,TOYOTA,CAMRY,AUTOMATIC,283000,6800,SA,2011
2011 Audi Q7,silver,PETROL,AUDI,Q7,AUTOMATIC,150000,16500,NSW,2011
2006 Mazda MX-5,black,OTHER,MAZDA,MX-5,MANUAL,178254,15500,NSW,2006
1997 Toyota Landcruiser,white,PETROL,TOYOTA,LANDCRUISER,AUTOMATIC,500000,12000,SA,1997
2018 Mazda BT-50,white,OTHER,MAZDA,BT-50,MANUAL,165994,18000,NSW,2018
2016 Kia Sportage,white,DIESEL,KIA,SPORTAGE,AUTOMATIC,132000,16500,SA,2016
2010 Nissan 370Z,burgundy,PETROL,NISSAN,370Z,AUTOMATIC,30921,38000,NSW,2010
2003 Mitsubishi Pajero,white,PETROL,MITSUBISHI,PAJERO,AUTOMATIC,275423,9400,NSW,2003
2014 Toyota Corolla,black,PETROL,TOYOTA,COROLLA,AUTOMATIC,173000,13500,NSW,2014
2005 Lexus ES300,silver,OTHER,LEXUS,ES,AUTOMATIC,168000,6000,NSW,2005
2010 Toyota Aurion,blue,PETROL,TOYOTA,AURION,AUTOMATIC,197000,5999,NSW,2010
2006 Toyota Corolla,red,OTHER,TOYOTA,COROLLA,AUTOMATIC,180000,5999,NSW,2006
2009 Mitsubishi lancer evolution 10,black,PETROL,MITSUBISHI,LANCER,AUTOMATIC,197580,22750,NSW,2009
2020 BMW X1,grey,PETROL,BMW,X1,AUTOMATIC,56000,29999,NSW,2020
2016 Hyundai Accent,silver,OTHER,HYUNDAI,ACCENT,AUTOMATIC,120000,10790,NSW,2016
2025 Hyundai i30,grey,PETROL,HYUNDAI,I30,AUTOMATIC,5500,42000,NSW,2025
2014 Audi Q7,brown,DIESEL,AUDI,Q7,AUTOMATIC,126000,18500,NSW,2014
2004 Toyota Crown,silver,PETROL,TOYOTA,CROWN,AUTOMATIC,64826,18950,WA,2004
2007 Holden Rodeo,white,PETROL,HOLDEN,RODEO,AUTOMATIC,275413,8000,WA,2007
1994 Toyota Supra,black,PETROL,TOYOTA,SUPRA,MANUAL,133600,68000,WA,1994
2023 Audi A3,white,PETROL,AUDI,A3,AUTOMATIC,38636,37998,WA,2023
2006 Lexus Gs 300,gold,PETROL,LEXUS,GS,AUTOMATIC,230000,8750,WA,2006
2021 Toyota Corolla,red,HYBRID,TOYOTA,COROLLA,AUTOMATIC,64000,23800,WA,2021
2022 Isuzu D-Max,orange,DIESEL,ISUZU,D-MAX,AUTOMATIC,42000,58500,WA,2022
2014 Mercedes-Benz A180,white,PETROL,MERCEDES-BENZ,A-CLASS,AUTOMATIC,213000,9500,WA,2014
2022 MG ZS,black,PETROL,MG,ZS,AUTOMATIC,63000,14500,WA,2022
2009 Isuzu D-Max,silver,DIESEL,ISUZU,D-MAX,MANUAL,258379,19000,WA,2009
1990 Toyota Landcruiser,white,DIESEL,TOYOTA,LANDCRUISER,MANUAL,547000,18500,WA,1990
2015 Mercedes-Benz A45 AMG,black,PETROL,MERCEDES-BENZ,A-CLASS,AUTOMATIC,49000,32500,WA,2015
2024 Kia seltos,green,PETROL,KIA,SELTOS,AUTOMATIC,48000,34000,WA,2024
1965 Ford Falcon,blue,PETROL,FORD,FALCON,MANUAL,200000,22000,WA,1965
2014 Holden CAPRICE,silver,PETROL,HOLDEN,CAPRICE,AUTOMATIC,263600,14990,WA,2014
2014 Kia Cerato,blue,PETROL,KIA,CERATO,AUTOMATIC,217000,6000,WA,2014
1997 Jeep Wrangler,green,PETROL,JEEP,WRANGLER,AUTOMATIC,273000,7900,WA,1997
2018 Honda FIT HYBRID,white,HYBRID,HONDA,FIT HYBRID,AUTOMATIC,79364,15900,NSW,2018
2012 Nissan Navara,silver,DIESEL,NISSAN,NAVARA,MANUAL,237145,9999,NSW,2012
2014 Toyota Hiace,white,DIESEL,TOYOTA,HIACE,AUTOMATIC,830943,19499,QLD,2014
2020 Mazda CX-5,white,DIESEL,MAZDA,CX-5,AUTOMATIC,203000,19850,QLD,2020
2009 Subaru Forester,silver,PETROL,SUBARU,FORESTER,MANUAL,227166,3000,VIC,2009
2007 Honda Civic,black,PETROL,HONDA,CIVIC,MANUAL,220000,4200,VIC,2007
2020 Honda fit,silver,HYBRID,HONDA,FIT,AUTOMATIC,42616,18999,VIC,2020
2013 Toyota Camry,white,PETROL,TOYOTA,CAMRY,AUTOMATIC,263000,13000,VIC,2013
2009 Ford Ranger,grey,DIESEL,FORD,RANGER,AUTOMATIC,300000,5000,VIC,2009
2010 Toyota Hilux 4x4,gold,DIESEL,TOYOTA,HILUX,AUTOMATIC,175000,24500,VIC,2010
2003 Honda ep3r,white,OTHER,HONDA,E,MANUAL,184000,24000,VIC,2003
1997 Holden Commodore,green,PETROL,HOLDEN,COMMODORE,AUTOMATIC,317000,4000,VIC,1997
2017 Toyota Hiace,white,OTHER,TOYOTA,HIACE,AUTOMATIC,190000,23900,VIC,2017
1971 Ford Mustang,red,PETROL,FORD,MUSTANG,AUTOMATIC,90000,69800,VIC,1971
2008 Ford Falcon,red,OTHER,FORD,FALCON,MANUAL,267000,10000,VIC,2008
1965 Chevrolet C10,red,PETROL,CHEVROLET,C10,MANUAL,43000,35000,VIC,1965
2016 Nissan Navara,black,DIESEL,NISSAN,NAVARA,AUTOMATIC,211898,18000,VIC,2016
2013 Ford Focus,blue,PETROL,FORD,FOCUS,MANUAL,264000,10000,QLD,2013
2007 Mitsubishi Mitsubishi Express,white,PETROL,MITSUBISHI,EXPRESS,MANUAL,322000,9800,VIC,2007
2004 Toyota Landcruiser Prado,silver,PETROL,TOYOTA,LANDCRUISER,MANUAL,295000,17500,QLD,2004
2009 Holden Caprice,charcoal,PETROL,HOLDEN,CAPRICE,AUTOMATIC,162000,25000,QLD,2009
2011 Honda Jazz,black,PETROL,HONDA,JAZZ,AUTOMATIC,203321,6000,QLD,2011
2010 Volkswagen Golf,blue,PETROL,VOLKSWAGEN,GOLF,AUTOMATIC,116000,2800,QLD,2010
2019 Volkswagen Polo,white,PETROL,VOLKSWAGEN,POLO,AUTOMATIC,95000,22000,VIC,2019
2016 Holden Commodore,white,PETROL,HOLDEN,COMMODORE,AUTOMATIC,280000,14500,QLD,2016
2014 Ford Ranger,white,DIESEL,FORD,RANGER,AUTOMATIC,188000,27999,QLD,2014
2019 Mazda CX-5,grey,DIESEL,MAZDA,CX-5,AUTOMATIC,82000,27000,QLD,2019
2008 Toyota Hilux,grey,OTHER,TOYOTA,HILUX,MANUAL,174000,21990,QLD,2008
2023 Mercedes-Benz GLE450 Near New - LOW KMs,grey,PETROL,MERCEDES-BENZ,GLE,AUTOMATIC,18044,129990,QLD,2023
2022 Lexus ux300e sports luxury,grey,ELECTRIC,LEXUS,UX,AUTOMATIC,36400,49990,QLD,2022
2005 Toyota Camry,blue,PETROL,TOYOTA,CAMRY,AUTOMATIC,395867,2500,QLD,2005
2023 Tesla Model Y,white,OTHER,TESLA,MODEL Y,AUTOMATIC,26000,53000,QLD,2023
2016 Mercedes-Benz Gla45 AMG,purple,PETROL,MERCEDES-BENZ,GLA,AUTOMATIC,71000,35000,QLD,2016
2010 Jeep Wrangler,red,PETROL,JEEP,WRANGLER,MANUAL,124000,13900,NSW,2010
2004 Toyota estima,white,PETROL,TOYOTA,ESTIMA,AUTOMATIC,150000,7500,QLD,2004
2015 Mazda BT-50,white,DIESEL,MAZDA,BT-50,MANUAL,190000,10500,NSW,2015
2007 Suzuki Swift,yellow,PETROL,SUZUKI,SWIFT,MANUAL,296000,6000,NSW,2007
2008 Mazda BT-50,silver,DIESEL,MAZDA,BT-50,MANUAL,123456,2500,NSW,2008
2006 Honda Civic,black,PETROL,HONDA,CIVIC,AUTOMATIC,240000,5000,NSW,2006
2014 Ford transit 470 vo jumbo,white,DIESEL,FORD,TRANSIT,MANUAL,1000,29000,NSW,2014
2010 Ford Falcon,grey,OTHER,FORD,FALCON,AUTOMATIC,230000,8000,NSW,2010
2016 Mercedes-Benz C200,grey,PETROL,MERCEDES-BENZ,C-CLASS,AUTOMATIC,94000,27800,NSW,2016
2015 Toyota Corolla,white,PETROL,TOYOTA,COROLLA,AUTOMATIC,254000,13000,NSW,2015
2010 Subaru Liberty 2.5 Premium ,grey,PETROL,SUBARU,LIBERTY,MANUAL,203300,9000,NSW,2010
2009 Ford Fiesta,green,PETROL,FORD,FIESTA,MANUAL,275236,3500,NSW,2009
2018 Toyota Camry,white,PETROL,TOYOTA,CAMRY,AUTOMATIC,74000,24700,NSW,2018
2012 Mitsubishi Triton,grey,DIESEL,MITSUBISHI,TRITON,AUTOMATIC,253000,16500,SA,2012
2021 Ford Ranger,silver,DIESEL,FORD,RANGER,AUTOMATIC,102000,39000,NSW,2021
2011 Suzuki Kizashi Sport ,silver,PETROL,SUZUKI,KIZASHI,AUTOMATIC,82493,9990,SA,2011
2017 Toyota Hiace,white,DIESEL,TOYOTA,HIACE,AUTOMATIC,152000,28500,SA,2017
1996 Toyota Landcruiser,blue,PETROL,TOYOTA,LANDCRUISER,AUTOMATIC,355000,12500,SA,1996
2010 Ford Focus,black,PETROL,FORD,FOCUS,MANUAL,117000,14750,SA,2010
1998 Subaru WRX,silver,OTHER,SUBARU,WRX,MANUAL,380000,17200,SA,1998
2004 Toyota Camry,blue,PETROL,TOYOTA,CAMRY,AUTOMATIC,198600,4500,SA,2004
2018 Isuzu MU-X,white,DIESEL,ISUZU,MU-X,AUTOMATIC,150000,27000,NSW,2018
2002 Mitsubishi Magna,white,PETROL,MITSUBISHI,MAGNA,AUTOMATIC,220000,121212,SA,2002
2010 Ford Ranger,grey,DIESEL,FORD,RANGER,AUTOMATIC,304000,15000,SA,2010
2013 Audi q7,silver,DIESEL,AUDI,Q7,AUTOMATIC,170000,12000,SA,2013
2020 Holden Commodore,white,PETROL,HOLDEN,COMMODORE,AUTOMATIC,137612,16990,SA,2020
2005 Toyota Hiace,yellow,DIESEL,TOYOTA,HIACE,MANUAL,358000,8300,SA,2005
2019 Toyota Corolla,silver,OTHER,TOYOTA,COROLLA,AUTOMATIC,145000,17500,SA,2019
2000 Nissan Patrol,white,DIESEL,NISSAN,PATROL,MANUAL,413390,10999,WA,2000
2019 Nissan X-Trail,white,PETROL,NISSAN,X-TRAIL,AUTOMATIC,119000,19000,SA,2019
2013 Holden Captiva,grey,DIESEL,HOLDEN,CAPTIVA,AUTOMATIC,263000,6000,WA,2013
2013 Jeep Wrangler,red,PETROL,JEEP,WRANGLER,AUTOMATIC,155000,19000,WA,2013
2012 Volkswagen Tiguan,white,PETROL,VOLKSWAGEN,TIGUAN,AUTOMATIC,160000,9500,WA,2012
2004 MINI Cooper,silver,PETROL,MINI,COOPER,MANUAL,88682,5000,WA,2004
2022 Audi Q5,grey,PETROL,AUDI,Q5,AUTOMATIC,47777,59888,WA,2022
2016 Renault Clio,white,PETROL,RENAULT,CLIO,AUTOMATIC,71000,11500,WA,2016
2015 Renault Kangoo,white,PETROL,RENAULT,KANGOO,AUTOMATIC,204013,7000,WA,2015
2009 Mitsubishi Lancer,black,OTHER,MITSUBISHI,LANCER,AUTOMATIC,149867,22000,VIC,2009
2012 Renault Clio,black,PETROL,RENAULT,CLIO,MANUAL,155000,9500,WA,2012
2017 Toyota Camry,black,HYBRID,TOYOTA,CAMRY,AUTOMATIC,151000,21000,QLD,2017
1980 Toyota Landcruiser,black,PETROL,TOYOTA,LANDCRUISER,AUTOMATIC,44000,25000,NSW,1980
2016 Mercedes-Benz GLE350d Amg-Package 3.0T Auto 4Matic,grey,DIESEL,MERCEDES-BENZ,GLE,AUTOMATIC,117144,31990,NSW,2016
2003 Subaru Impreza,blue,OTHER,SUBARU,IMPREZA,MANUAL,98000,62000,NSW,2003
2016 Ford Mustang,silver,PETROL,FORD,MUSTANG,AUTOMATIC,68600,44500,SA,2016
2021 Toyota Hilux,white,DIESEL,TOYOTA,HILUX,AUTOMATIC,120375,54900,VIC,2021
2010 Ford Territory,white,PETROL,FORD,TERRITORY,AUTOMATIC,230865,5500,WA,2010
2014 Ford Mondeo,white,PETROL,FORD,MONDEO,AUTOMATIC,151000,9500,WA,2014
2003 Honda Jazz,blue,PETROL,HONDA,JAZZ,AUTOMATIC,246000,3750,VIC,2003
2008 Subaru Impreza,blue,PETROL,SUBARU,IMPREZA,MANUAL,342000,3000,VIC,2008
2004 Hyundai Elantra,red,PETROL,HYUNDAI,ELANTRA,AUTOMATIC,130000,5000,VIC,2004
2023 Nissan X-Trail,burgundy,HYBRID,NISSAN,X-TRAIL,AUTOMATIC,26645,46500,VIC,2023
2015 Toyota kluger gxl awd,black,PETROL,TOYOTA,KLUGER,AUTOMATIC,102111,28500,VIC,2015
2022 Toyota Hilux,white,OTHER,TOYOTA,HILUX,AUTOMATIC,50000,20000,VIC,2022
2004 Honda Jazz,black,OTHER,HONDA,JAZZ,MANUAL,201000,5000,VIC,2004
2014 Nissan Qashqai,white,DIESEL,NISSAN,QASHQAI,AUTOMATIC,174673,13000,VIC,2014
2017 Volkswagen Golf,blue,OTHER,VOLKSWAGEN,GOLF,AUTOMATIC,136000,41000,VIC,2017
2009 Jeep Wrangler,green,DIESEL,JEEP,WRANGLER,MANUAL,260000,16500,VIC,2009
2007 Toyota Yaris,silver,PETROL,TOYOTA,YARIS,MANUAL,176000,5500,VIC,2007
1999 Nissan Patrol,grey,OTHER,NISSAN,PATROL,AUTOMATIC,521000,4700,VIC,1999
1986 Holden Calais,white,PETROL,HOLDEN,CALAIS,MANUAL,15000,85000,VIC,1986
2009 Toyota Corolla,silver,PETROL,TOYOTA,COROLLA,MANUAL,160000,7500,NSW,2009
2006 Toyota Camry,blue,PETROL,TOYOTA,CAMRY,AUTOMATIC,225500,6750,VIC,2006
2009 Mazda CX-9,white,PETROL,MAZDA,CX-9,AUTOMATIC,208345,12000,NSW,2009
2010 Subaru Impreza,black,PETROL,SUBARU,IMPREZA,AUTOMATIC,213500,6800,NSW,2010
2012 Volkswagen Golf,silver,PETROL,VOLKSWAGEN,GOLF,MANUAL,183000,6000,NSW,2012
2016 BMW X3,blue,DIESEL,BMW,X3,AUTOMATIC,191000,14500,NSW,2016
2023 Iveco daily 45-180 tradie ute,white,DIESEL,IVECO,DAILY,AUTOMATIC,41700,55500,NSW,2023
2010 Mazda CX-9,silver,PETROL,MAZDA,CX-9,AUTOMATIC,190000,9500,NSW,2010
2023 LDV deliver 9 lwb mid roof option pk,white,DIESEL,LDV,DELIVER 9,AUTOMATIC,92000,27000,NSW,2023
2009 Hyundai Getz,red,PETROL,HYUNDAI,GETZ,AUTOMATIC,189000,4695,NSW,2009
2016 Volkswagen Passat,grey,PETROL,VOLKSWAGEN,PASSAT,AUTOMATIC,202000,10000,NSW,2016
2019 Toyota Corolla,white,PETROL,TOYOTA,COROLLA,AUTOMATIC,138000,17800,NSW,2019
2012 Hyundai i30,red,PETROL,HYUNDAI,I30,AUTOMATIC,266000,6000,NSW,2012
2010 Ford Falcon,white,PETROL,FORD,FALCON,AUTOMATIC,10000,3500,NSW,2010
2006 Honda Civic,white,PETROL,HONDA,CIVIC,AUTOMATIC,221000,5500,SA,2006
2007 Toyota tarago gli,white,PETROL,TOYOTA,TARAGO GLI,AUTOMATIC,186000,9300,SA,2007
2009 Hyundai Getz,red,PETROL,HYUNDAI,GETZ,AUTOMATIC,158938,4990,SA,2009
2012 Audi A3,black,PETROL,AUDI,A3,AUTOMATIC,151904,10000,SA,2012
2001 Nissan Patrol,silver,DIESEL,NISSAN,PATROL,MANUAL,441000,22000,SA,2001
2011 Volkswagen Tiguan,black,DIESEL,VOLKSWAGEN,TIGUAN,AUTOMATIC,175000,10999,SA,2011
2025 Toyota Hilux,white,DIESEL,TOYOTA,HILUX,AUTOMATIC,26000,82000,SA,2025
2002 Subaru WRX,silver,PETROL,SUBARU,WRX,MANUAL,223000,9000,SA,2002
2008 Toyota Aurion,silver,PETROL,TOYOTA,AURION,AUTOMATIC,325000,5500,SA,2008
2011 Nissan Navara,white,DIESEL,NISSAN,NAVARA,AUTOMATIC,191000,18500,SA,2011
2002 Holden Commodore,white,OTHER,HOLDEN,COMMODORE,AUTOMATIC,111111,2500,SA,2002
2012 Hyundai i45 ,grey,PETROL,HYUNDAI,I45,AUTOMATIC,178754,7500,SA,2012
2022 Haval jolion ultra,black,PETROL,HAVAL,JOLION,AUTOMATIC,39523,21950,QLD,2022
2008 Mitsubishi ML Triton,red,DIESEL,MITSUBISHI,TRITON,MANUAL,520000,6500,SA,2008
2012 Volkswagen CC,black,DIESEL,VOLKSWAGEN,CC,AUTOMATIC,240000,8500,SA,2012
2016 Toyota kluger,grey,PETROL,TOYOTA,KLUGER,AUTOMATIC,170000,20000,QLD,2016
2007 Mitsubishi Sedan,silver,PETROL,MITSUBISHI,SEDAN,AUTOMATIC,200000,8000,QLD,2007
2008 Nissan Patrol,white,DIESEL,NISSAN,PATROL,MANUAL,239000,24500,QLD,2008
2011 Volkswagen Golf,grey,DIESEL,VOLKSWAGEN,GOLF,AUTOMATIC,214000,3300,QLD,2011
2006 Toyota Landcruiser Prado,silver,DIESEL,TOYOTA,LANDCRUISER,AUTOMATIC,297000,15000,QLD,2006
2014 Hyundai Santa Fe,silver,DIESEL,HYUNDAI,SANTA FE,AUTOMATIC,283000,11500,QLD,2014
2012 Subaru Forester,white,OTHER,SUBARU,FORESTER,AUTOMATIC,158000,8900,QLD,2012
2003 Ford Falcon,purple,PETROL,FORD,FALCON,AUTOMATIC,220000,123456,QLD,2003
2019 BMW X2,white,DIESEL,BMW,X2,AUTOMATIC,134000,30000,QLD,2019
2017 Mitsubishi ASX,blue,PETROL,MITSUBISHI,ASX,AUTOMATIC,121000,12250,QLD,2017
2002 Mitsubishi challenger,silver,PETROL,MITSUBISHI,CHALLENGER,AUTOMATIC,263000,3200,QLD,2002
2015 Nissan JUKE,red,PETROL,NISSAN,JUKE,AUTOMATIC,24000,22500,QLD,2015
2019 Holden Holden Colorado,charcoal,DIESEL,HOLDEN,COLORADO,AUTOMATIC,128082,35000,WA,2019
1998 Toyota Landcruiser 100,green,PETROL,TOYOTA,LANDCRUISER,AUTOMATIC,384000,19950,WA,1998
2001 Mitsubishi Magna,white,PETROL,MITSUBISHI,MAGNA,AUTOMATIC,223820,3150,WA,2001
2014 Mazda CX-5,white,DIESEL,MAZDA,CX-5,AUTOMATIC,191128,10600,WA,2014
2012 Volkswagen Jetta 118 TSI COMFORTABLE ,silver,PETROL,VOLKSWAGEN,JETTA,AUTOMATIC,134531,9990,WA,2012
2012 Hyundai Elantra,blue,PETROL,HYUNDAI,ELANTRA,AUTOMATIC,17200,8000,WA,2012
1980 Toyota Hilux,red,PETROL,TOYOTA,HILUX,MANUAL,123456,6000,WA,1980
2000 Nissan Elgrand,black,PETROL,NISSAN,ELGRAND,AUTOMATIC,204000,5000,WA,2000
2000 Nissan Patrol,burgundy,DIESEL,NISSAN,PATROL,MANUAL,315420,12000,WA,2000
2016 Nissan Pathfinder,white,PETROL,NISSAN,PATHFINDER,AUTOMATIC,212000,9000,WA,2016
2019 Mercedes-Benz cla-class,grey,PETROL,MERCEDES-BENZ,A-CLASS,AUTOMATIC,91000,35000,WA,2019
2012 Ford Focus,red,OTHER,FORD,FOCUS,AUTOMATIC,152000,5000,WA,2012
2018 Kia Cerato,red,PETROL,KIA,CERATO,AUTOMATIC,72500,17000,WA,2018
2023 Audi S3,black,PETROL,AUDI,S3,AUTOMATIC,11500,65000,WA,2023
2010 Holden Commodore,blue,PETROL,HOLDEN,COMMODORE,AUTOMATIC,246800,3990,VIC,2010
2023 Hyundai Kona,grey,PETROL,HYUNDAI,KONA,AUTOMATIC,950,42000,VIC,2023
2018 BMW series 3,grey,PETROL,BMW,SERIES 3,AUTOMATIC,102000,43000,VIC,2018
2012 Holden Commodore,silver,PETROL,HOLDEN,COMMODORE,AUTOMATIC,222640,9500,VIC,2012
2007 Mitsubishi triton,white,DIESEL,MITSUBISHI,TRITON,MANUAL,310000,4000,VIC,2007
2009 Hyundai Hyundai iLOAD,silver,DIESEL,HYUNDAI,ILOAD,MANUAL,190000,12500,QLD,2009
2013 Nissan Patrol,white,DIESEL,NISSAN,PATROL,MANUAL,200000,40000,SA,2013
2020 Ford Transit 470E Single Cab,white,DIESEL,FORD,TRANSIT,AUTOMATIC,242000,26499,VIC,2020
2014 Ford Fiesta,blue,PETROL,FORD,FIESTA,AUTOMATIC,140000,5500,VIC,2014
2006 Ford Focus,black,PETROL,FORD,FOCUS,MANUAL,250000,6000,VIC,2006
2007 Ford Fiesta,blue,PETROL,FORD,FIESTA,MANUAL,218000,4000,QLD,2007
2015 Holden Barina,black,PETROL,HOLDEN,BARINA,AUTOMATIC,118000,11000,SA,2015
2012 Mercedes-Benz C63,black,PETROL,MERCEDES-BENZ,C-CLASS,AUTOMATIC,130000,123456,SA,2012
2017 Ford Mondeo,white,DIESEL,FORD,MONDEO,AUTOMATIC,190000,11490,SA,2017
2011 Audi A3,silver,PETROL,AUDI,A3,AUTOMATIC,146700,11500,SA,2011
2012 Toyota Corolla,silver,PETROL,TOYOTA,COROLLA,MANUAL,251365,5990,SA,2012
2010 Ford Fiesta,purple,PETROL,FORD,FIESTA,AUTOMATIC,199800,4900,SA,2010
1968 Jaguar Jaguar XJ6,blue,OTHER,JAGUAR,XJ,AUTOMATIC,58000,3000,SA,1968
2003 Nissan Patrol,white,DIESEL,NISSAN,PATROL,MANUAL,301000,6000,SA,2003
2018 Volkswagen Golf R Grid Edition ,orange,OTHER,VOLKSWAGEN,GOLF,MANUAL,98797,32470,WA,2018
2016 Hyundai Tucson,blue,PETROL,HYUNDAI,TUCSON,AUTOMATIC,241000,13000,SA,2016
2010 Toyota Landcruiser Prado,silver,DIESEL,TOYOTA,LANDCRUISER,AUTOMATIC,240000,30000,SA,2010
2005 Honda CR-V,black,PETROL,HONDA,CR-V,MANUAL,228151,7000,NSW,2005
2009 Toyota Hilux,white,DIESEL,TOYOTA,HILUX,MANUAL,295000,15500,NSW,2009
2008 Toyota Corolla,white,PETROL,TOYOTA,COROLLA,AUTOMATIC,267000,6200,NSW,2008
2003 Holden Commodore,white,OTHER,HOLDEN,COMMODORE,AUTOMATIC,270000,3200,NSW,2003
2010 Ford Falcon,white,OTHER,FORD,FALCON,AUTOMATIC,212000,4500,NSW,2010
2009 Mercedes-Benz Mercedes-Benz ML320 CDI,white,DIESEL,MERCEDES-BENZ,MERCEDES-BENZ ML320 CDI,AUTOMATIC,137811,14990,NSW,2009
"2004 Toyota hilux v6 manual 4wd - fully kitted touring setup (rtt, solar, lithium, drawers, fridge) - nsw rego",white,PETROL,TOYOTA,HILUX,MANUAL,318422,13900,NSW,2004
2008 Toyota Yaris,silver,PETROL,TOYOTA,YARIS,AUTOMATIC,305000,4900,NSW,2008
2015 Subaru WRX,white,OTHER,SUBARU,WRX,MANUAL,130000,33000,NSW,2015
2000 Holden Commodore,blue,OTHER,HOLDEN,COMMODORE,AUTOMATIC,300000,20000,NSW,2000
2013 Lexus Lexus IS 300h,white,PETROL,LEXUS,IS,AUTOMATIC,145000,25000,NSW,2013
2005 Toyota Camry,grey,PETROL,TOYOTA,CAMRY,AUTOMATIC,296000,3600,NSW,2005
2001 Holden Rodeo,red,PETROL,HOLDEN,RODEO,MANUAL,275311,8000,NSW,2001
2006 Holden Crewman SS Thunder VZ,blue,PETROL,HOLDEN,CREWMAN,MANUAL,142000,26880,NSW,2006
2010 Subaru Forester,black,PETROL,SUBARU,FORESTER,AUTOMATIC,31000,8000,NSW,2010
2013 Kia Sorento,gold,DIESEL,KIA,SORENTO,AUTOMATIC,87285,19880,SA,2013
2006 Toyota Hilux,silver,DIESEL,TOYOTA,HILUX,AUTOMATIC,310000,21000,NSW,2006
2006 Nissan Navara,white,DIESEL,NISSAN,NAVARA,MANUAL,123456,12345,WA,2006
2012 Kia Optima,blue,PETROL,KIA,OPTIMA,AUTOMATIC,152000,9900,SA,2012
2008 Toyota Corolla,black,PETROL,TOYOTA,COROLLA,AUTOMATIC,273000,7000,WA,2008
2005 Holden Caprice,white,PETROL,HOLDEN,CAPRICE,AUTOMATIC,219000,20000,WA,2005
2015 Toyota 4Runner,white,PETROL,TOYOTA,4RUNNER,AUTOMATIC,232000,20000,WA,2015
2018 Toyota Hilux,white,DIESEL,TOYOTA,HILUX,AUTOMATIC,256500,26500,WA,2018
1999 Toyota Landcruiser Prado,white,PETROL,TOYOTA,LANDCRUISER,MANUAL,310000,12000,WA,1999
2014 Holden Barina,blue,PETROL,HOLDEN,BARINA,MANUAL,76429,10990,WA,2014
2013 Mazda CX-5,blue,DIESEL,MAZDA,CX-5,AUTOMATIC,194900,11799,WA,2013
2017 Nissan Qashqai,grey,PETROL,NISSAN,QASHQAI,AUTOMATIC,104000,14000,WA,2017
2009 Holden Commodore,blue,PETROL,HOLDEN,COMMODORE,AUTOMATIC,298780,7000,WA,2009
2009 Renault Koleos,silver,PETROL,RENAULT,KOLEOS,AUTOMATIC,215793,3500,WA,2009
2019 Mitsubishi ASX MR XD MY20,red,PETROL,MITSUBISHI,ASX,AUTOMATIC,126464,22998,WA,2019
2013 Toyota Camry,white,PETROL,TOYOTA,CAMRY,AUTOMATIC,354457,8500,WA,2013
2019 Volkswagen Golf R,grey,PETROL,VOLKSWAGEN,GOLF,AUTOMATIC,134313,33990,WA,2019
2010 Nissan Navara,white,DIESEL,NISSAN,NAVARA,MANUAL,390700,6500,WA,2010
2014 Mercedes-Benz Mercedes-Benz G63 AMG SUV,black,PETROL,MERCEDES-BENZ,MERCEDES-BENZ G63 AMG SUV,AUTOMATIC,149000,139000,WA,2014
2017 Mitsubishi Outlander,silver,PETROL,MITSUBISHI,OUTLANDER,AUTOMATIC,138712,20000,WA,2017
2017 Mazda BT-50,silver,DIESEL,MAZDA,BT-50,MANUAL,225323,23950,QLD,2017
2012 Mazda CX-5,blue,DIESEL,MAZDA,CX-5,AUTOMATIC,250000,11999,QLD,2012
2015 Mitsubishi Pajero,silver,DIESEL,MITSUBISHI,PAJERO,AUTOMATIC,155000,30000,QLD,2015
2020 Jeep Compass,white,PETROL,JEEP,COMPASS,AUTOMATIC,72590,15600,QLD,2020
2019 Toyota Hilux,white,DIESEL,TOYOTA,HILUX,AUTOMATIC,70000,66000,QLD,2019
2000 Nissan Patrol,blue,DIESEL,NISSAN,PATROL,MANUAL,338000,20000,QLD,2000
2020 Mitsubishi Outlander,grey,DIESEL,MITSUBISHI,OUTLANDER,AUTOMATIC,34000,26800,QLD,2020
2006 BMW 740i,blue,PETROL,BMW,SERIES 7,AUTOMATIC,212000,2800,QLD,2006
2013 Holden Holden Colorado,grey,OTHER,HOLDEN,COLORADO,MANUAL,190000,18000,QLD,2013
2018 Jeep Wrangler Unlimited,white,PETROL,JEEP,WRANGLER,AUTOMATIC,60996,39000,WA,2018
2013 Hyundai Elantra,white,PETROL,HYUNDAI,ELANTRA,MANUAL,209000,9000,QLD,2013
2020 Mazda CX-3,grey,PETROL,MAZDA,CX-3,AUTOMATIC,95000,25990,QLD,2020
2017 Ford Ranger,silver,DIESEL,FORD,RANGER,MANUAL,248000,25000,QLD,2017
2010 Subaru Liberty,white,PETROL,SUBARU,LIBERTY,AUTOMATIC,180000,9990,QLD,2010
2012 Holden Holden Colorado,blue,DIESEL,HOLDEN,COLORADO,MANUAL,168744,19990,QLD,2012
2021 Suzuki Swift,white,PETROL,SUZUKI,SWIFT,AUTOMATIC,31975,21000,VIC,2021
1992 Holden Commodore,white,PETROL,HOLDEN,COMMODORE,AUTOMATIC,127000,3400,VIC,1992
2018 Toyota Camry,black,HYBRID,TOYOTA,CAMRY,AUTOMATIC,141000,22500,VIC,2018
2009 Subaru Impreza,black,PETROL,SUBARU,IMPREZA,MANUAL,162000,4000,VIC,2009
2011 Mazda CX-7,black,PETROL,MAZDA,CX-7,AUTOMATIC,158000,8300,VIC,2011
2014 Honda CR-V,blue,DIESEL,HONDA,CR-V,MANUAL,121000,13900,VIC,2014
"2021 Škoda octavia ambition 110tsi, 1.4l turbo petrol 8sp (station wagon)",red,PETROL,ŠKODA,OCTAVIA,AUTOMATIC,61179,18500,VIC,2021
2006 Toyota Corolla,black,PETROL,TOYOTA,COROLLA,AUTOMATIC,262000,5200,VIC,2006
2020 Mitsubishi Canter 515,white,DIESEL,MITSUBISHI,CANTER 515,AUTOMATIC,230000,25000,VIC,2020
2008 Holden Calais,burgundy,PETROL,HOLDEN,CALAIS,AUTOMATIC,175000,6500,VIC,2008
2013 Mitsubishi Triton,white,DIESEL,MITSUBISHI,TRITON,AUTOMATIC,270000,6000,VIC,2013
2008 Holden Captiva,white,DIESEL,HOLDEN,CAPTIVA,AUTOMATIC,317500,5300,VIC,2008
2017 Holden Astra,silver,PETROL,HOLDEN,ASTRA,AUTOMATIC,153000,11000,QLD,2017
2016 Mercedes-Benz gla-class,silver,PETROL,MERCEDES-BENZ,A-CLASS,AUTOMATIC,135000,18990,QLD,2016
2017 Audi Q7,white,PETROL,AUDI,Q7,AUTOMATIC,92000,33000,QLD,2017
2024 Kia  Sportage S Auto ,white,PETROL,KIA,SPORTAGE,AUTOMATIC,14034,35999,WA,2024
2013 Hyundai iMax,white,PETROL,HYUNDAI,IMAX,AUTOMATIC,237400,13799,WA,2013
2016 Audi SQ5,blue,DIESEL,AUDI,SQ5,AUTOMATIC,177817,22499,WA,2016
2012 Toyota RAV4 CV ACA33R,grey,PETROL,TOYOTA,RAV4,AUTOMATIC,208949,11980,WA,2012
2013 Ford Ranger,grey,DIESEL,FORD,RANGER,MANUAL,145000,18990,NSW,2013
2013 Jeep Grand Cherokee,white,DIESEL,JEEP,GRAND CHEROKEE,AUTOMATIC,134000,21500,SA,2013
2015 Mazda CX-3,red,PETROL,MAZDA,CX-3,AUTOMATIC,151200,13500,QLD,2015
2013 BMW 325i Coupe,black,PETROL,BMW,325I COUPE,AUTOMATIC,196625,10499,WA,2013
2010 Mazda MX-5,silver,OTHER,MAZDA,MX-5,MANUAL,85312,26000,QLD,2010
2010 Subaru WRX STI Spec R,black,PETROL,SUBARU,WRX,MANUAL,192000,36500,SA,2010
2017 Hyundai i30,red,PETROL,HYUNDAI,I30,AUTOMATIC,55000,15850,SA,2017
2012 Hyundai i20,brown,PETROL,HYUNDAI,I20,MANUAL,188000,9000,SA,2012
"2014 Jeep grand cherokee overland, turbo diesel, pano roof, air suspension, rear cam, navigation, 100k kms only!",white,DIESEL,JEEP,GRAND CHEROKEE,AUTOMATIC,106000,20990,QLD,2014
2013 Ford Territory,grey,DIESEL,FORD,TERRITORY,AUTOMATIC,219000,6900,SA,2013
2021 Toyota Hilux,white,DIESEL,TOYOTA,HILUX,AUTOMATIC,62000,55000,SA,2021
2013 Hyundai Hyundai iLOAD,white,DIESEL,HYUNDAI,ILOAD,MANUAL,250000,11500,SA,2013
2015 Hyundai i40 vf4 series ii active tourer 5dr spts auto 6sp 2.0i,white,PETROL,HYUNDAI,I40,AUTOMATIC,154000,11500,SA,2015
2014 Volkswagen TOUAREG V6 150TDI 8sp automatic 4d wagon,grey,DIESEL,VOLKSWAGEN,TOUAREG,AUTOMATIC,204708,13900,SA,2014
1997 Holden Commodore,red,PETROL,HOLDEN,COMMODORE,AUTOMATIC,8455,9555,SA,1997
2010 Mercedes-Benz Mercedes-Benz C230,white,OTHER,MERCEDES-BENZ,MERCEDES-BENZ C230,AUTOMATIC,167800,8500,SA,2010
2001 Honda Civic,blue,PETROL,HONDA,CIVIC,AUTOMATIC,270011,2899,SA,2001
2017 Hyundai Elantra,black,PETROL,HYUNDAI,ELANTRA,AUTOMATIC,164500,15000,SA,2017
2022 Mazda CX-5,white,PETROL,MAZDA,CX-5,AUTOMATIC,65000,30000,SA,2022
2016 Subaru Forester,silver,DIESEL,SUBARU,FORESTER,AUTOMATIC,93600,20900,SA,2016
2012 Volkswagen Polo,white,PETROL,VOLKSWAGEN,POLO,AUTOMATIC,160000,6300,WA,2012
2017 Holden Astra,white,PETROL,HOLDEN,ASTRA,AUTOMATIC,96000,14000,WA,2017
2006 Ford Falcon,white,OTHER,FORD,FALCON,AUTOMATIC,214145,5000,WA,2006
2013 FIAT Panda,white,PETROL,FIAT,PANDA,MANUAL,45100,8999,WA,2013
2008 Toyota Hilux,white,DIESEL,TOYOTA,HILUX,MANUAL,363029,12000,WA,2008
2010 Holden Commodore,blue,OTHER,HOLDEN,COMMODORE,MANUAL,147986,32000,WA,2010
2000 Mitsubishi Pajero,blue,PETROL,MITSUBISHI,PAJERO,AUTOMATIC,413000,7000,WA,2000
1985 Toyota Landcruiser HJ60,silver,DIESEL,TOYOTA,LANDCRUISER,MANUAL,280000,42000,QLD,1985
2008 Mitsubishi pajero platinum edition ns auto 4x4,white,PETROL,MITSUBISHI,PAJERO,AUTOMATIC,157120,15600,QLD,2008
2011 NISSAN TIIDA 1.8L 4CYL MANUAL WITH REGO AND RWC,gold,PETROL,NISSAN,WITH REGO AND RWC,MANUAL,223000,2999,QLD,2011
2007 Honda Civic Type R fn2,black,PETROL,HONDA,CIVIC TYPE R,MANUAL,207000,14500,QLD,2007
2023 Toyota Kluger  Hybrid Grande,red,HYBRID,TOYOTA,KLUGER,AUTOMATIC,882,81000,QLD,2023
2004 Mitsubishi Pajero,silver,PETROL,MITSUBISHI,PAJERO,AUTOMATIC,285840,7800,QLD,2004
2001 Mitsubishi Pajero,blue,PETROL,MITSUBISHI,PAJERO,AUTOMATIC,347000,8500,VIC,2001
2016 Audi Q5 TDI Sport Edition,white,DIESEL,AUDI,Q5,AUTOMATIC,141787,19990,VIC,2016
1978 Holden Holden HZ,black,OTHER,HOLDEN,HOLDEN HZ,MANUAL,100000,20000,QLD,1978
2016 Honda S2000,black,PETROL,HONDA,S2000,AUTOMATIC,41800,30000,VIC,2016
2020 BMW M235i xDrive Gran Coupe,white,OTHER,BMW,M2,AUTOMATIC,52000,40990,QLD,2020
2017 Nissan X-Trail,red,PETROL,NISSAN,X-TRAIL,AUTOMATIC,152000,14000,VIC,2017
2016 Mercedes-Benz Vito,white,DIESEL,MERCEDES-BENZ,VITO,MANUAL,155000,17000,VIC,2016
2015 Toyota Camry,white,HYBRID,TOYOTA,CAMRY,AUTOMATIC,280000,19000,VIC,2015
2008 Toyota Corolla,red,PETROL,TOYOTA,COROLLA,AUTOMATIC,259000,7800,VIC,2008
2005 Toyota Yaris,black,PETROL,TOYOTA,YARIS,AUTOMATIC,232000,5400,VIC,2005
2018 Mercedes-Benz Vito 114CDI LWB,white,DIESEL,MERCEDES-BENZ,VITO,AUTOMATIC,228216,14250,VIC,2018
2014 Jeep Grand Cherokee,white,DIESEL,JEEP,GRAND CHEROKEE,AUTOMATIC,171000,14500,VIC,2014
2001 Holden Caprice,silver,PETROL,HOLDEN,CAPRICE,AUTOMATIC,1000,18000,VIC,2001
1993 Holden Calais,red,OTHER,HOLDEN,CALAIS,AUTOMATIC,123456,99999,VIC,1993
2015 Jeep Wrangler Unlimited,white,PETROL,JEEP,WRANGLER,AUTOMATIC,150000,32000,NSW,2015
2005 Subaru liberty,purple,PETROL,SUBARU,LIBERTY,AUTOMATIC,170000,4800,SA,2005
2024 Honda crv e:hv rs hybrid,blue,HYBRID,HONDA,E,AUTOMATIC,8500,57500,VIC,2024
2014 Great Wall V240,silver,PETROL,GWM,V240,MANUAL,92000,10500,QLD,2014
2021 Volkswagen Amarok,blue,DIESEL,VOLKSWAGEN,AMAROK,AUTOMATIC,37160,46000,QLD,2021
2012 Ford Ranger,white,DIESEL,FORD,RANGER,MANUAL,223000,10000,QLD,2012
2025 Tesla Model Y,charcoal,ELECTRIC,TESLA,MODEL Y,AUTOMATIC,9100,78500,QLD,2025
2020 Nissan x trail,grey,PETROL,NISSAN,X TRAIL,AUTOMATIC,94100,19000,QLD,2020
2016 Audi RS3,grey,PETROL,AUDI,RS3,AUTOMATIC,130000,41000,QLD,2016
2009 Honda Jazz,grey,PETROL,HONDA,JAZZ,AUTOMATIC,157150,5000,QLD,2009
2020 Volkswagen multivan,white,DIESEL,VOLKSWAGEN,MULTIVAN,AUTOMATIC,104409,42990,QLD,2020
2014 Holden Ute,black,PETROL,HOLDEN,UTE,AUTOMATIC,102000,35500,QLD,2014
2012 Toyota Landcruiser 200,white,DIESEL,TOYOTA,LANDCRUISER,AUTOMATIC,387000,35000,QLD,2012
2021 Mitsubishi triton,grey,DIESEL,MITSUBISHI,TRITON,AUTOMATIC,56000,33000,SA,2021
1994 Toyota Landcruiser,burgundy,PETROL,TOYOTA,LANDCRUISER,AUTOMATIC,261000,20000,SA,1994
2012 Hyundai i20,black,PETROL,HYUNDAI,I20,AUTOMATIC,156000,6490,QLD,2012
2010 Holden Commodore,silver,PETROL,HOLDEN,COMMODORE,MANUAL,317000,6999,NSW,2010
2021 Haval jolion,silver,PETROL,HAVAL,JOLION,AUTOMATIC,75000,17999,QLD,2021
2017 Volkswagen Amarok,red,DIESEL,VOLKSWAGEN,AMAROK,AUTOMATIC,250000,16500,QLD,2017
2018 Ford Focus,white,PETROL,FORD,FOCUS,MANUAL,99000,25500,WA,2018
2012 Holden Ute,white,PETROL,HOLDEN,UTE,AUTOMATIC,280770,10990,WA,2012
1992 Toyota hilux surf,red,DIESEL,TOYOTA,HILUX,MANUAL,240000,15500,WA,1992
2009 Toyota Hiace,white,DIESEL,TOYOTA,HIACE,AUTOMATIC,129782,19990,WA,2009
2014 Jeep Patriot,blue,PETROL,JEEP,PATRIOT,AUTOMATIC,216926,7800,WA,2014
2023 Great Wall cannon,white,DIESEL,GWM,CANNON,AUTOMATIC,67000,27000,WA,2023
2017 Mercedes-Benz A180,black,PETROL,MERCEDES-BENZ,A-CLASS,AUTOMATIC,77500,25000,WA,2017
2019 BMW X6,blue,DIESEL,BMW,X6,AUTOMATIC,76000,48880,WA,2019
2012 Dodge Caliber,black,PETROL,DODGE,CALIBER,AUTOMATIC,115000,5900,WA,2012
1999 Toyota Landcruiser,grey,PETROL,TOYOTA,LANDCRUISER,AUTOMATIC,60000,18000,WA,1999
2019 Kia Cerato,white,PETROL,KIA,CERATO,AUTOMATIC,85000,17999,WA,2019
2023 Haval h6,blue,PETROL,HAVAL,H6,AUTOMATIC,91200,23000,WA,2023
2003 Ford Falcon,grey,PETROL,FORD,FALCON,AUTOMATIC,359923,4000,VIC,2003
2006 Toyota Yaris,silver,PETROL,TOYOTA,YARIS,AUTOMATIC,161000,5500,VIC,2006
2017 Toyota RAV4,white,PETROL,TOYOTA,RAV4,AUTOMATIC,230000,16500,VIC,2017
2010 Volkswagen Golf,black,PETROL,VOLKSWAGEN,GOLF,AUTOMATIC,111700,7500,VIC,2010
2013 Volkswagen Touareg,black,DIESEL,VOLKSWAGEN,TOUAREG,AUTOMATIC,71990,26990,VIC,2013
2018 Toyota c-hr koba,white,PETROL,TOYOTA,C-HR,AUTOMATIC,137727,20999,VIC,2018
1994 Mercedes-Benz 500 SL,blue,PETROL,MERCEDES-BENZ,SL,AUTOMATIC,280000,35000,VIC,1994
2002 Holden Commodore,black,PETROL,HOLDEN,COMMODORE,AUTOMATIC,253000,8000,VIC,2002
2012 Volkswagen Golf,black,PETROL,VOLKSWAGEN,GOLF,AUTOMATIC,146000,6999,VIC,2012
2004 Honda Accord,silver,OTHER,HONDA,ACCORD,AUTOMATIC,161000,5500,VIC,2004
1999 Ford Festiva,burgundy,OTHER,FORD,FESTIVA,AUTOMATIC,130000,3000,VIC,1999
2011 Toyota crown athlete +m  supercharger,silver,PETROL,TOYOTA,CROWN,AUTOMATIC,109007,39900,VIC,2011
2017 Toyota Hiace,white,DIESEL,TOYOTA,HIACE,AUTOMATIC,1234,23500,VIC,2017
2013 Toyota Aurion,grey,PETROL,TOYOTA,AURION,AUTOMATIC,158000,10400,NSW,2013
1986 Nissan 300ZX,red,PETROL,NISSAN,Z,AUTOMATIC,200000,18000,VIC,1986
2014 Ford Ranger,white,DIESEL,FORD,RANGER,AUTOMATIC,271000,10000,NSW,2014
2017 Subaru Liberty ,black,PETROL,SUBARU,LIBERTY,AUTOMATIC,100000,18000,NSW,2017
2006 Toyota Landcruiser Prado,white,DIESEL,TOYOTA,LANDCRUISER,MANUAL,307000,18900,WA,2006
2015 Honda HR-V,black,PETROL,HONDA,HR-V,AUTOMATIC,160000,13999,NSW,2015
2005 Daihatsu Sirion,blue,OTHER,DAIHATSU,SIRION,AUTOMATIC,160000,3800,NSW,2005
2024 Toyota Camry,white,HYBRID,TOYOTA,CAMRY,AUTOMATIC,7265,49000,NSW,2024
2017 Audi Q5,white,DIESEL,AUDI,Q5,AUTOMATIC,83328,24950,NSW,2017
2013 Nissan Serena,black,HYBRID,NISSAN,SERENA,AUTOMATIC,100272,15000,NSW,2013
2008 Volkswagen Golf,black,DIESEL,VOLKSWAGEN,GOLF,AUTOMATIC,211133,4100,NSW,2008
2003 BMW M roadster,blue,PETROL,BMW,M ROADSTER,MANUAL,172000,6500,NSW,2003
2017 Jaguar F-PACE,white,DIESEL,JAGUAR,F-PACE,AUTOMATIC,135000,23500,NSW,2017
2007 Subaru WRX,black,PETROL,SUBARU,WRX,MANUAL,199000,11500,NSW,2007
2007 Holden commodore sv6,purple,PETROL,HOLDEN,COMMODORE,AUTOMATIC,179000,10000,NSW,2007
2008 Subaru Forester,blue,PETROL,SUBARU,FORESTER,MANUAL,260000,3800,NSW,2008
2014 Jeep Grand Cherokee,black,PETROL,JEEP,GRAND CHEROKEE,AUTOMATIC,192000,10000,NSW,2014
2012 Hyundai i30,grey,PETROL,HYUNDAI,I30,AUTOMATIC,250000,7500,NSW,2012
2021 Ford Ranger,black,DIESEL,FORD,RANGER,AUTOMATIC,152000,30000,NSW,2021
2002 Mitsubishi Lancer,white,PETROL,MITSUBISHI,LANCER,MANUAL,320000,2500,SA,2002
1978 Holden Holden HZ,white,PETROL,HOLDEN,HOLDEN HZ,AUTOMATIC,178000,3500,SA,1978
2011 Nissan X Trail,brown,PETROL,NISSAN,X TRAIL,AUTOMATIC,243000,3499,NSW,2011
2014 Holden Holden Colorado,white,DIESEL,HOLDEN,COLORADO,MANUAL,145000,20000,SA,2014
1993 Toyota 4Runner,blue,PETROL,TOYOTA,4RUNNER,MANUAL,266000,4000,SA,1993
2003 Hyundai Elantra,gold,PETROL,HYUNDAI,ELANTRA,AUTOMATIC,231900,3000,SA,2003
2016 Renault Clio,blue,PETROL,RENAULT,CLIO,MANUAL,141000,6500,SA,2016
1999 Toyota Landcruiser 100,blue,PETROL,TOYOTA,LANDCRUISER,MANUAL,305000,19990,SA,1999
1998 Toyota Camry,silver,PETROL,TOYOTA,CAMRY,AUTOMATIC,249485,3200,SA,1998
2016 Ford Ranger,blue,DIESEL,FORD,RANGER,MANUAL,220000,22500,SA,2016
2010 Ford Falcon,white,OTHER,FORD,FALCON,AUTOMATIC,189000,7500,NSW,2010
2011 Subaru Forester,black,PETROL,SUBARU,FORESTER,AUTOMATIC,205000,7500,WA,2011
2007 Toyota Yaris,black,PETROL,TOYOTA,YARIS,AUTOMATIC,156620,7200,VIC,2007
2009 Holden Ute,red,OTHER,HOLDEN,UTE,MANUAL,188000,10000,SA,2009
2015 Mitsubishi triton glxr,blue,DIESEL,MITSUBISHI,TRITON,AUTOMATIC,230000,15500,VIC,2015
2010 Toyota Corolla,white,PETROL,TOYOTA,COROLLA,MANUAL,94000,9400,SA,2010
2012 Renault Megane,silver,PETROL,RENAULT,MEGANE,AUTOMATIC,171000,5700,QLD,2012
1995 Toyota Landcruiser,red,OTHER,TOYOTA,LANDCRUISER,AUTOMATIC,495000,8000,VIC,1995
2017 Toyota Fortuner,black,DIESEL,TOYOTA,FORTUNER,AUTOMATIC,146712,36500,QLD,2017
2014 Hyundai i30,silver,PETROL,HYUNDAI,I30,AUTOMATIC,132222,10200,QLD,2014
2022 Toyota Corolla,grey,HYBRID,TOYOTA,COROLLA,AUTOMATIC,112000,27850,VIC,2022
2003 Toyota Landcruiser Prado,green,PETROL,TOYOTA,LANDCRUISER,AUTOMATIC,289450,9500,VIC,2003
2016 Toyota Camry,silver,PETROL,TOYOTA,CAMRY,AUTOMATIC,234000,12500,VIC,2016
2016 Subaru XV,black,OTHER,SUBARU,XV,AUTOMATIC,79800,17500,QLD,2016
2011 Kia Sorento,black,DIESEL,KIA,SORENTO,AUTOMATIC,181400,8200,VIC,2011
1978 Ford Fairmont,green,OTHER,FORD,FAIRMONT,AUTOMATIC,123456,55000,VIC,1978
2022 Mazda CX-30,red,PETROL,MAZDA,CX-30,AUTOMATIC,50100,29000,VIC,2022
2014 Mercedes-Benz C250,grey,PETROL,MERCEDES-BENZ,C-CLASS,AUTOMATIC,107000,19999,VIC,2014
2020 Toyota Camry,brown,HYBRID,TOYOTA,CAMRY,AUTOMATIC,60000,32500,VIC,2020
2013 Toyota Aurion,white,PETROL,TOYOTA,AURION,AUTOMATIC,131424,22000,VIC,2013
2012 Hyundai i45,white,PETROL,HYUNDAI,I45,AUTOMATIC,300000,3000,VIC,2012
2014 Renault Clio,yellow,PETROL,RENAULT,CLIO,AUTOMATIC,95000,3900,VIC,2014
2023 Toyota Yaris cross ,silver,PETROL,TOYOTA,YARIS CROSS,AUTOMATIC,25000,29900,VIC,2023
2017 Subaru XV,grey,PETROL,SUBARU,XV,AUTOMATIC,164000,16500,VIC,2017
2015 Toyota hilux sr5 premium,white,DIESEL,TOYOTA,HILUX,MANUAL,189958,36000,SA,2015
2016 Land Rover Range Rover Evoque,white,DIESEL,LAND-ROVER,RANGE ROVER EVOQUE,AUTOMATIC,115000,21500,SA,2016
2011 Volkswagen Golf GTI Adidas ,red,PETROL,VOLKSWAGEN,GOLF,AUTOMATIC,217000,12750,VIC,2011
2004 Holden Rodeo,gold,DIESEL,HOLDEN,RODEO,MANUAL,282000,11999,SA,2004
2022 Škoda Octavia,black,PETROL,ŠKODA,OCTAVIA,AUTOMATIC,25244,44000,SA,2022
2019 Holden Astra,red,PETROL,HOLDEN,ASTRA,AUTOMATIC,46680,15400,SA,2019
2022 Mitsubishi Outlander,white,PETROL,MITSUBISHI,OUTLANDER,AUTOMATIC,138000,29900,SA,2022
2015 Jeep Grand Cherokee,grey,DIESEL,JEEP,GRAND CHEROKEE,AUTOMATIC,145500,19000,SA,2015
2012 HSV GTS,grey,PETROL,HSV,GTS,AUTOMATIC,82000,69000,SA,2012
1999 Subaru WRX,white,PETROL,SUBARU,WRX,MANUAL,231000,18000,SA,1999
2006 Mitsubishi Lancer,yellow,PETROL,MITSUBISHI,LANCER,MANUAL,348800,2800,SA,2006
2018 Toyota RAV4,white,PETROL,TOYOTA,RAV4,AUTOMATIC,138400,20999,SA,2018
2009 Audi tts,black,OTHER,AUDI,TT,AUTOMATIC,137000,23000,SA,2009
2022 Mercedes-Benz a35 amg,white,PETROL,MERCEDES-BENZ,A35 AMG,AUTOMATIC,26000,68000,SA,2022
2005 Toyota Echo,gold,PETROL,TOYOTA,ECHO,AUTOMATIC,170000,5600,SA,2005
2021 Nissan Patrol,white,PETROL,NISSAN,PATROL,AUTOMATIC,72000,87888,WA,2021
2010 Suzuki Grand Vitara,grey,PETROL,SUZUKI,GRAND VITARA,AUTOMATIC,247000,7000,WA,2010
2012 Toyota Camry,silver,PETROL,TOYOTA,CAMRY,AUTOMATIC,462000,4500,WA,2012
2019 Hyundai I30,blue,PETROL,HYUNDAI,I30,AUTOMATIC,127235,18990,WA,2019
2009 Mitsubishi Mitsubishi Express,white,PETROL,MITSUBISHI,EXPRESS,MANUAL,215000,12500,WA,2009
2018 Honda cr-v vti l7,white,PETROL,HONDA,CR-V,AUTOMATIC,141000,22900,WA,2018
2005 Chrysler PT Cruiser,silver,PETROL,CHRYSLER,PT CRUISER,MANUAL,140000,3100,WA,2005
2008 Nissan Patrol,silver,DIESEL,NISSAN,PATROL,MANUAL,280000,20000,WA,2008
2010 Jeep Grand Cherokee,silver,DIESEL,JEEP,GRAND CHEROKEE,AUTOMATIC,134500,11000,WA,2010
2014 Isuzu D-Max,white,DIESEL,ISUZU,D-MAX,MANUAL,300000,16800,WA,2014
2014 Toyota Hilux,white,DIESEL,TOYOTA,HILUX,MANUAL,286000,22000,WA,2014
2007 Lexus Lexus IS 250,white,PETROL,LEXUS,IS,AUTOMATIC,237000,123456,WA,2007
2010 Ford Escape,white,PETROL,FORD,ESCAPE,AUTOMATIC,146600,6000,WA,2010
2016 Hyundai Accent,white,PETROL,HYUNDAI,ACCENT,AUTOMATIC,80000,13000,WA,2016
2005 Ford Escape XLS 2.3L AUTO 4x4,silver,PETROL,FORD,ESCAPE,AUTOMATIC,317654,4990,WA,2005
2010 Mazda CX-7,grey,OTHER,MAZDA,CX-7,AUTOMATIC,162999,8000,NSW,2010
2019 Mercedes-Benz ACTROS ,white,DIESEL,MERCEDES-BENZ,ACTROS,AUTOMATIC,770000,50000,NSW,2019
2003 Subaru Impreza,blue,PETROL,SUBARU,IMPREZA,MANUAL,286000,4000,NSW,2003
2018 Honda Jazz,red,OTHER,HONDA,JAZZ,AUTOMATIC,105692,16500,NSW,2018
2012 Volkswagen Tiguan,grey,PETROL,VOLKSWAGEN,TIGUAN,AUTOMATIC,110000,10950,NSW,2012
2008 Toyota corolla seca,grey,PETROL,TOYOTA,COROLLA,MANUAL,144545,6999,NSW,2008
2014 Holden Commodore,green,OTHER,HOLDEN,COMMODORE,AUTOMATIC,226000,19800,NSW,2014
1993 Toyota Landcruiser,beige,DIESEL,TOYOTA,LANDCRUISER,MANUAL,434000,17500,NSW,1993
2010 Volvo XC60,black,DIESEL,VOLVO,XC60,AUTOMATIC,250938,7500,NSW,2010
2000 Toyota Corolla,white,PETROL,TOYOTA,COROLLA,AUTOMATIC,211160,3000,NSW,2000
2020 Toyota Yaris Hybrid X 4WD,white,HYBRID,TOYOTA,YARIS,AUTOMATIC,98000,19999,VIC,2020
2014 Volkswagen Golf,black,PETROL,VOLKSWAGEN,GOLF,AUTOMATIC,110300,18000,NSW,2014
2008 Holden Commodore,green,PETROL,HOLDEN,COMMODORE,AUTOMATIC,188000,8000,WA,2008
2017 Hyundai Elantra,grey,PETROL,HYUNDAI,ELANTRA,AUTOMATIC,172325,13500,WA,2017
2007 Toyota Corolla,blue,PETROL,TOYOTA,COROLLA,MANUAL,282323,3000,WA,2007
2013 Ford Focus,silver,PETROL,FORD,FOCUS,AUTOMATIC,94963,9999,WA,2013
2012 Mitsubishi Triton GLX-R,grey,DIESEL,MITSUBISHI,TRITON,AUTOMATIC,320000,9990,WA,2012
2001 Toyota Echo,silver,PETROL,TOYOTA,ECHO,AUTOMATIC,226000,4950,SA,2001
2012 Holden Astra,grey,OTHER,HOLDEN,ASTRA,MANUAL,120000,3000,SA,2012
2010 Jeep Wrangler,red,PETROL,JEEP,WRANGLER,MANUAL,193802,14950,WA,2010
2014 Nissan Pulsar,red,PETROL,NISSAN,PULSAR,AUTOMATIC,138000,9500,NSW,2014
2008 Holden Rodeo,white,DIESEL,HOLDEN,RODEO,MANUAL,330000,12000,QLD,2008
2012 Nissan Navara,white,DIESEL,NISSAN,NAVARA,MANUAL,1234,15000,QLD,2012
1972 Volkswagen Beetle,brown,PETROL,VOLKSWAGEN,BEETLE,MANUAL,12345,16500,QLD,1972
2001 Ford Courier,black,PETROL,FORD,COURIER,MANUAL,330000,4000,QLD,2001
2012 Nissan Navara,red,DIESEL,NISSAN,NAVARA,MANUAL,252000,10999,VIC,2012
2009 Subaru Impreza,grey,PETROL,SUBARU,IMPREZA,AUTOMATIC,261000,4000,QLD,2009
2004 Subaru Liberty,white,PETROL,SUBARU,LIBERTY,AUTOMATIC,197000,6500,WA,2004
2015 Toyota Landcruiser Prado,silver,OTHER,TOYOTA,LANDCRUISER,AUTOMATIC,215000,37000,QLD,2015
2013 Nissan Pulsar,red,PETROL,NISSAN,PULSAR,AUTOMATIC,202326,7900,QLD,2013
2007 Toyota Camry,silver,PETROL,TOYOTA,CAMRY,AUTOMATIC,259985,4800,QLD,2007
1996 Hyundai Excel,white,PETROL,HYUNDAI,EXCEL,MANUAL,327000,2700,WA,1996
2012 Holden Captiva,brown,DIESEL,HOLDEN,CAPTIVA,AUTOMATIC,169000,3000,QLD,2012
2006 Honda Civic,black,OTHER,HONDA,CIVIC,MANUAL,210000,3000,QLD,2006
2009 Kia Cerato,white,OTHER,KIA,CERATO,AUTOMATIC,130000,5999,QLD,2009
2012 Honda Civic,grey,PETROL,HONDA,CIVIC,AUTOMATIC,131000,9500,QLD,2012
2013 Volkswagen Amarok,white,PETROL,VOLKSWAGEN,AMAROK,MANUAL,360000,4200,QLD,2013
2014 Ford Ranger,white,DIESEL,FORD,RANGER,AUTOMATIC,252000,11500,QLD,2014
2017 Land Rover Range Rover Sport,grey,DIESEL,LAND-ROVER,RANGE ROVER SPORT,AUTOMATIC,134000,44500,QLD,2017
2007 Subaru Impreza,silver,PETROL,SUBARU,IMPREZA,AUTOMATIC,308400,3500,QLD,2007
2010 Subaru WRX,blue,PETROL,SUBARU,WRX,MANUAL,183000,19000,QLD,2010
2012 Mazda CX-9,black,PETROL,MAZDA,CX-9,AUTOMATIC,105000,12999,VIC,2012
2012 Mazda CX-5,white,DIESEL,MAZDA,CX-5,AUTOMATIC,140000,5000,QLD,2012
2002 Toyota MR2,black,PETROL,TOYOTA,MR2,MANUAL,157000,8000,VIC,2002
2012 Volkswagen Golf,black,OTHER,VOLKSWAGEN,GOLF,AUTOMATIC,98602,16000,VIC,2012
1973 Chevrolet Corvette,red,PETROL,CHEVROLET,CORVETTE,MANUAL,1234,55000,VIC,1973
2008 Ford Falcon,blue,OTHER,FORD,FALCON,AUTOMATIC,141000,31000,VIC,2008
2016 Mitsubishi Lancer,white,PETROL,MITSUBISHI,LANCER,AUTOMATIC,94200,16999,VIC,2016
2018 Ford Ranger,white,DIESEL,FORD,RANGER,AUTOMATIC,248000,23000,VIC,2018
2018 Volkswagen Golf,grey,PETROL,VOLKSWAGEN,GOLF,AUTOMATIC,53391,20000,VIC,2018
2022 Subaru BRZ,blue,PETROL,SUBARU,BRZ,MANUAL,32000,34999,VIC,2022
2013 Hyundai Elantra Active Md2,red,PETROL,HYUNDAI,ELANTRA,AUTOMATIC,220288,8990,VIC,2013
2015 Jaguar XE,silver,PETROL,JAGUAR,XE,AUTOMATIC,152000,16500,VIC,2015
2003 Holden Ute,red,PETROL,HOLDEN,UTE,AUTOMATIC,376000,4800,VIC,2003
2017 Nissan 370Z,white,PETROL,NISSAN,370Z,AUTOMATIC,51000,40950,VIC,2017
2006 Honda Civic,silver,PETROL,HONDA,CIVIC,AUTOMATIC,251500,5500,VIC,2006
2017 Audi TT,grey,PETROL,AUDI,TT,AUTOMATIC,127000,29999,VIC,2017
1996 Toyota Corolla,red,PETROL,TOYOTA,COROLLA,AUTOMATIC,263000,2500,SA,1996
2022 Mitsubishi triton,white,DIESEL,MITSUBISHI,TRITON,AUTOMATIC,159000,26999,SA,2022
2014 Mitsubishi ASX,red,PETROL,MITSUBISHI,ASX,AUTOMATIC,250000,8500,VIC,2014
2025 Mitsubishi Outlander,red,PETROL,MITSUBISHI,OUTLANDER,AUTOMATIC,3500,46500,SA,2025
2015 Mitsubishi other,blue,DIESEL,MITSUBISHI,OTHER,AUTOMATIC,244000,21900,SA,2015
2007 Ford Falcon,grey,PETROL,FORD,FALCON,AUTOMATIC,267000,14000,SA,2007
2008 Subaru Forester,silver,PETROL,SUBARU,FORESTER,AUTOMATIC,223456,6000,SA,2008
2014 Ford EcoSport,black,PETROL,FORD,ECOSPORT,AUTOMATIC,141000,8000,SA,2014
2009 Toyota Aurion,gold,PETROL,TOYOTA,AURION,AUTOMATIC,178000,5999,SA,2009
2010 Ford Fiesta,purple,PETROL,FORD,FIESTA,MANUAL,120800,7300,SA,2010
2000 Nissan Pulsar,silver,PETROL,NISSAN,PULSAR,AUTOMATIC,221516,2899,SA,2000
2011 Lexus Lexus CT200H,white,HYBRID,LEXUS,CT,AUTOMATIC,300000,10500,NSW,2011
2022 Toyota corolla hybrid hatch,white,HYBRID,TOYOTA,COROLLA,AUTOMATIC,36000,27900,SA,2022
2002 Mitsubishi Evo ,black,PETROL,MITSUBISHI,EVO,MANUAL,160000,58000,NSW,2002
2015 Mitsubishi triton mn,white,DIESEL,MITSUBISHI,TRITON,MANUAL,210000,5500,NSW,2015
2009 Toyota Corolla,silver,PETROL,TOYOTA,COROLLA,AUTOMATIC,238000,6850,NSW,2009
2002 Mercedes-Benz other,brown,PETROL,MERCEDES-BENZ,OTHER,AUTOMATIC,138000,5000,NSW,2002
2001 Toyota Landcruiser 100,white,DIESEL,TOYOTA,LANDCRUISER,AUTOMATIC,503805,18000,NSW,2001
2013 Subaru BRZ,blue,PETROL,SUBARU,BRZ,AUTOMATIC,67000,27000,NSW,2013
2006 Nissan Navara,white,DIESEL,NISSAN,NAVARA,AUTOMATIC,200000,3000,NSW,2006
2006 Honda Civic,grey,PETROL,HONDA,CIVIC,AUTOMATIC,147788,7995,SA,2006
2016 Holden Ute,red,PETROL,HOLDEN,UTE,AUTOMATIC,152000,25000,NSW,2016
2013 BMW 1 series 116i f20,grey,PETROL,BMW,1 SERIES,AUTOMATIC,126000,12000,NSW,2013
2013 Holden Holden Camira,grey,PETROL,HOLDEN,CAMIRA,AUTOMATIC,96000,7500,NSW,2013
2000 Toyota Hilux,white,PETROL,TOYOTA,HILUX,MANUAL,235000,9000,NSW,2000
2005 Toyota Toyota Kruger ,red,PETROL,TOYOTA,KRUGER,AUTOMATIC,252000,4900,NSW,2005
2015 Hyundai Accent,white,PETROL,HYUNDAI,ACCENT,AUTOMATIC,149000,7500,NSW,2015
2006 Toyota Yaris,grey,PETROL,TOYOTA,YARIS,AUTOMATIC,215000,6500,NSW,2006
2015 Volkswagen Polo,white,PETROL,VOLKSWAGEN,POLO,AUTOMATIC,128000,12800,NSW,2015
1992 Toyota Landcruiser,grey,PETROL,TOYOTA,LANDCRUISER,MANUAL,348539,12000,NSW,1992
2015 Ford Focus,silver,PETROL,FORD,FOCUS,AUTOMATIC,118000,3200,NSW,2015
2005 Jeep Wrangler,red,PETROL,JEEP,WRANGLER,MANUAL,166521,15000,NSW,2005
2011 Toyota Camry,blue,PETROL,TOYOTA,CAMRY,AUTOMATIC,279672,6500,WA,2011
2010 Suzuki Grand Vitara,red,PETROL,SUZUKI,GRAND VITARA,AUTOMATIC,251336,12000,WA,2010
2017 Mitsubishi Pajero,grey,DIESEL,MITSUBISHI,PAJERO,AUTOMATIC,63000,32000,WA,2017
2023 Volkswagen Golf,blue,PETROL,VOLKSWAGEN,GOLF,AUTOMATIC,10000,70000,NSW,2023
2022 Nissan Patrol,black,PETROL,NISSAN,PATROL,AUTOMATIC,55000,123456,WA,2022
2012 Nissan Dualis ,grey,PETROL,NISSAN,DUALIS,AUTOMATIC,158349,6500,WA,2012
2011 Mitsubishi  Evo ,silver,OTHER,MITSUBISHI,EVO,AUTOMATIC,58000,51990,WA,2011
2018 Hyundai Elantra,white,PETROL,HYUNDAI,ELANTRA,AUTOMATIC,62600,16800,WA,2018
2013 Hyundai Accent,green,PETROL,HYUNDAI,ACCENT,AUTOMATIC,138100,7700,WA,2013
2006 Toyota Camry,gold,PETROL,TOYOTA,CAMRY,AUTOMATIC,300000,3500,WA,2006
2017 Mazda CX-3,red,PETROL,MAZDA,CX-3,AUTOMATIC,750,25000,NSW,2017
1998 Mazda MX-5,silver,PETROL,MAZDA,MX-5,MANUAL,115000,19999,NSW,1998
2007 Holden Ute,red,PETROL,HOLDEN,UTE,AUTOMATIC,223000,10000,NSW,2007
2008 Mitsubishi Outlander,white,PETROL,MITSUBISHI,OUTLANDER,AUTOMATIC,295000,7000,NSW,2008
1991 Toyota Landcruiser,blue,DIESEL,TOYOTA,LANDCRUISER,AUTOMATIC,348000,28000,NSW,1991
2022 Mercedes-Benz gla-class h247 802+052my gla200 wagon 5dr dct 7sp 1.3t,blue,PETROL,MERCEDES-BENZ,A-CLASS,AUTOMATIC,55864,45990,VIC,2022
2022 MG hs essence anfield edition,black,PETROL,MG,HS,AUTOMATIC,86800,25000,QLD,2022
2010 Toyota landcruiser vdj79r v8 utility,white,DIESEL,TOYOTA,LANDCRUISER,MANUAL,192000,82500,QLD,2010
2005 Ford Focus,blue,PETROL,FORD,FOCUS,AUTOMATIC,165000,4500,VIC,2005
2008 Honda Civic,blue,OTHER,HONDA,CIVIC,MANUAL,285644,3000,VIC,2008
2008 Mitsubishi Colt ES,silver,PETROL,MITSUBISHI,COLT,MANUAL,153200,5990,WA,2008
2011 Mitsubishi Colt 1.5 VRX Manual White ,white,PETROL,MITSUBISHI,COLT,MANUAL,193200,4750,WA,2011
2010 Subaru IMPREZA WRX FULL SERVICE HISTORY,black,PETROL,SUBARU,IMPREZA,MANUAL,191000,16990,WA,2010
1988 Holden Commodore,white,OTHER,HOLDEN,COMMODORE,MANUAL,140000,6000,WA,1988
2014 Audi SQ5,white,DIESEL,AUDI,SQ5,AUTOMATIC,270000,20000,WA,2014
2016 Lexus Lexus NX 200t,red,PETROL,LEXUS,NX,AUTOMATIC,96300,27999,WA,2016
1992 Nissan urvan,white,PETROL,NISSAN,URVAN,MANUAL,257055,9000,WA,1992
2017 Hyundai Accent,white,PETROL,HYUNDAI,ACCENT,AUTOMATIC,109736,15000,WA,2017
2014 Holden Captiva,grey,DIESEL,HOLDEN,CAPTIVA,AUTOMATIC,132000,7500,WA,2014
2007 Mercedes-Benz Vito,white,DIESEL,MERCEDES-BENZ,VITO,AUTOMATIC,41218,8000,WA,2007
2014 Mitsubishi Triton,white,DIESEL,MITSUBISHI,TRITON,MANUAL,105000,16500,WA,2014
2012 Nissan Navara,white,DIESEL,NISSAN,NAVARA,MANUAL,314000,10200,WA,2012
2018 Volkswagen Tiguan,blue,DIESEL,VOLKSWAGEN,TIGUAN,AUTOMATIC,99000,22000,SA,2018
2018 Mitsubishi ASX,blue,PETROL,MITSUBISHI,ASX,AUTOMATIC,113000,17500,SA,2018
2013 Toyota Landcruiser Prado,silver,DIESEL,TOYOTA,LANDCRUISER,AUTOMATIC,283000,24000,SA,2013
1997 Holden Commodore,silver,PETROL,HOLDEN,COMMODORE,AUTOMATIC,165000,7000,SA,1997
2009 Subaru Impreza,silver,PETROL,SUBARU,IMPREZA,MANUAL,197800,5000,SA,2009
2006 Toyota Hilux,silver,DIESEL,TOYOTA,HILUX,AUTOMATIC,260000,23000,SA,2006
2010 Jeep Grand Cherokee,black,PETROL,JEEP,GRAND CHEROKEE,AUTOMATIC,248000,11300,WA,2010
1999 Toyota Landcruiser Prado,silver,PETROL,TOYOTA,LANDCRUISER,AUTOMATIC,271000,11000,SA,1999
2015 Hyundai Ix35,red,PETROL,HYUNDAI,IX35,AUTOMATIC,220000,11500,SA,2015
2017 Subaru Forester,black,PETROL,SUBARU,FORESTER,AUTOMATIC,103500,25000,SA,2017
1998 Toyota Celica,silver,PETROL,TOYOTA,CELICA,MANUAL,240000,5000,SA,1998
2009 Toyota CROWN MAJESTA G-TYPE,silver,PETROL,TOYOTA,CROWN,AUTOMATIC,89084,20990,SA,2009
2016 Subaru WRX,white,PETROL,SUBARU,WRX,MANUAL,110000,29990,SA,2016
"2015 Nissan PULSAR SSS C12 SERIES 1.6L TURBO AUTO, 91,702 KMS LOCATED IN LONSDALE ",silver,PETROL,NISSAN,PULSAR,AUTOMATIC,91702,12990,SA,2015
2012 Volkswagen Golf,white,PETROL,VOLKSWAGEN,GOLF,AUTOMATIC,265000,6000,WA,2012
2021 Toyota Landcruiser Prado,brown,PETROL,TOYOTA,LANDCRUISER,AUTOMATIC,63198,69500,WA,2021
2004 BMW e46 325ci,blue,OTHER,BMW,E46 325CI,AUTOMATIC,192000,10000,WA,2004
2011 Toyota Camry,white,PETROL,TOYOTA,CAMRY,AUTOMATIC,201560,9000,SA,2011
2006 Mitsubishi Lancer,white,PETROL,MITSUBISHI,LANCER,AUTOMATIC,185000,3500,WA,2006
2004 Holden Commodore,black,PETROL,HOLDEN,COMMODORE,MANUAL,240123,25000,VIC,2004
2005 Toyota Landcruiser 100,grey,PETROL,TOYOTA,LANDCRUISER,AUTOMATIC,520000,10000,WA,2005
2012 Nissan Navara,silver,DIESEL,NISSAN,NAVARA,AUTOMATIC,260000,9999,VIC,2012
2014 Ford Focus,grey,PETROL,FORD,FOCUS,AUTOMATIC,67000,13000,VIC,2014
1993 Nissan Patrol,gold,DIESEL,NISSAN,PATROL,MANUAL,368000,10000,VIC,1993
2014 Audi Q3,white,PETROL,AUDI,Q3,AUTOMATIC,167000,12500,VIC,2014
2009 Nissan Navara,silver,DIESEL,NISSAN,NAVARA,MANUAL,265000,7000,VIC,2009
2007 Subaru WRX,blue,OTHER,SUBARU,WRX,MANUAL,130000,19000,VIC,2007
2014 Honda CR-V,white,PETROL,HONDA,CR-V,AUTOMATIC,178903,15000,VIC,2014
2012 Mitsubishi Lancer,silver,PETROL,MITSUBISHI,LANCER,AUTOMATIC,188000,7900,VIC,2012
2013 Mitsubishi ASX,silver,OTHER,MITSUBISHI,ASX,AUTOMATIC,242000,7499,QLD,2013
2021 Hyundai Santa Fe,silver,DIESEL,HYUNDAI,SANTA FE,AUTOMATIC,47729,26990,QLD,2021
2015 Mitsubishi asx di-d turbo awd 15.5,white,DIESEL,MITSUBISHI,ASX,AUTOMATIC,130000,19500,VIC,2015
2011 Suzuki Swift,silver,PETROL,SUZUKI,SWIFT,AUTOMATIC,141000,8990,VIC,2011
2017 Subaru WRX,grey,OTHER,SUBARU,WRX,MANUAL,55000,55000,QLD,2017
2019 Subaru Outback,white,OTHER,SUBARU,OUTBACK,AUTOMATIC,74000,26990,QLD,2019
2013 Mitsubishi Outlander,white,OTHER,MITSUBISHI,OUTLANDER,AUTOMATIC,123000,12000,QLD,2013
2008 Toyota Aurion,silver,PETROL,TOYOTA,AURION,AUTOMATIC,264000,5000,QLD,2008
2009 Hyundai Getz,yellow,PETROL,HYUNDAI,GETZ,AUTOMATIC,124201,8490,VIC,2009
2011 Ford Falcon,white,OTHER,FORD,FALCON,AUTOMATIC,300000,12345,QLD,2011
2017 Volkswagen Passat,blue,PETROL,VOLKSWAGEN,PASSAT,AUTOMATIC,180056,17800,QLD,2017
2014 Holden Holden Colorado,blue,DIESEL,HOLDEN,COLORADO,AUTOMATIC,259000,16000,QLD,2014
2013 Land Rover Range Rover Evoque,black,OTHER,LAND-ROVER,RANGE ROVER EVOQUE,AUTOMATIC,122981,16900,NSW,2013
2013 Hyundai Elantra,blue,OTHER,HYUNDAI,ELANTRA,AUTOMATIC,183000,7000,NSW,2013
2003 Toyota Hiace commuter ,white,PETROL,TOYOTA,HIACE,AUTOMATIC,360000,9000,NSW,2003
2018 Holden Astra,white,PETROL,HOLDEN,ASTRA,AUTOMATIC,129000,11500,NSW,2018
2020 Honda CR-V,blue,PETROL,HONDA,CR-V,AUTOMATIC,42213,28990,NSW,2020
1968 Holden Holden Colorado,red,OTHER,HOLDEN,COLORADO,AUTOMATIC,15000,75000,NSW,1968
1998 Mitsubishi Pajero,grey,PETROL,MITSUBISHI,PAJERO,MANUAL,304000,15000,NSW,1998
2009 Toyota Aurion,red,PETROL,TOYOTA,AURION,AUTOMATIC,285000,5500,NSW,2009
2017 Holden Commodore,grey,PETROL,HOLDEN,COMMODORE,AUTOMATIC,67000,53999,NSW,2017
2023 Nissan Navara,silver,DIESEL,NISSAN,NAVARA,MANUAL,23000,46000,NSW,2023
1989 Nissan Nissan Skyline GT-R,purple,OTHER,NISSAN,GT-R,MANUAL,80000,90000,NSW,1989
2014 Mitsubishi OUTLANDER ES MY14.5 SN2419K,white,PETROL,MITSUBISHI,OUTLANDER,AUTOMATIC,221563,10995,NSW,2014
2009 Mercedes-Benz Mercedes-Benz ML350,silver,PETROL,MERCEDES-BENZ,MERCEDES-BENZ ML350,AUTOMATIC,238000,6500,NSW,2009
2020 Toyota 4Runner,grey,DIESEL,TOYOTA,4RUNNER,AUTOMATIC,25000,61500,NSW,2020
2006 Isuzu npr 300,white,DIESEL,ISUZU,NPR 300,MANUAL,654000,12500,NSW,2006
2006 Holden Crewman SS Thunder SS VZ ,blue,PETROL,HOLDEN,CREWMAN,MANUAL,183000,24880,NSW,2006
2012 Kia Rio,red,PETROL,KIA,RIO,AUTOMATIC,188000,7299,VIC,2012
2009 Mitsubishi Lancer,black,PETROL,MITSUBISHI,LANCER,AUTOMATIC,145517,9000,VIC,2009
2006 Nissan 2006 nissan x-trail t30 awd | sunroof | camping setup + sup & kayak | rego jun 2026,grey,PETROL,NISSAN,X-TRAIL,AUTOMATIC,216000,6500,NSW,2006
2007 Nissan Tiida,gold,PETROL,NISSAN,TIIDA,AUTOMATIC,185000,3500,WA,2007
1996 Toyota Landcruiser,grey,PETROL,TOYOTA,LANDCRUISER,AUTOMATIC,576,42000,NSW,1996
2014 Toyota Hilux SR 4WD turbo diesel,white,DIESEL,TOYOTA,HILUX,AUTOMATIC,215000,27500,NSW,2014
2013 Honda Civic,blue,PETROL,HONDA,CIVIC,AUTOMATIC,144000,8500,VIC,2013
2014 Kia Sportage,white,PETROL,KIA,SPORTAGE,AUTOMATIC,136547,13100,WA,2014
2012 Toyota Landcruiser Prado,white,DIESEL,TOYOTA,LANDCRUISER,AUTOMATIC,232000,27000,QLD,2012
2022 Mazda cx-30,white,PETROL,MAZDA,CX-30,AUTOMATIC,57000,27500,QLD,2022
2006 HINO dutro,white,DIESEL,HINO,DUTRO,MANUAL,132000,27800,SA,2006
1985 Toyota Landcruiser HJ60,silver,DIESEL,TOYOTA,LANDCRUISER,MANUAL,280000,42000,QLD,1985
2012 Nissan Navara,white,DIESEL,NISSAN,NAVARA,MANUAL,152000,16500,QLD,2012
2005 Hyundai Getz,yellow,PETROL,HYUNDAI,GETZ,AUTOMATIC,130000,5990,QLD,2005
2016 Hyundai Accent,yellow,PETROL,HYUNDAI,ACCENT,AUTOMATIC,72000,15000,QLD,2016
2012 Toyota Hilux,grey,DIESEL,TOYOTA,HILUX,MANUAL,205000,41000,QLD,2012
2010 Volkswagen TIGUAN 147 TSI 5N AUTO AWD,blue,PETROL,VOLKSWAGEN,TIGUAN,AUTOMATIC,174000,9999,SA,2010
2009 Nissan Navara,blue,DIESEL,NISSAN,NAVARA,AUTOMATIC,12345,12345,QLD,2009
2003 Toyota Camry,gold,PETROL,TOYOTA,CAMRY,AUTOMATIC,250000,5400,QLD,2003
2016 Volkswagen Jetta,red,PETROL,VOLKSWAGEN,JETTA,AUTOMATIC,188000,10000,QLD,2016
2017 Mazda BT-50,white,DIESEL,MAZDA,BT-50,MANUAL,170000,16000,QLD,2017
2012 Hyundai Veloster,blue,OTHER,HYUNDAI,VELOSTER,MANUAL,115000,7000,QLD,2012
2018 Mazda CX-5,blue,PETROL,MAZDA,CX-5,AUTOMATIC,47000,19499,QLD,2018
1999 Toyota Landcruiser,white,DIESEL,TOYOTA,LANDCRUISER,MANUAL,442200,14000,QLD,1999
2018 Nissan Pathfinder,white,PETROL,NISSAN,PATHFINDER,AUTOMATIC,123000,17350,QLD,2018
2010 Subaru Impreza WRX MY11,black,PETROL,SUBARU,IMPREZA,MANUAL,185012,19995,QLD,2010
2004 Honda Civic,silver,PETROL,HONDA,CIVIC,AUTOMATIC,223390,4000,SA,2004
2013 Mercedes-Benz Mercedes-Benz 250SE,black,OTHER,MERCEDES-BENZ,MERCEDES-BENZ 250SE,AUTOMATIC,171300,16950,SA,2013
2007 Mazda CX-7,black,PETROL,MAZDA,CX-7,AUTOMATIC,212000,4000,SA,2007
2008 Nissan Navara,red,DIESEL,NISSAN,NAVARA,MANUAL,230000,9600,QLD,2008
2019 Honda Civic,white,OTHER,HONDA,CIVIC,AUTOMATIC,89000,20999,QLD,2019
1998 Holden Commodore,white,PETROL,HOLDEN,COMMODORE,AUTOMATIC,400000,6000,SA,1998
2016 Holden Cruze,blue,PETROL,HOLDEN,CRUZE,AUTOMATIC,82000,8500,SA,2016
2004 Kia Kia Pregio,white,DIESEL,KIA,KIA PREGIO,MANUAL,330223,4999,SA,2004
2001 Ford Falcon,silver,OTHER,FORD,FALCON,AUTOMATIC,123456,3250,SA,2001
2013 Ford Focus Ambiente LW MKII,blue,PETROL,FORD,FOCUS,AUTOMATIC,257087,7980,WA,2013
2000 Toyota Landcruiser Prado,black,DIESEL,TOYOTA,LANDCRUISER,MANUAL,542000,5800,SA,2000
2010 Subaru Impreza WRX G3,blue,PETROL,SUBARU,IMPREZA,MANUAL,171419,22980,WA,2010
2020 Ford Everest Sport UA II 3.2L,white,DIESEL,FORD,EVEREST,AUTOMATIC,298922,24980,WA,2020
2015 Hyundai i20,grey,PETROL,HYUNDAI,I20,AUTOMATIC,99000,12900,VIC,2015
2009 Nissan Navara,white,DIESEL,NISSAN,NAVARA,MANUAL,294000,9150,NSW,2009
2015 Holden Cruze ,blue,OTHER,HOLDEN,CRUZE,AUTOMATIC,123456,5999,WA,2015
2003 Nissan Pulsar,black,PETROL,NISSAN,PULSAR,AUTOMATIC,187000,3900,WA,2003
2009 Toyota Hilux,white,DIESEL,TOYOTA,HILUX,AUTOMATIC,280810,20000,NSW,2009
2016 Nissan Navara,white,DIESEL,NISSAN,NAVARA,AUTOMATIC,170000,14500,VIC,2016
1994 Toyota Landcruiser,blue,PETROL,TOYOTA,LANDCRUISER,AUTOMATIC,321928,8499,QLD,1994
2016 Volkswagen  AMAROK ,blue,DIESEL,VOLKSWAGEN,AMAROK,AUTOMATIC,166878,18900,WA,2016
2016 Toyota Landcruiser VX Auto 4x4,white,DIESEL,TOYOTA,LANDCRUISER,AUTOMATIC,169265,87999,WA,2016
2016 Hyundai Accent,red,PETROL,HYUNDAI,ACCENT,AUTOMATIC,160000,8500,QLD,2016
2006 Holden Barina,blue,PETROL,HOLDEN,BARINA,MANUAL,124000,3600,QLD,2006
2019 Toyota Landcruiser VX Auto 4x4,white,DIESEL,TOYOTA,LANDCRUISER,AUTOMATIC,141900,98888,WA,2019
1963 Holden EH,gold,PETROL,HOLDEN,EH,MANUAL,83289,39888,VIC,1963
1980 Toyota Landcruiser,beige,DIESEL,TOYOTA,LANDCRUISER,MANUAL,11000,49750,QLD,1980
2009 Nissan Micra,purple,PETROL,NISSAN,MICRA,AUTOMATIC,8700,7999,WA,2009
2015 Suzuki Swift,white,PETROL,SUZUKI,SWIFT,AUTOMATIC,138000,9000,QLD,2015
2010 Volkswagen Golf,red,OTHER,VOLKSWAGEN,GOLF,AUTOMATIC,190000,10000,NSW,2010
2017 Toyota kluger,black,PETROL,TOYOTA,KLUGER,AUTOMATIC,134804,27300,NSW,2017
2007 Toyota Camry Ateva,blue,PETROL,TOYOTA,CAMRY,AUTOMATIC,174937,4950,NSW,2007
2017 Nissan X-Trail,black,PETROL,NISSAN,X-TRAIL,AUTOMATIC,212000,9000,NSW,2017
2010 Hyundai i20,blue,OTHER,HYUNDAI,I20,AUTOMATIC,66250,10500,NSW,2010
2016 Mitsubishi ASX,black,OTHER,MITSUBISHI,ASX,AUTOMATIC,145000,12500,NSW,2016
2023 Mercedes-Benz other,black,PETROL,MERCEDES-BENZ,OTHER,AUTOMATIC,24717,66000,NSW,2023
2019 BMW x5 m50i,blue,PETROL,BMW,M5,AUTOMATIC,83700,69500,NSW,2019
2010 Ford Falcon,silver,PETROL,FORD,FALCON,AUTOMATIC,213600,7000,NSW,2010
2017 Ford Ranger,white,DIESEL,FORD,RANGER,AUTOMATIC,164000,25800,NSW,2017
2022 Hyundai i30,grey,PETROL,HYUNDAI,I30,AUTOMATIC,50000,41000,NSW,2022
2016 Mercedes-Benz s400h,white,HYBRID,MERCEDES-BENZ,S400H,AUTOMATIC,76000,40500,NSW,2016
2008 Hyundai i30,silver,DIESEL,HYUNDAI,I30,MANUAL,137887,5000,NSW,2008
2006 BMW 530i m sport,blue,OTHER,BMW,530I M SPORT,AUTOMATIC,144000,12999,NSW,2006
2009 Toyota Tarago Ultima,silver,OTHER,TOYOTA,TARAGO ULTIMA,AUTOMATIC,191000,13200,NSW,2009
2012 Jeep Cherokee,green,PETROL,JEEP,CHEROKEE,AUTOMATIC,117486,7999,NSW,2012
2004 Volkswagen Beetle,orange,OTHER,VOLKSWAGEN,BEETLE,AUTOMATIC,160000,2500,NSW,2004
2019 Hyundai i30,red,PETROL,HYUNDAI,I30,MANUAL,39682,36995,NSW,2019
2000 Ford Fairmont,blue,PETROL,FORD,FAIRMONT,MANUAL,270000,3000,NSW,2000
2021 LDV T60,white,DIESEL,LDV,T60,AUTOMATIC,135000,17800,NSW,2021
2013 Suzuki Jimny,white,PETROL,SUZUKI,JIMNY,MANUAL,73585,23990,WA,2013
2012 Škoda Yeti,white,PETROL,ŠKODA,YETI,MANUAL,164000,7500,WA,2012
2020 Nissan Navara,white,DIESEL,NISSAN,NAVARA,MANUAL,64800,45000,WA,2020
2020 Mitsubishi Pajero,white,DIESEL,MITSUBISHI,PAJERO,AUTOMATIC,67297,38900,WA,2020
2009 Holden Holden Colorado,grey,OTHER,HOLDEN,COLORADO,AUTOMATIC,220000,4000,WA,2009
2012 Isuzu D-Max,grey,DIESEL,ISUZU,D-MAX,AUTOMATIC,228000,16000,WA,2012
1997 Toyota Landcruiser,white,DIESEL,TOYOTA,LANDCRUISER,MANUAL,101000,31500,WA,1997
2014 Mercedes-Benz CLA250,white,PETROL,MERCEDES-BENZ,A-CLASS,AUTOMATIC,179000,20500,WA,2014
2000 Nissan Pathfinder,white,PETROL,NISSAN,PATHFINDER,AUTOMATIC,258000,2950,WA,2000
2018 Volkswagen Amarok,grey,DIESEL,VOLKSWAGEN,AMAROK,AUTOMATIC,126150,20000,WA,2018
2017 Volvo V60 ,grey,DIESEL,VOLVO,V60,AUTOMATIC,66400,17000,WA,2017
2010 BMW 330D,black,DIESEL,BMW,SERIES 3,AUTOMATIC,240000,10900,WA,2010
2020 Isuzu MU-X,white,DIESEL,ISUZU,MU-X,AUTOMATIC,104000,42500,WA,2020
2008 Hyundai i30,silver,DIESEL,HYUNDAI,I30,AUTOMATIC,388158,4500,WA,2008
2014 Ford Focus,grey,PETROL,FORD,FOCUS,AUTOMATIC,189481,5000,VIC,2014
2000 Ford Laser,silver,PETROL,FORD,LASER,MANUAL,304000,3200,VIC,2000
2022 Jeep Compass,grey,PETROL,JEEP,COMPASS,AUTOMATIC,43000,22500,VIC,2022
2008 Nissan Navara,grey,DIESEL,NISSAN,NAVARA,AUTOMATIC,234000,3200,VIC,2008
2012 Hyundai i45,silver,PETROL,HYUNDAI,I45,AUTOMATIC,207523,8500,VIC,2012
2024 Toyota Landcruiser,charcoal,DIESEL,TOYOTA,LANDCRUISER,MANUAL,7500,114990,VIC,2024
2015 Nissan CUBE Z12 Welcab,silver,PETROL,NISSAN,CUBE,AUTOMATIC,40247,17990,WA,2015
2014 Mazda BT-50,grey,DIESEL,MAZDA,BT-50,AUTOMATIC,217234,12000,VIC,2014
2010 Hyundai i30,silver,PETROL,HYUNDAI,I30,AUTOMATIC,211288,6990,VIC,2010
2018 Ford Ranger Wildtrak,white,DIESEL,FORD,RANGER,AUTOMATIC,323000,23900,VIC,2018
2015 LDV G10,silver,PETROL,LDV,G10,AUTOMATIC,130000,4000,VIC,2015
2011 BMW X6,black,DIESEL,BMW,X6,AUTOMATIC,170000,15300,VIC,2011
2007 Toyota Camry,white,PETROL,TOYOTA,CAMRY,AUTOMATIC,150000,7500,VIC,2007
2025 Haval h6,white,HYBRID,HAVAL,H6,AUTOMATIC,21425,35800,VIC,2025
2011 Hyundai i45,silver,OTHER,HYUNDAI,I45,AUTOMATIC,137152,8500,SA,2011
2022 Isuzu nlr 45/150,grey,DIESEL,ISUZU,NLR 45/150,AUTOMATIC,48000,55000,VIC,2022
2024 Ford Everest Ambiente 4x4,grey,DIESEL,FORD,EVEREST,AUTOMATIC,28000,59990,SA,2024
2006 Toyota Aurion,blue,PETROL,TOYOTA,AURION,AUTOMATIC,275000,5600,SA,2006
1990 Toyota Landcruiser,black,DIESEL,TOYOTA,LANDCRUISER,MANUAL,999,5000,SA,1990
2013 Holden Commodore,white,PETROL,HOLDEN,COMMODORE,AUTOMATIC,184568,13500,SA,2013
2011 Ford Falcon,white,OTHER,FORD,FALCON,AUTOMATIC,180000,15000,SA,2011
1990 Toyota Landcruiser,white,DIESEL,TOYOTA,LANDCRUISER,MANUAL,400000,10000,SA,1990
2015 FIAT Freemont,black,PETROL,FIAT,FREEMONT,AUTOMATIC,260000,6500,SA,2015
1999 Land Rover Discovery,silver,DIESEL,LAND-ROVER,DISCOVERY,AUTOMATIC,489000,4500,SA,1999
2022 Ford Ranger,silver,DIESEL,FORD,RANGER,AUTOMATIC,99000,50000,SA,2022
2017 Mercedes-Benz Glc250d,white,DIESEL,MERCEDES-BENZ,C-CLASS,AUTOMATIC,220000,26000,SA,2017
1973 Ford Falcon,red,PETROL,FORD,FALCON,AUTOMATIC,200000,55000,SA,1973
2016 Mitsubishi pajero sport,white,DIESEL,MITSUBISHI,PAJERO SPORT,AUTOMATIC,148500,27890,SA,2016
2012 Volkswagen Amarok,white,DIESEL,VOLKSWAGEN,AMAROK,AUTOMATIC,310000,7500,SA,2012
2005 Ford Fairlane,silver,PETROL,FORD,FAIRLANE,AUTOMATIC,90000,11500,QLD,2005
2013 Ford Focus,white,PETROL,FORD,FOCUS,AUTOMATIC,160213,5650,QLD,2013
2022 Toyota RAV4,charcoal,PETROL,TOYOTA,RAV4,AUTOMATIC,59800,47000,QLD,2022
2008 Toyota Hiace,white,PETROL,TOYOTA,HIACE,AUTOMATIC,320000,30000,QLD,2008
2011 Volkswagen Polo,blue,PETROL,VOLKSWAGEN,POLO,AUTOMATIC,179000,8500,QLD,2011
2012 Ford Ranger,white,DIESEL,FORD,RANGER,AUTOMATIC,211000,11999,QLD,2012
1988 Nissan Navara,white,DIESEL,NISSAN,NAVARA,MANUAL,285000,2750,QLD,1988
2021 Mitsubishi ASX,white,PETROL,MITSUBISHI,ASX,AUTOMATIC,83067,19900,QLD,2021
2010 Ford Territory,grey,PETROL,FORD,TERRITORY,AUTOMATIC,178900,5250,QLD,2010
2017 Audi A1,white,PETROL,AUDI,A1,AUTOMATIC,121000,13500,QLD,2017
2019 Toyota Landcruiser 200,white,DIESEL,TOYOTA,LANDCRUISER,AUTOMATIC,120000,96500,QLD,2019
2020 Great Wall Cannon,white,DIESEL,GWM,CANNON,AUTOMATIC,64000,23200,QLD,2020
2012 Mercedes-Benz a250 sport,white,PETROL,MERCEDES-BENZ,A250 SPORT,AUTOMATIC,240000,11000,QLD,2012
2021 Land Rover Discovery Sport,blue,PETROL,LAND-ROVER,DISCOVERY SPORT,AUTOMATIC,68000,29990,QLD,2021
2004 Ford Courier,white,PETROL,FORD,COURIER,MANUAL,97000,6000,SA,2004
2009 Audi A4,silver,PETROL,AUDI,A4,AUTOMATIC,230000,5000,SA,2009
1997 Toyota Camry,red,PETROL,TOYOTA,CAMRY,AUTOMATIC,185050,2800,SA,1997
2015 Holden Astra,black,PETROL,HOLDEN,ASTRA,AUTOMATIC,98800,9750,SA,2015
2011 BMW X1,black,PETROL,BMW,X1,AUTOMATIC,130800,9500,NSW,2011
2019 Toyota Camry,white,PETROL,TOYOTA,CAMRY,AUTOMATIC,213200,16999,NSW,2019
1990 Toyota Landcruiser,blue,PETROL,TOYOTA,LANDCRUISER,AUTOMATIC,390000,7000,WA,1990
2017 Porsche Macan,silver,OTHER,PORSCHE,MACAN,AUTOMATIC,172000,49500,NSW,2017
2017 Subaru Impreza,white,PETROL,SUBARU,IMPREZA,AUTOMATIC,230958,9999,NSW,2017
2016 Volkswagen Golf,silver,PETROL,VOLKSWAGEN,GOLF,AUTOMATIC,136600,13900,NSW,2016
2011 Ford Focus,grey,OTHER,FORD,FOCUS,AUTOMATIC,122000,4600,NSW,2011
2011 Toyota kluger,black,PETROL,TOYOTA,KLUGER,AUTOMATIC,156000,14800,NSW,2011
2015 Kia Sportage,grey,PETROL,KIA,SPORTAGE,AUTOMATIC,185000,11500,NSW,2015
2010 Kia Carnival,white,PETROL,KIA,CARNIVAL,AUTOMATIC,169850,4000,NSW,2010
2018 Ford Mustang,white,PETROL,FORD,MUSTANG,AUTOMATIC,49670,51000,NSW,2018
2020 Toyota C-HR,white,PETROL,TOYOTA,C-HR,AUTOMATIC,100000,29000,NSW,2020
2017 Toyota Landcruiser Prado,silver,DIESEL,TOYOTA,LANDCRUISER,AUTOMATIC,330000,35000,NSW,2017
2010 Audi A4,grey,PETROL,AUDI,A4,AUTOMATIC,85900,8000,NSW,2010
2011 Nissan Murano,black,PETROL,NISSAN,MURANO,AUTOMATIC,273000,7900,NSW,2011
2009 Honda Odyssey,white,PETROL,HONDA,ODYSSEY,AUTOMATIC,288000,6500,NSW,2009
2012 Subaru WRX,white,OTHER,SUBARU,WRX,MANUAL,115476,25000,NSW,2012
2016 Hyundai i30,blue,PETROL,HYUNDAI,I30,AUTOMATIC,185927,10500,WA,2016
2017 Hyundai i40,white,DIESEL,HYUNDAI,I40,AUTOMATIC,280000,7000,NSW,2017
2008 Toyota Yaris,black,PETROL,TOYOTA,YARIS,AUTOMATIC,267000,3500,WA,2008
2010 Holden Commodore,black,PETROL,HOLDEN,COMMODORE,MANUAL,192000,14000,WA,2010
2012 BMW 328i luxury line,black,OTHER,BMW,328I LUXURY LINE,AUTOMATIC,169000,13499,WA,2012
2017 Toyota Toyota Vitz,black,HYBRID,TOYOTA,TOYOTA VITZ,AUTOMATIC,96500,15200,WA,2017
2007 Kia Cerato,white,PETROL,KIA,CERATO,AUTOMATIC,70968,9000,WA,2007
2024 Honda zr-v,black,PETROL,HONDA,ZR-V,AUTOMATIC,18850,26000,QLD,2024
2008 Honda Accord,black,PETROL,HONDA,ACCORD,AUTOMATIC,109000,10700,WA,2008
1986 Ford F-350,blue,DIESEL,FORD,F-350,MANUAL,100000,39000,WA,1986
2016 Mitsubishi ASX,black,PETROL,MITSUBISHI,ASX,AUTOMATIC,163000,12000,WA,2016
2021 Toyota Landcruiser,white,DIESEL,TOYOTA,LANDCRUISER,MANUAL,720000,110000,WA,2021
2016 Kia Cerato,white,PETROL,KIA,CERATO,AUTOMATIC,80286,13500,VIC,2016
2015 Honda CR-V,white,PETROL,HONDA,CR-V,AUTOMATIC,178000,15000,WA,2015
2016 Toyota Yaris,white,PETROL,TOYOTA,YARIS,AUTOMATIC,173161,13999,VIC,2016
2014 Nissan Navara,white,DIESEL,NISSAN,NAVARA,AUTOMATIC,240000,17500,VIC,2014
2014 Subaru BRZ,blue,PETROL,SUBARU,BRZ,MANUAL,108000,23990,VIC,2014
2008 Honda Civic,purple,PETROL,HONDA,CIVIC,AUTOMATIC,189850,8200,VIC,2008
2007 Subaru Impreza,silver,OTHER,SUBARU,IMPREZA,MANUAL,217000,5200,WA,2007
2008 Toyota Crown,white,OTHER,TOYOTA,CROWN,AUTOMATIC,130000,15000,VIC,2008
2017 Holden Barina,grey,PETROL,HOLDEN,BARINA,AUTOMATIC,56333,12000,VIC,2017
2022 Jeep Wrangler Unlimited,black,PETROL,JEEP,WRANGLER,AUTOMATIC,34000,70000,VIC,2022
2012 Holden Ute,grey,OTHER,HOLDEN,UTE,AUTOMATIC,177000,17500,VIC,2012
2012 Ford Falcon,blue,OTHER,FORD,FALCON,AUTOMATIC,236500,8100,VIC,2012
2014 Holden Commodore,white,OTHER,HOLDEN,COMMODORE,AUTOMATIC,500,20000,VIC,2014
2002 Toyota Hilux,gold,DIESEL,TOYOTA,HILUX,MANUAL,412566,5000,QLD,2002
2018 Holden Commodore,white,PETROL,HOLDEN,COMMODORE,AUTOMATIC,185323,13000,VIC,2018
2016 Honda CR-V,white,PETROL,HONDA,CR-V,AUTOMATIC,99986,23890,QLD,2016
2012 Nissan Serena,black,PETROL,NISSAN,SERENA,AUTOMATIC,140000,10200,VIC,2012
2019 Ford Ranger XL Dual Cab Auto 4x4 Ute,white,DIESEL,FORD,RANGER,AUTOMATIC,251892,21970,QLD,2019
2021 Kia Cerato,blue,PETROL,KIA,CERATO,AUTOMATIC,60000,16500,QLD,2021
2021 Honda Accord,blue,OTHER,HONDA,ACCORD,AUTOMATIC,27000,39000,QLD,2021
2019 Jeep Wrangler 37km,blue,DIESEL,JEEP,WRANGLER,AUTOMATIC,37000,60000,QLD,2019
2017 Volkswagen Tiguan,white,DIESEL,VOLKSWAGEN,TIGUAN,AUTOMATIC,137000,19500,QLD,2017
2016 Audi A7,black,DIESEL,AUDI,A7,AUTOMATIC,105000,30200,QLD,2016
2020 Nissan Qashqai,black,PETROL,NISSAN,QASHQAI,AUTOMATIC,120257,16990,QLD,2020
2020 BMW X3,white,PETROL,BMW,X3,AUTOMATIC,84000,58000,QLD,2020
2003 Ford Fairmont,grey,PETROL,FORD,FAIRMONT,AUTOMATIC,252742,5500,QLD,2003
2011 Jeep Cherokee,black,PETROL,JEEP,CHEROKEE,AUTOMATIC,265374,5000,QLD,2011
2018 Toyota Landcruiser,white,DIESEL,TOYOTA,LANDCRUISER,MANUAL,117000,69900,QLD,2018
2019 Hyundai Tucson,silver,PETROL,HYUNDAI,TUCSON,AUTOMATIC,186000,15000,QLD,2019
2014 Kia Sorento,charcoal,DIESEL,KIA,SORENTO,AUTOMATIC,297670,9000,QLD,2014
2016 Mitsubishi ASX,black,OTHER,MITSUBISHI,ASX,AUTOMATIC,130000,12000,SA,2016
2009 Honda Odyssey,blue,OTHER,HONDA,ODYSSEY,AUTOMATIC,273000,6599,SA,2009
2006 BMW X3,blue,OTHER,BMW,X3,AUTOMATIC,20000,3000,QLD,2006
2014 Nissan Navara,black,DIESEL,NISSAN,NAVARA,AUTOMATIC,134800,22000,SA,2014
2011 Holden Commodore,grey,PETROL,HOLDEN,COMMODORE,AUTOMATIC,240000,8000,SA,2011
2008 Ford Falcon,blue,PETROL,FORD,FALCON,AUTOMATIC,480000,4700,QLD,2008
2001 Suzuki carry ute 4x4,white,PETROL,SUZUKI,CARRY,MANUAL,88000,12500,WA,2001
2016 BMW 330i,grey,PETROL,BMW,SERIES 3,AUTOMATIC,94283,32000,SA,2016
2005 Toyota Corolla,red,PETROL,TOYOTA,COROLLA,MANUAL,246000,3500,SA,2005
2007 Kia Carnival,white,PETROL,KIA,CARNIVAL,AUTOMATIC,268275,3700,SA,2007
1966 MINI Cooper,black,PETROL,MINI,COOPER,MANUAL,36000,55000,SA,1966
1969 Jaguar XJ,brown,OTHER,JAGUAR,XJ,AUTOMATIC,123456,5950,SA,1969
2012 Subaru XV,burgundy,PETROL,SUBARU,XV,MANUAL,180286,8500,SA,2012
2018 Mazda BT-50,white,DIESEL,MAZDA,BT-50,AUTOMATIC,193000,25000,SA,2018
2012 Audi Q5,black,DIESEL,AUDI,Q5,AUTOMATIC,99600,18300,VIC,2012
1980 Holden Holden Gemini,blue,PETROL,HOLDEN,GEMINI,MANUAL,20000,10500,VIC,1980
2025 Ford Everest Tremor,black,DIESEL,FORD,EVEREST,AUTOMATIC,300,84500,VIC,2025
1979 Ford Escort,brown,OTHER,FORD,ESCORT,MANUAL,70000,26000,VIC,1979
2007 Holden Commodore,silver,PETROL,HOLDEN,COMMODORE,AUTOMATIC,347000,3000,VIC,2007
2016 BMW X3,white,PETROL,BMW,X3,AUTOMATIC,89241,24990,VIC,2016
2012 Toyota Hilux,white,OTHER,TOYOTA,HILUX,MANUAL,72000,37000,WA,2012
2013 Ford Focus,black,PETROL,FORD,FOCUS,MANUAL,240000,8500,WA,2013
2012 Subaru sj/s4 forester,white,PETROL,SUBARU,FORESTER,AUTOMATIC,226000,9900,WA,2012
2016 Toyota hiace welcab - 10 seater,white,PETROL,TOYOTA,HIACE,AUTOMATIC,109062,47982,WA,2016
2005 Suzuki Swift,grey,PETROL,SUZUKI,SWIFT,AUTOMATIC,177000,5100,VIC,2005
2018 Volkswagen transporter tdi 340 swb low,black,DIESEL,VOLKSWAGEN,TRANSPORTER,AUTOMATIC,103000,29000,NSW,2018
2007 Volkswagen Golf,white,PETROL,VOLKSWAGEN,GOLF,MANUAL,104000,3200,NSW,2007
2023 Toyota Corolla,grey,PETROL,TOYOTA,COROLLA,AUTOMATIC,50000,28990,NSW,2023
2006 Nissan Elgrand,white,PETROL,NISSAN,ELGRAND,AUTOMATIC,187000,8000,NSW,2006
2005 Toyota Landcruiser,white,DIESEL,TOYOTA,LANDCRUISER,MANUAL,190000,15000,WA,2005
2015 Volkswagen Golf,silver,OTHER,VOLKSWAGEN,GOLF,AUTOMATIC,190000,8800,NSW,2015
2017 Ford Ranger,white,DIESEL,FORD,RANGER,AUTOMATIC,250000,13500,NSW,2017
2020 Nissan Navara,white,DIESEL,NISSAN,NAVARA,MANUAL,164000,23000,QLD,2020
2018 Renault megane rs 280,orange,PETROL,RENAULT,MEGANE,MANUAL,75000,26000,NSW,2018
2021 Toyota Corolla,white,PETROL,TOYOTA,COROLLA,AUTOMATIC,108000,24000,NSW,2021
2018 Land Rover discovery luxtury 7 seater,grey,DIESEL,LAND-ROVER,DISCOVERY,AUTOMATIC,124000,33900,SA,2018
2012 Audi A3,black,PETROL,AUDI,A3,AUTOMATIC,227823,5000,NSW,2012
2007 Mazda other,silver,PETROL,MAZDA,OTHER,MANUAL,230000,9000,NSW,2007
2007 Ford Focus,black,PETROL,FORD,FOCUS,AUTOMATIC,68000,6800,NSW,2007
2010 Holden Commodore,black,PETROL,HOLDEN,COMMODORE,MANUAL,112500,10500,NSW,2010
2009 Suzuki Swift,black,PETROL,SUZUKI,SWIFT,AUTOMATIC,81500,10000,NSW,2009
2019 MINI cooper s 5 door hatch,red,PETROL,MINI,COOPER,AUTOMATIC,24800,39500,NSW,2019
2012 Ford Focus,white,OTHER,FORD,FOCUS,AUTOMATIC,82000,3000,NSW,2012
2014 Audi A5,silver,PETROL,AUDI,A5,AUTOMATIC,176000,12500,SA,2014
2005 Honda Accord,grey,PETROL,HONDA,ACCORD,AUTOMATIC,302500,5250,SA,2005
2002 Ford Laser,silver,PETROL,FORD,LASER,MANUAL,282829,2800,SA,2002
2017 Ford Escape,white,PETROL,FORD,ESCAPE,AUTOMATIC,87762,18000,SA,2017
2006 Ford Falcon,silver,OTHER,FORD,FALCON,AUTOMATIC,283000,4000,SA,2006
2018 LDV D90 4x4 ,black,PETROL,LDV,D90,AUTOMATIC,71000,21500,NSW,2018
2012 Ford Fiesta,red,PETROL,FORD,FIESTA,MANUAL,80000,11000,SA,2012
2005 Ford Falcon,white,PETROL,FORD,FALCON,AUTOMATIC,394565,3500,SA,2005
2012 Mazda BT-50,black,DIESEL,MAZDA,BT-50,AUTOMATIC,256000,15000,SA,2012
2019 Renault Megane,red,PETROL,RENAULT,MEGANE,AUTOMATIC,160000,6500,NSW,2019
2014 Mazda CX-9,silver,PETROL,MAZDA,CX-9,AUTOMATIC,154000,14900,SA,2014
2010 Toyota Hilux,silver,DIESEL,TOYOTA,HILUX,MANUAL,437000,14900,SA,2010
2009 Holden Commodore,black,PETROL,HOLDEN,COMMODORE,AUTOMATIC,226000,16000,SA,2009
2023 BMW M340i Touring xDrive Lci,white,PETROL,BMW,M3,AUTOMATIC,60000,79980,SA,2023
2002 Toyota Landcruiser,white,PETROL,TOYOTA,LANDCRUISER,AUTOMATIC,280000,27500,SA,2002
2013 Mercedes-Benz A45,silver,PETROL,MERCEDES-BENZ,A-CLASS,AUTOMATIC,149000,28500,WA,2013
2015 Holden Astra VXR Coupe,white,PETROL,HOLDEN,ASTRA,MANUAL,147500,11000,WA,2015
2019 Mitsubishi Triton,white,DIESEL,MITSUBISHI,TRITON,AUTOMATIC,252700,22999,WA,2019
2009 Subaru WRX,blue,OTHER,SUBARU,WRX,MANUAL,180000,16500,SA,2009
2010 Mazda CX-7,grey,DIESEL,MAZDA,CX-7,MANUAL,203000,6190,WA,2010
2011 Nissan Navara,blue,DIESEL,NISSAN,NAVARA,AUTOMATIC,252000,9700,WA,2011
2018 Mercedes-Benz b-class,white,PETROL,MERCEDES-BENZ,B-CLASS,AUTOMATIC,113000,22000,WA,2018
2004 Daihatsu sirion gtvi,red,PETROL,DAIHATSU,SIRION,MANUAL,241000,12345,WA,2004
2013 Jeep cherokee limited,grey,PETROL,JEEP,CHEROKEE,AUTOMATIC,200000,10999,WA,2013
2021 Toyota Yaris Hybrid AWD,grey,HYBRID,TOYOTA,YARIS,AUTOMATIC,121000,19990,WA,2021
2004 Toyota Corolla,white,PETROL,TOYOTA,COROLLA,MANUAL,340000,3000,SA,2004
2015 Toyota Landcruiser 200,silver,DIESEL,TOYOTA,LANDCRUISER,AUTOMATIC,97000,85000,QLD,2015
2015 Mazda CX-5,silver,PETROL,MAZDA,CX-5,MANUAL,194199,9999,WA,2015
2014 Honda Odyssey,silver,PETROL,HONDA,ODYSSEY,AUTOMATIC,126485,16900,WA,2014
2012 Holden Holden Colorado,silver,DIESEL,HOLDEN,COLORADO,MANUAL,344488,16000,QLD,2012
2003 Ford Falcon,white,PETROL,FORD,FALCON,AUTOMATIC,210000,4500,QLD,2003
2023 Mitsubishi Outlander,grey,PETROL,MITSUBISHI,OUTLANDER,AUTOMATIC,65000,38000,QLD,2023
2017 Mitsubishi Triton Exceed,white,DIESEL,MITSUBISHI,TRITON,AUTOMATIC,235000,21500,QLD,2017
1999 Ford Falcon,blue,PETROL,FORD,FALCON,MANUAL,240000,4000,QLD,1999
2019 Renault Megane,red,PETROL,RENAULT,MEGANE,MANUAL,59000,34500,QLD,2019
2016 Toyota Landcruiser Prado,grey,DIESEL,TOYOTA,LANDCRUISER,AUTOMATIC,216752,39000,WA,2016
2013 Volkswagen Golf,white,PETROL,VOLKSWAGEN,GOLF,AUTOMATIC,130000,6000,QLD,2013
2015 Hyundai Ix35,white,OTHER,HYUNDAI,IX35,AUTOMATIC,131000,10999,QLD,2015
2013 Toyota Camry,silver,PETROL,TOYOTA,CAMRY,AUTOMATIC,305000,8500,QLD,2013
2011 Holden Commodore,black,PETROL,HOLDEN,COMMODORE,MANUAL,225000,40000,QLD,2011
2015 Kia Cerato,red,OTHER,KIA,CERATO,AUTOMATIC,149000,9900,QLD,2015
1984 Holden Holden One Tonner,white,PETROL,HOLDEN,HOLDEN ONE TONNER,AUTOMATIC,123456,15000,VIC,1984
1995 Honda Civic,white,PETROL,HONDA,CIVIC,MANUAL,1234,11000,QLD,1995
1999 Holden Commodore,blue,OTHER,HOLDEN,COMMODORE,AUTOMATIC,300000,4300,QLD,1999
2009 Holden Commodore,black,OTHER,HOLDEN,COMMODORE,MANUAL,212000,10750,VIC,2009
2012 Ford Ranger,white,DIESEL,FORD,RANGER,AUTOMATIC,165000,11000,VIC,2012
2018 Mercedes-Benz Vito,white,DIESEL,MERCEDES-BENZ,VITO,AUTOMATIC,180000,24000,VIC,2018
2014 Mitsubishi Lancer,blue,PETROL,MITSUBISHI,LANCER,AUTOMATIC,201000,7000,VIC,2014
2010 Volkswagen Golf,silver,DIESEL,VOLKSWAGEN,GOLF,AUTOMATIC,148000,6500,VIC,2010
2012 Volkswagen Golf,silver,PETROL,VOLKSWAGEN,GOLF,AUTOMATIC,199000,6750,QLD,2012
2015 Nissan X-Trail,white,PETROL,NISSAN,X-TRAIL,AUTOMATIC,166902,17990,VIC,2015
2013 Audi A5,silver,DIESEL,AUDI,A5,AUTOMATIC,215000,12000,VIC,2013
2013 Ford Ranger,blue,DIESEL,FORD,RANGER,MANUAL,322965,10500,VIC,2013
2014 Toyota Prius,silver,HYBRID,TOYOTA,PRIUS,AUTOMATIC,283000,12500,VIC,2014
2019 Volkswagen Caddy,white,DIESEL,VOLKSWAGEN,CADDY,AUTOMATIC,139000,23500,VIC,2019
2013 Ford Focus,silver,PETROL,FORD,FOCUS,AUTOMATIC,80846,14990,VIC,2013
2012 Toyota Hilux,black,DIESEL,TOYOTA,HILUX,AUTOMATIC,276000,25000,VIC,2012
2008 Toyota Hilux,white,DIESEL,TOYOTA,HILUX,MANUAL,235000,16200,QLD,2008
2017 Nissan Pathfinder ST,black,PETROL,NISSAN,PATHFINDER,AUTOMATIC,175666,16990,QLD,2017
2012 Mitsubishi Lancer,silver,PETROL,MITSUBISHI,LANCER,AUTOMATIC,133000,12500,QLD,2012
2008 Audi A4,blue,DIESEL,AUDI,A4,AUTOMATIC,209000,12999,QLD,2008
2011 Ford Ranger,white,DIESEL,FORD,RANGER,MANUAL,241000,6500,QLD,2011
2003 Nissan 350GT,red,OTHER,NISSAN,350GT,AUTOMATIC,190000,6000,QLD,2003
2011 Toyota Hilux,white,DIESEL,TOYOTA,HILUX,MANUAL,280000,26000,QLD,2011
2010 Holden Holden Colorado,black,DIESEL,HOLDEN,COLORADO,MANUAL,320000,17000,QLD,2010
2021 Porsche Macan,grey,PETROL,PORSCHE,MACAN,AUTOMATIC,78592,69500,QLD,2021
2015 MINI Cooper,red,PETROL,MINI,COOPER,AUTOMATIC,137000,16000,VIC,2015
2017 Mazda CX-5,red,PETROL,MAZDA,CX-5,AUTOMATIC,201168,19500,VIC,2017
2010 Ford Falcon,silver,PETROL,FORD,FALCON,MANUAL,209000,13000,SA,2010
2008 Mazda BT-50,white,DIESEL,MAZDA,BT-50,MANUAL,326500,6000,SA,2008
2008 Ford Focus,orange,PETROL,FORD,FOCUS,MANUAL,167000,8000,NSW,2008
2012 Toyota Landcruiser 200,white,DIESEL,TOYOTA,LANDCRUISER,AUTOMATIC,183000,68500,NSW,2012
2017 Honda Civic,black,PETROL,HONDA,CIVIC,AUTOMATIC,72000,20999,NSW,2017
2011 Lexus Lexus IS 250,white,PETROL,LEXUS,IS,AUTOMATIC,165000,14000,NSW,2011
2014 Toyota Camry,white,PETROL,TOYOTA,CAMRY,AUTOMATIC,245000,9500,NSW,2014
2008 Ford Fiesta,blue,PETROL,FORD,FIESTA,AUTOMATIC,15700,4800,NSW,2008
2023 Ford mustang gt/cs,grey,OTHER,FORD,MUSTANG,MANUAL,20500,70800,NSW,2023
2012 Ford Fiesta,silver,PETROL,FORD,FIESTA,AUTOMATIC,202891,3000,NSW,2012
2009 Hyundai Getz,black,PETROL,HYUNDAI,GETZ,AUTOMATIC,256000,3200,NSW,2009
2023 Ford Ranger wildtrak,white,DIESEL,FORD,RANGER,AUTOMATIC,39000,63999,NSW,2023
2016 Hyundai Hyundai iLOAD,white,DIESEL,HYUNDAI,ILOAD,AUTOMATIC,437000,7500,NSW,2016
2004 Honda Accord,gold,PETROL,HONDA,ACCORD,AUTOMATIC,153650,4900,NSW,2004
2022 Toyota RAV4,silver,HYBRID,TOYOTA,RAV4,AUTOMATIC,30000,42000,SA,2022
2016 Mitsubishi ASX,red,PETROL,MITSUBISHI,ASX,AUTOMATIC,155500,13900,NSW,2016
2021 BMW m3 competition,green,OTHER,BMW,M3,AUTOMATIC,15050,132990,NSW,2021
2013 Audi Q7,black,DIESEL,AUDI,Q7,AUTOMATIC,50000,27500,NSW,2013
2004 Toyota Corolla,burgundy,PETROL,TOYOTA,COROLLA,AUTOMATIC,322212,4999,SA,2004
2011 Hyundai i30,blue,PETROL,HYUNDAI,I30,AUTOMATIC,175060,4500,WA,2011
2011 Nissan Patrol,white,DIESEL,NISSAN,PATROL,MANUAL,235916,32000,WA,2011
2000 Nissan Pulsar,grey,PETROL,NISSAN,PULSAR,AUTOMATIC,160000,3500,NSW,2000
2016 Mitsubishi ASX,grey,DIESEL,MITSUBISHI,ASX,AUTOMATIC,222500,11500,SA,2016
1998 Toyota Landcruiser Prado,silver,OTHER,TOYOTA,LANDCRUISER,AUTOMATIC,312000,7999,SA,1998
2015 Holden Captiva,black,DIESEL,HOLDEN,CAPTIVA,AUTOMATIC,200000,12345,SA,2015
2003 Toyota Landcruiser Prado,white,DIESEL,TOYOTA,LANDCRUISER,AUTOMATIC,365000,12490,SA,2003
2018 Nissan Qashqai,white,PETROL,NISSAN,QASHQAI,AUTOMATIC,108000,17500,SA,2018
2015 Kia Cerato,black,PETROL,KIA,CERATO,AUTOMATIC,158000,9000,SA,2015
2006 Holden ss thunder crewman,white,PETROL,HOLDEN,CREWMAN,AUTOMATIC,324000,14000,SA,2006
2008 Holden Commodore,silver,PETROL,HOLDEN,COMMODORE,MANUAL,220000,16000,VIC,2008
2012 FIAT Ducato,white,DIESEL,FIAT,DUCATO,AUTOMATIC,440000,4500,VIC,2012
2009 Honda Civic,blue,PETROL,HONDA,CIVIC,MANUAL,312265,4000,VIC,2009
2016 Nissan JUKE,grey,PETROL,NISSAN,JUKE,AUTOMATIC,135000,12500,VIC,2016
2004 Jeep Wrangler,gold,PETROL,JEEP,WRANGLER,MANUAL,104000,14000,VIC,2004
2013 Holden Commodore,blue,PETROL,HOLDEN,COMMODORE,MANUAL,115000,16000,VIC,2013
2012 Holden Captiva,white,PETROL,HOLDEN,CAPTIVA,AUTOMATIC,202735,6000,VIC,2012
2010 Toyota Hilux,white,DIESEL,TOYOTA,HILUX,MANUAL,270000,17000,VIC,2010
2005 Holden Commodore,black,PETROL,HOLDEN,COMMODORE,AUTOMATIC,200000,7000,VIC,2005
2014 Hyundai i30,silver,PETROL,HYUNDAI,I30,AUTOMATIC,72220,14000,VIC,2014
2009 Audi Q5,grey,OTHER,AUDI,Q5,AUTOMATIC,184000,6800,VIC,2009
2008 Honda Accord 🤘,white,OTHER,HONDA,ACCORD,AUTOMATIC,144289,11990,VIC,2008
2004 Mitsubishi Outlander,silver,PETROL,MITSUBISHI,OUTLANDER,AUTOMATIC,246578,4000,VIC,2004
2016 Holden rg colorado,white,DIESEL,HOLDEN,COLORADO,AUTOMATIC,200000,25000,WA,2016
1988 Holden Commodore,white,PETROL,HOLDEN,COMMODORE,AUTOMATIC,200000,20000,WA,1988
2018 BMW x4 35d twin turbo,blue,DIESEL,BMW,X4,AUTOMATIC,93000,45800,WA,2018
2018 Toyota C-HR,black,PETROL,TOYOTA,C-HR,AUTOMATIC,500,25000,VIC,2018
2014 Mazda CX-9,black,PETROL,MAZDA,CX-9,AUTOMATIC,156000,12999,WA,2014
2009 Toyota Camry,blue,PETROL,TOYOTA,CAMRY,AUTOMATIC,275000,5000,WA,2009
2008 Holden Rodeo,black,OTHER,HOLDEN,RODEO,MANUAL,350000,10200,WA,2008
2005 Hyundai Tiburon,yellow,DIESEL,HYUNDAI,TIBURON,MANUAL,108000,11500,WA,2005
2007 Nissan Pathfinder,blue,DIESEL,NISSAN,PATHFINDER,AUTOMATIC,363000,11111,WA,2007
2021 Mitsubishi triton mr my22 glx ute doub 4dr,white,DIESEL,MITSUBISHI,TRITON,AUTOMATIC,165119,28990,WA,2021
1991 Nissan Patrol GQ,blue,PETROL,NISSAN,PATROL,MANUAL,313182,10000,WA,1991
2014 Jeep Grand Cherokee,black,PETROL,JEEP,GRAND CHEROKEE,AUTOMATIC,162000,11300,WA,2014
2016 Hyundai Sonata,white,PETROL,HYUNDAI,SONATA,AUTOMATIC,218000,8500,WA,2016
2012 Holden Holden Coupe,black,PETROL,HOLDEN,HOLDEN COUPE,MANUAL,99714,8000,WA,2012
2001 Mitsubishi lancer evolution vii,white,PETROL,MITSUBISHI,LANCER,MANUAL,161824,59888,WA,2001
2015 Nissan Pathfinder,silver,PETROL,NISSAN,PATHFINDER,AUTOMATIC,229000,10500,WA,2015
2022 Mercedes-Benz glc 63 s 4matic+ coupe,black,PETROL,MERCEDES-BENZ,GLC,AUTOMATIC,26000,170000,QLD,2022
1992 Ford Falcon,black,OTHER,FORD,FALCON,MANUAL,999999,6000,WA,1992
2008 Audi A4,silver,OTHER,AUDI,A4,AUTOMATIC,140000,9000,QLD,2008
2008 Toyota Camry,silver,PETROL,TOYOTA,CAMRY,AUTOMATIC,245955,5500,WA,2008
2013 Nissan Navara,white,DIESEL,NISSAN,NAVARA,MANUAL,138000,4500,QLD,2013
2015 Toyota Hilux,silver,DIESEL,TOYOTA,HILUX,AUTOMATIC,195000,29999,QLD,2015
2006 Holden Rodeo,white,DIESEL,HOLDEN,RODEO,MANUAL,260000,2800,QLD,2006
2021 Lexus Lexus NX 300h,white,HYBRID,LEXUS,NX,AUTOMATIC,98640,45000,QLD,2021
2011 Hyundai Santa Fe,green,DIESEL,HYUNDAI,SANTA FE,AUTOMATIC,232799,7250,QLD,2011
2008 Holden Commodore VZ ,white,PETROL,HOLDEN,COMMODORE,MANUAL,292367,8000,QLD,2008
2015 Hyundai Sonata,white,PETROL,HYUNDAI,SONATA,AUTOMATIC,192860,9890,WA,2015
2006 Holden Astra,black,PETROL,HOLDEN,ASTRA,AUTOMATIC,290000,2500,VIC,2006
2023 Nissan  Qashqai ST-L,grey,PETROL,NISSAN,QASHQAI,AUTOMATIC,24521,31999,WA,2023
2012 Nissan Navara,white,DIESEL,NISSAN,NAVARA,MANUAL,131957,13990,WA,2012
2023 Kia rio hatchback s yb my23,white,PETROL,KIA,RIO,AUTOMATIC,42499,20977,SA,2023
2013 Toyota Corolla,white,PETROL,TOYOTA,COROLLA,AUTOMATIC,182510,14299,WA,2013
1998 Mitsubishi Pajero,white,PETROL,MITSUBISHI,PAJERO,AUTOMATIC,314705,5500,VIC,1998
2018 Nissan X-Trail,white,PETROL,NISSAN,X-TRAIL,AUTOMATIC,167267,15000,WA,2018
2022 Hyundai I30N,black,PETROL,HYUNDAI,I30,MANUAL,73000,40000,NSW,2022
2012 Holden Commodore,burgundy,PETROL,HOLDEN,COMMODORE,MANUAL,11000,10000,NSW,2012
2014 Holden Caprice,black,PETROL,HOLDEN,CAPRICE,AUTOMATIC,147900,24990,NSW,2014
2016 Holden Captiva,white,PETROL,HOLDEN,CAPTIVA,AUTOMATIC,90000,10000,NSW,2016
2010 Hyundai Hyundai iLOAD,white,DIESEL,HYUNDAI,ILOAD,MANUAL,321000,4800,NSW,2010
2002 Toyota Landcruiser Prado,white,OTHER,TOYOTA,LANDCRUISER,MANUAL,356700,7500,NSW,2002
2010 BMW 135i,black,PETROL,BMW,SERIES 1,MANUAL,92000,28000,NSW,2010
2010 Kia Cerato,red,PETROL,KIA,CERATO,MANUAL,288000,18000,NSW,2010
2013 Toyota Camry,black,PETROL,TOYOTA,CAMRY,AUTOMATIC,218150,12500,NSW,2013
2011 Mitsubishi Pajero,white,DIESEL,MITSUBISHI,PAJERO,AUTOMATIC,328500,13099,SA,2011
2008 Holden Captiva,white,PETROL,HOLDEN,CAPTIVA,AUTOMATIC,240000,2500,NSW,2008
2019 Ford Ranger XLT PX MKIII,grey,DIESEL,FORD,RANGER,AUTOMATIC,176000,29990,WA,2019
2024 Mazda Plug-In Hybrid CX-60 A 8AUTO P50E GT AWD ,white,HYBRID,MAZDA,CX-60,AUTOMATIC,7350,71000,NSW,2024
2012 Subaru XV,white,PETROL,SUBARU,XV,AUTOMATIC,197000,11000,SA,2012
2003 Subaru Outback,burgundy,PETROL,SUBARU,OUTBACK,MANUAL,155000,4000,SA,2003
2004 Subaru Outback 2.5i Luxury,blue,PETROL,SUBARU,OUTBACK,AUTOMATIC,213531,4000,SA,2004
2016 Holden Holden Colorado,grey,DIESEL,HOLDEN,COLORADO,AUTOMATIC,220000,26000,SA,2016
2003 Nissan Patrol,red,OTHER,NISSAN,PATROL,MANUAL,100000,12000,NSW,2003
2020 Mitsubishi ASX,grey,PETROL,MITSUBISHI,ASX,AUTOMATIC,53000,25000,SA,2020
1999 Toyota Landcruiser Prado,red,PETROL,TOYOTA,LANDCRUISER,MANUAL,190000,5000,SA,1999
1998 Nissan Patrol,grey,DIESEL,NISSAN,PATROL,MANUAL,534000,14000,SA,1998
2022 Toyota kluger grande awd,silver,HYBRID,TOYOTA,KLUGER,AUTOMATIC,58000,54900,SA,2022
2013 Toyota Hilux,grey,DIESEL,TOYOTA,HILUX,AUTOMATIC,340000,20000,SA,2013
2019 Hyundai i30,red,PETROL,HYUNDAI,I30,AUTOMATIC,140000,22000,VIC,2019
2000 Toyota camry csi sedan auto. air. steer. very clean tidy original. fantastic to drive,blue,PETROL,TOYOTA,CAMRY,AUTOMATIC,207552,4999,SA,2000
2008 Mitsubishi triton glx ml auto 4x2 dual cab,white,DIESEL,MITSUBISHI,TRITON,AUTOMATIC,344353,5000,SA,2008
2018 Mazda CX-8,charcoal,DIESEL,MAZDA,CX-8,AUTOMATIC,171000,26999,SA,2018
2012 Audi Q3,white,PETROL,AUDI,Q3,AUTOMATIC,303000,3500,VIC,2012
2008 Honda CR-V,black,PETROL,HONDA,CR-V,AUTOMATIC,168000,9990,SA,2008
2014 Hyundai Elantra,blue,PETROL,HYUNDAI,ELANTRA,AUTOMATIC,159000,9500,VIC,2014
2004 Nissan 350Z,grey,PETROL,NISSAN,350Z,AUTOMATIC,161733,12500,VIC,2004
2023 Mazda BT-50,blue,DIESEL,MAZDA,BT-50,AUTOMATIC,55000,42000,VIC,2023
2005 Mitsubishi Triton,green,OTHER,MITSUBISHI,TRITON,MANUAL,278000,9500,VIC,2005
2024 Mitsubishi Outlander,white,PETROL,MITSUBISHI,OUTLANDER,AUTOMATIC,65000,43900,VIC,2024
2004 Subaru Impreza,white,PETROL,SUBARU,IMPREZA,MANUAL,258000,5500,WA,2004
2019 Mazda CX-9,red,PETROL,MAZDA,CX-9,AUTOMATIC,72000,37900,VIC,2019
2013 Hyundai Veloster,red,PETROL,HYUNDAI,VELOSTER,AUTOMATIC,175860,10995,NSW,2013
1987 Holden Commodore VL Walkinshaw Replica,silver,PETROL,HOLDEN,COMMODORE,MANUAL,127000,105880,NSW,1987
2022 Mitsubishi Triton GLX 4x2 Dualcab,white,DIESEL,MITSUBISHI,TRITON,AUTOMATIC,89923,29680,VIC,2022
2012 Holden Cruze,silver,OTHER,HOLDEN,CRUZE,AUTOMATIC,94000,7000,SA,2012
2007 Holden Barina,silver,OTHER,HOLDEN,BARINA,MANUAL,195273,3000,SA,2007
2007 Honda Civic Sport (Top of the Range),grey,PETROL,HONDA,CIVIC,AUTOMATIC,232500,6990,SA,2007
2011 Toyota Landcruiser 200,silver,DIESEL,TOYOTA,LANDCRUISER,AUTOMATIC,249140,50500,SA,2011
2013 Citroën DS5,black,PETROL,CITROËN,DS,AUTOMATIC,167000,3000,QLD,2013
2023 Isuzu D-Max,white,DIESEL,ISUZU,D-MAX,AUTOMATIC,44450,52900,QLD,2023
2020 Hyundai i30,silver,OTHER,HYUNDAI,I30,AUTOMATIC,72401,18000,QLD,2020
2017 Volkswagen Passat,white,DIESEL,VOLKSWAGEN,PASSAT,AUTOMATIC,103000,23500,VIC,2017
2025 Isuzu D-Max,grey,DIESEL,ISUZU,D-MAX,AUTOMATIC,300,69990,WA,2025
2023 Toyota Landcruiser,white,DIESEL,TOYOTA,LANDCRUISER,AUTOMATIC,14600,134999,WA,2023
2013 Jeep Wrangler Unlimited,black,PETROL,JEEP,WRANGLER,AUTOMATIC,155342,24000,WA,2013
2000 Nissan Patrol,white,PETROL,NISSAN,PATROL,AUTOMATIC,480000,12000,WA,2000
2008 Mazda MX-5,silver,PETROL,MAZDA,MX-5,MANUAL,112000,20000,WA,2008
1989 Toyota Landcruiser,gold,DIESEL,TOYOTA,LANDCRUISER,MANUAL,400000,20000,WA,1989
2017 Hyundai Tucson,white,PETROL,HYUNDAI,TUCSON,AUTOMATIC,157000,17000,WA,2017
2010 Holden Captiva,white,PETROL,HOLDEN,CAPTIVA,AUTOMATIC,103292,6600,WA,2010
2012 Hyundai i30,grey,DIESEL,HYUNDAI,I30,AUTOMATIC,223000,5500,WA,2012
2011 Nissan Micra,blue,PETROL,NISSAN,MICRA,AUTOMATIC,155000,6000,WA,2011
2016 Porsche Macan,black,PETROL,PORSCHE,MACAN,AUTOMATIC,76000,55000,WA,2016
2009 Ford Falcon,white,OTHER,FORD,FALCON,AUTOMATIC,317000,4000,WA,2009
2014 Nissan altima  l33 st sedan 4dr x-tronic 1sp 2.5i,white,PETROL,NISSAN,ALTIMA,AUTOMATIC,123425,10990,WA,2014
2020 Nissan Navara,white,DIESEL,NISSAN,NAVARA,AUTOMATIC,240000,21000,NSW,2020
2018 Ford Focus,white,PETROL,FORD,FOCUS,MANUAL,155000,30000,WA,2018
2002 BMW X5,silver,PETROL,BMW,X5,AUTOMATIC,262000,5000,WA,2002
2017 Toyota Camry,white,PETROL,TOYOTA,CAMRY,AUTOMATIC,182000,13000,NSW,2017
1991 Toyota Camry,white,PETROL,TOYOTA,CAMRY,AUTOMATIC,243000,2750,NSW,1991
2014 Subaru WRX,blue,PETROL,SUBARU,WRX,MANUAL,138500,32000,NSW,2014
2019 Hyundai Tucson,black,PETROL,HYUNDAI,TUCSON,AUTOMATIC,70000,21000,NSW,2019
2017 Toyota Hilux,grey,DIESEL,TOYOTA,HILUX,AUTOMATIC,300000,29000,NSW,2017
2008 Toyota Kluger,white,PETROL,TOYOTA,KLUGER,AUTOMATIC,412577,5500,NSW,2008
2014 Audi A4,grey,PETROL,AUDI,A4,AUTOMATIC,96800,19000,NSW,2014
2014 Holden Barina,blue,PETROL,HOLDEN,BARINA,AUTOMATIC,135775,7000,NSW,2014
2011 Toyota RAV4,white,PETROL,TOYOTA,RAV4,AUTOMATIC,169000,9000,NSW,2011
2010 Hyundai i30,white,PETROL,HYUNDAI,I30,AUTOMATIC,207500,4500,NSW,2010
2017 Suzuki Ignis,charcoal,OTHER,SUZUKI,IGNIS,AUTOMATIC,11855,16500,NSW,2017
2023 Kia seltos,white,PETROL,KIA,SELTOS,AUTOMATIC,29000,38000,NSW,2023
2018 Nissan Qashqai,grey,PETROL,NISSAN,QASHQAI,AUTOMATIC,15487,18000,NSW,2018
2023 MG ZS,black,PETROL,MG,ZS,AUTOMATIC,42000,14999,NSW,2023
2017 Hyundai i40,white,DIESEL,HYUNDAI,I40,AUTOMATIC,124787,15500,NSW,2017
2021 Jeep Wrangler Unlimited,black,PETROL,JEEP,WRANGLER,AUTOMATIC,73165,51900,NSW,2021
2017 BMW X4,red,PETROL,BMW,X4,AUTOMATIC,30000,45000,VIC,2017
2007 Toyota Yaris,grey,PETROL,TOYOTA,YARIS,AUTOMATIC,173000,7500,VIC,2007
2019 Subaru WRX,grey,PETROL,SUBARU,WRX,AUTOMATIC,147000,31500,VIC,2019
2026 Kia seltos,white,PETROL,KIA,SELTOS,AUTOMATIC,4500,37990,VIC,2026
2018 Isuzu D-Max,white,DIESEL,ISUZU,D-MAX,AUTOMATIC,114000,16000,VIC,2018
2017 Ford Ranger,silver,DIESEL,FORD,RANGER,AUTOMATIC,95000,28500,VIC,2017
2007 Volkswagen Golf,red,PETROL,VOLKSWAGEN,GOLF,AUTOMATIC,245740,3999,VIC,2007
2010 BMW 320i,red,PETROL,BMW,SERIES 3,AUTOMATIC,218000,7999,VIC,2010
2019 Mercedes-Benz a-class,white,OTHER,MERCEDES-BENZ,A-CLASS,AUTOMATIC,74341,28000,VIC,2019
2011 Subaru Forester,white,PETROL,SUBARU,FORESTER,AUTOMATIC,212000,6500,VIC,2011
2019 Škoda Kodiaq,silver,PETROL,ŠKODA,KODIAQ,AUTOMATIC,202000,17000,VIC,2019
2022 Kia stonic,white,PETROL,KIA,STONIC,AUTOMATIC,31400,22000,VIC,2022
1994 Ford Falcon,white,PETROL,FORD,FALCON,AUTOMATIC,12345,7500,VIC,1994
2021 Hyundai i30,white,PETROL,HYUNDAI,I30,AUTOMATIC,62000,20999,VIC,2021
2006 Toyota Aurion,blue,PETROL,TOYOTA,AURION,AUTOMATIC,253000,5500,SA,2006
2013 Citroën C4,silver,DIESEL,CITROËN,C4,AUTOMATIC,113000,5990,SA,2013
2007 Ford Territory,grey,PETROL,FORD,TERRITORY,AUTOMATIC,200000,3500,SA,2007
1970 Volkswagen Volkswagen 1600,brown,PETROL,VOLKSWAGEN,VOLKSWAGEN 1600,AUTOMATIC,38977,15000,SA,1970
2011 Volkswagen Amarok,grey,DIESEL,VOLKSWAGEN,AMAROK,MANUAL,221500,14500,SA,2011
2016 Porsche Cayenne,white,DIESEL,PORSCHE,CAYENNE,AUTOMATIC,130000,60000,SA,2016
2014 BMW F22 M235i ,black,PETROL,BMW,M2,AUTOMATIC,140200,12500,SA,2014
2014 Ford Focus,blue,PETROL,FORD,FOCUS,AUTOMATIC,135000,8990,SA,2014
2005 Subaru Impreza,white,PETROL,SUBARU,IMPREZA,MANUAL,233000,3500,SA,2005
2013 Jeep Cherokee,black,PETROL,JEEP,CHEROKEE,AUTOMATIC,210000,8500,SA,2013
2013 Holden Calais,silver,OTHER,HOLDEN,CALAIS,AUTOMATIC,163000,18000,SA,2013
2023 Toyota RAV4,white,HYBRID,TOYOTA,RAV4,AUTOMATIC,54000,43790,SA,2023
2015 Holden Sv6 commodore ,white,PETROL,HOLDEN,COMMODORE,AUTOMATIC,193000,15250,SA,2015
2023 MINI Countryman,grey,HYBRID,MINI,COUNTRYMAN,AUTOMATIC,36000,34000,QLD,2023
2019 MINI Cooper,orange,PETROL,MINI,COOPER,AUTOMATIC,22500,28950,QLD,2019
2013 Ford Focus,white,PETROL,FORD,FOCUS,AUTOMATIC,85600,5999,QLD,2013
2021 Mazda BT-50,white,DIESEL,MAZDA,BT-50,AUTOMATIC,313174,20000,QLD,2021
2019 Toyota Hilux,silver,DIESEL,TOYOTA,HILUX,AUTOMATIC,120000,66000,QLD,2019
2008 Lexus Lexus IS 250,charcoal,PETROL,LEXUS,IS,AUTOMATIC,126000,13000,QLD,2008
2012 Mitsubishi Lancer,grey,PETROL,MITSUBISHI,LANCER,MANUAL,210000,6450,QLD,2012
2010 Mitsubishi Lancer,black,OTHER,MITSUBISHI,LANCER,AUTOMATIC,260000,8750,QLD,2010
2017 Nissan Patrol,black,PETROL,NISSAN,PATROL,AUTOMATIC,214000,54000,QLD,2017
2022 LDV t60 max,white,DIESEL,LDV,T60,AUTOMATIC,37000,26900,QLD,2022
2010 Audi TTS,black,PETROL,AUDI,TT,MANUAL,119000,23500,QLD,2010
2010 Audi Q7,white,DIESEL,AUDI,Q7,AUTOMATIC,188200,14999,VIC,2010
2002 Ford Fairlane,grey,OTHER,FORD,FAIRLANE,AUTOMATIC,220000,7000,SA,2002
2003 Nissan Navara,silver,DIESEL,NISSAN,NAVARA,MANUAL,271468,4500,QLD,2003
2006 HINO dutro,white,DIESEL,HINO,DUTRO,MANUAL,321858,45000,WA,2006
2015 BMW X3,white,DIESEL,BMW,X3,AUTOMATIC,165403,19990,WA,2015
2019 Ford Ranger,white,DIESEL,FORD,RANGER,AUTOMATIC,162779,26999,QLD,2019
2000 HSV Club Sport,black,PETROL,HSV,CLUB SPORT,MANUAL,180000,35000,NSW,2000
2008 Subaru Impreza,charcoal,PETROL,SUBARU,IMPREZA,AUTOMATIC,196000,4500,NSW,2008
2003 Nissan Pulsar,silver,PETROL,NISSAN,PULSAR,AUTOMATIC,70000,4250,NSW,2003
2011 Honda Civic,silver,PETROL,HONDA,CIVIC,MANUAL,167000,8000,NSW,2011
2016 Mercedes-Benz Mercedes-Benz 250SE,red,OTHER,MERCEDES-BENZ,MERCEDES-BENZ 250SE,AUTOMATIC,83000,24500,NSW,2016
2020 Suzuki Jimny,yellow,PETROL,SUZUKI,JIMNY,AUTOMATIC,72000,32990,NSW,2020
2017 Land Rover Range Rover Sport,white,DIESEL,LAND-ROVER,RANGE ROVER SPORT,AUTOMATIC,96000,48000,NSW,2017
2013 Toyota Camry,white,PETROL,TOYOTA,CAMRY,AUTOMATIC,193000,12500,NSW,2013
2014 Volkswagen Golf,grey,PETROL,VOLKSWAGEN,GOLF,AUTOMATIC,69902,16500,NSW,2014
2013 Toyota Corolla,orange,PETROL,TOYOTA,COROLLA,AUTOMATIC,227670,12500,NSW,2013
2001 Holden Rodeo,grey,PETROL,HOLDEN,RODEO,MANUAL,280000,3250,NSW,2001
2008 Toyota Hiace,white,PETROL,TOYOTA,HIACE,AUTOMATIC,245000,15000,NSW,2008
2002 Holden Monaro,orange,PETROL,HOLDEN,MONARO,AUTOMATIC,245124,28999,NSW,2002
2004 Toyota RAV4,black,PETROL,TOYOTA,RAV4,AUTOMATIC,340000,5500,NSW,2004
1998 Toyota Starlet,green,PETROL,TOYOTA,STARLET,MANUAL,197500,3500,NSW,1998
2023 Subaru Forester,blue,PETROL,SUBARU,FORESTER,AUTOMATIC,15000,41000,NSW,2023
2015 Hyundai Veloster,blue,PETROL,HYUNDAI,VELOSTER,MANUAL,120000,12500,NSW,2015
2019 Suzuki Jimny,white,PETROL,SUZUKI,JIMNY,AUTOMATIC,72000,30500,NSW,2019
2020 Hyundai i30,grey,OTHER,HYUNDAI,I30,MANUAL,31000,35550,NSW,2020
2018 Nissan NAVARA D23 SERIES III MY18 SL (4x4) AUTOMATIC LOW KMS,white,DIESEL,NISSAN,NAVARA,AUTOMATIC,75813,31995,WA,2018
2014 Toyota Hilux,white,DIESEL,TOYOTA,HILUX,AUTOMATIC,90000,31500,WA,2014
2020 Toyota Landcruiser,white,DIESEL,TOYOTA,LANDCRUISER,MANUAL,126000,54990,WA,2020
2008 Holden Rodeo,white,PETROL,HOLDEN,RODEO,MANUAL,185000,5000,WA,2008
2016 Mitsubishi Outlander,white,PETROL,MITSUBISHI,OUTLANDER,AUTOMATIC,268747,9000,WA,2016
2005 Kia Cerato,white,PETROL,KIA,CERATO,AUTOMATIC,185000,5500,WA,2005
2011 Nissan Patrol,white,DIESEL,NISSAN,PATROL,MANUAL,285833,10000,WA,2011
2010 Ford Falcon,grey,PETROL,FORD,FALCON,MANUAL,252550,13000,WA,2010
2009 Ford Ranger,white,DIESEL,FORD,RANGER,MANUAL,323000,4000,WA,2009
2015 Ford Ranger Wildtrak,black,DIESEL,FORD,RANGER,AUTOMATIC,188000,29000,WA,2015
2009 Toyota Aurion,silver,PETROL,TOYOTA,AURION,AUTOMATIC,250000,8700,WA,2009
2009 Ford Falcon,grey,PETROL,FORD,FALCON,AUTOMATIC,211000,13000,WA,2009
2001 Subaru Impreza,silver,PETROL,SUBARU,IMPREZA,AUTOMATIC,275590,6000,WA,2001
2023 Ford ranger raptor,white,PETROL,FORD,RANGER,AUTOMATIC,56000,85000,SA,2023
2000 Holden Commodore,black,PETROL,HOLDEN,COMMODORE,AUTOMATIC,175000,123456,SA,2000
2025 Volkswagen Golf 8.5 GTI,white,PETROL,VOLKSWAGEN,GOLF,AUTOMATIC,1501,64990,SA,2025
2008 Nissan Maxima,grey,PETROL,NISSAN,MAXIMA,AUTOMATIC,168500,7500,SA,2008
2010 Volkswagen Golf,grey,DIESEL,VOLKSWAGEN,GOLF,MANUAL,108000,4600,SA,2010
2006 Volvo V50,silver,PETROL,VOLVO,V50,AUTOMATIC,123123,6000,SA,2006
2006 Toyota Corolla,blue,PETROL,TOYOTA,COROLLA,AUTOMATIC,251116,5000,SA,2006
2008 MINI Cooper,blue,PETROL,MINI,COOPER,AUTOMATIC,147106,11000,SA,2008
2012 BMW 328i,blue,PETROL,BMW,SERIES 3,AUTOMATIC,186000,15000,VIC,2012
2008 Honda Civic TYPE-R,silver,PETROL,HONDA,CIVIC,MANUAL,167047,17900,VIC,2008
2002 Honda Accord,silver,PETROL,HONDA,ACCORD,AUTOMATIC,177532,2600,VIC,2002
2015 Holden Commodore,green,PETROL,HOLDEN,COMMODORE,AUTOMATIC,200000,24000,VIC,2015
2013 Toyota Yaris,white,PETROL,TOYOTA,YARIS,AUTOMATIC,172221,8999,VIC,2013
1983 Ford Falcon,red,PETROL,FORD,FALCON,AUTOMATIC,1000,42000,VIC,1983
2010 Toyota Yaris,blue,PETROL,TOYOTA,YARIS,MANUAL,184000,4999,VIC,2010
2009 Nissan Murano,brown,PETROL,NISSAN,MURANO,AUTOMATIC,205778,8999,VIC,2009
2012 Honda Jazz,grey,PETROL,HONDA,JAZZ,AUTOMATIC,137257,10888,VIC,2012
2012 Mercedes-Benz c-class,black,DIESEL,MERCEDES-BENZ,C-CLASS,AUTOMATIC,185000,7900,VIC,2012
2020 Lexus RX 450h f sport,black,HYBRID,LEXUS,RX,AUTOMATIC,44000,67000,VIC,2020
2013 Mercedes-Benz 190 E,white,PETROL,MERCEDES-BENZ,190 E,AUTOMATIC,209000,13300,VIC,2013
2009 Subaru Forester,red,PETROL,SUBARU,FORESTER,AUTOMATIC,175000,7500,QLD,2009
2017 Mazda CX-3,blue,PETROL,MAZDA,CX-3,AUTOMATIC,80239,23000,QLD,2017
2007 Mercedes-Benz Vito,white,DIESEL,MERCEDES-BENZ,VITO,MANUAL,166000,35999,QLD,2007
2014 Audi A5,black,OTHER,AUDI,A5,AUTOMATIC,85800,19900,QLD,2014
2021 Chevrolet Silverado,grey,PETROL,CHEVROLET,SILVERADO,AUTOMATIC,89000,129000,QLD,2021
2019 Renault Koleos,black,PETROL,RENAULT,KOLEOS,AUTOMATIC,82767,18790,QLD,2019
2018 Honda Civic,white,PETROL,HONDA,CIVIC,AUTOMATIC,177524,20500,QLD,2018
2005 Ford F-250,silver,OTHER,FORD,F-250,AUTOMATIC,398000,50000,QLD,2005
2012 Nissan Navara,black,DIESEL,NISSAN,NAVARA,AUTOMATIC,240000,9999,QLD,2012
2005 Honda Civic,grey,OTHER,HONDA,CIVIC,AUTOMATIC,121034,3000,QLD,2005
2013 Volkswagen Amarok,white,DIESEL,VOLKSWAGEN,AMAROK,AUTOMATIC,290000,5500,QLD,2013
2013 Lexus is350 x,black,PETROL,LEXUS,IS,AUTOMATIC,175663,18000,QLD,2013
1991 Ford Falcon,white,PETROL,FORD,FALCON,AUTOMATIC,1000,8000,QLD,1991
1994 Holden Caprice,burgundy,PETROL,HOLDEN,CAPRICE,AUTOMATIC,200000,6500,QLD,1994
2000 Nissan Patrol,red,PETROL,NISSAN,PATROL,MANUAL,382000,12000,QLD,2000
2021 Ford Ranger,white,DIESEL,FORD,RANGER,AUTOMATIC,89684,30000,QLD,2021
2016 Mitsubishi Mirage,red,OTHER,MITSUBISHI,MIRAGE,MANUAL,88000,5900,QLD,2016
2011 Dodge Journey,blue,PETROL,DODGE,JOURNEY,AUTOMATIC,110610,10000,NSW,2011
2021 Toyota hilux rogue,red,DIESEL,TOYOTA,HILUX,AUTOMATIC,87753,55800,QLD,2021
2005 Ford Falcon,green,PETROL,FORD,FALCON,AUTOMATIC,305000,4800,VIC,2005
2014 Alfa Romeo Giulietta,blue,PETROL,ALFA-ROMEO,GIULIETTA,AUTOMATIC,148000,4900,VIC,2014
2000 Holden Caprice,gold,PETROL,HOLDEN,CAPRICE,AUTOMATIC,240000,23500,QLD,2000
2022 Mazda BT-50,white,DIESEL,MAZDA,BT-50,AUTOMATIC,33000,55000,WA,2022
2006 Toyota Camry,gold,PETROL,TOYOTA,CAMRY,AUTOMATIC,350000,3200,WA,2006
2022 Toyota Camry,white,HYBRID,TOYOTA,CAMRY,AUTOMATIC,186000,29000,NSW,2022
2024 Mitsubishi Outlander,silver,HYBRID,MITSUBISHI,OUTLANDER,AUTOMATIC,13500,65000,WA,2024
2009 Toyota Hilux,white,PETROL,TOYOTA,HILUX,AUTOMATIC,319190,10999,WA,2009
2020 Hyundai Tucson,black,PETROL,HYUNDAI,TUCSON,MANUAL,39000,26500,WA,2020
1999 Nissan Patrol,gold,DIESEL,NISSAN,PATROL,MANUAL,482000,18000,WA,1999
2014 Toyota Landcruiser Prado,black,DIESEL,TOYOTA,LANDCRUISER,AUTOMATIC,182785,38000,SA,2014
2018 Hyundai Kona,white,PETROL,HYUNDAI,KONA,AUTOMATIC,85000,20500,WA,2018
2015 Volkswagen golf tsi blue motion,blue,PETROL,VOLKSWAGEN,GOLF,AUTOMATIC,71620,13990,WA,2015
2018 Toyota Camry,white,PETROL,TOYOTA,CAMRY,AUTOMATIC,86000,19000,WA,2018
2018 Toyota Corolla,white,HYBRID,TOYOTA,COROLLA,AUTOMATIC,285000,15900,WA,2018
2007 Holden Commodore,white,PETROL,HOLDEN,COMMODORE,AUTOMATIC,177000,8000,WA,2007
2002 Kia Sorento,white,PETROL,KIA,SORENTO,AUTOMATIC,158000,9000,WA,2002
2015 Mitsubishi Lancer ES Sport ,white,PETROL,MITSUBISHI,LANCER,AUTOMATIC,119420,13000,WA,2015
2019 Toyota Toyota Vitz,silver,PETROL,TOYOTA,TOYOTA VITZ,AUTOMATIC,48000,18500,WA,2019
2011 Subaru Impreza,silver,PETROL,SUBARU,IMPREZA,MANUAL,206612,6250,WA,2011
1995 Toyota landcruiser kzj78 dual cab,blue,DIESEL,TOYOTA,LANDCRUISER,MANUAL,290000,12000,VIC,1995
1993 Isuzu fsr truck,white,DIESEL,ISUZU,TRUCK,MANUAL,509734,8500,VIC,1993
2005 Honda Accord,grey,PETROL,HONDA,ACCORD,AUTOMATIC,370865,4995,VIC,2005
2009 Toyota Toyota bB,silver,PETROL,TOYOTA,TOYOTA BB,AUTOMATIC,290000,8200,VIC,2009
2013 Ford Ranger,grey,DIESEL,FORD,RANGER,AUTOMATIC,130000,20000,VIC,2013
2012 Toyota kluger,charcoal,PETROL,TOYOTA,KLUGER,AUTOMATIC,158000,15000,VIC,2012
2010 Hyundai Getz,red,PETROL,HYUNDAI,GETZ,MANUAL,171589,4300,VIC,2010
1996 Toyota Landcruiser,white,DIESEL,TOYOTA,LANDCRUISER,AUTOMATIC,266614,48000,WA,1996
2009 Toyota CAMRY ALTISE,black,PETROL,TOYOTA,CAMRY,AUTOMATIC,226000,7999,VIC,2009
2015 Toyota Landcruiser Prado,white,DIESEL,TOYOTA,LANDCRUISER,AUTOMATIC,190200,45000,VIC,2015
2021 Audi Q5,grey,PETROL,AUDI,Q5,AUTOMATIC,53000,70000,VIC,2021
2019 Subaru Outback,grey,PETROL,SUBARU,OUTBACK,AUTOMATIC,74358,19900,VIC,2019
2013 Mercedes-Benz B250,white,PETROL,MERCEDES-BENZ,B-CLASS,AUTOMATIC,70000,14650,VIC,2013
2016 Hyundai Genesis,silver,PETROL,HYUNDAI,GENESIS,AUTOMATIC,57000,26500,VIC,2016
2010 Toyota Camry,blue,PETROL,TOYOTA,CAMRY,AUTOMATIC,261000,6000,VIC,2010
2000 Holden Commodore,red,PETROL,HOLDEN,COMMODORE,MANUAL,245000,25000,SA,2000
2006 Lexus Lexus IS 250,silver,PETROL,LEXUS,IS,AUTOMATIC,244000,5500,VIC,2006
2008 Ford Mondeo,silver,PETROL,FORD,MONDEO,MANUAL,194335,7800,SA,2008
2023 Suzuki Jimny,beige,OTHER,SUZUKI,JIMNY,AUTOMATIC,26000,30000,VIC,2023
2008 Nissan Patrol,white,DIESEL,NISSAN,PATROL,MANUAL,438894,11999,VIC,2008
2013 Nissan Patrol,grey,OTHER,NISSAN,PATROL,AUTOMATIC,180000,47000,SA,2013
2011 Hyundai Ix35,blue,DIESEL,HYUNDAI,IX35,AUTOMATIC,189000,8000,SA,2011
1971 Chevrolet Camaro,yellow,OTHER,CHEVROLET,CAMARO,AUTOMATIC,6178,59999,SA,1971
1970 MG MG MGB,red,PETROL,MG,MG MGB,MANUAL,7400,25000,SA,1970
2012 Mercedes-Benz Mercedes-Benz ML250,white,OTHER,MERCEDES-BENZ,MERCEDES-BENZ ML250,AUTOMATIC,255992,14000,SA,2012
2006 Ford Focus,blue,PETROL,FORD,FOCUS,AUTOMATIC,190000,3450,SA,2006
2016 Volkswagen Golf,blue,PETROL,VOLKSWAGEN,GOLF,MANUAL,240000,5800,SA,2016
2017 Mitsubishi Outlander,black,PETROL,MITSUBISHI,OUTLANDER,AUTOMATIC,146000,15800,SA,2017
2008 Nissan X-Trail,brown,PETROL,NISSAN,X-TRAIL,AUTOMATIC,311000,4999,SA,2008
2015 Hyundai Veloster,white,PETROL,HYUNDAI,VELOSTER,AUTOMATIC,151500,14750,SA,2015
2016 Audi Q5,grey,DIESEL,AUDI,Q5,AUTOMATIC,136002,22000,NSW,2016
2015 Ford Territory,black,OTHER,FORD,TERRITORY,AUTOMATIC,52000,3000,NSW,2015
2013 Toyota Hiace,white,DIESEL,TOYOTA,HIACE,MANUAL,324520,10000,NSW,2013
2013 Nissan Dualis ,silver,PETROL,NISSAN,DUALIS,AUTOMATIC,204000,7000,NSW,2013
2006 Holden Astra,grey,PETROL,HOLDEN,ASTRA,AUTOMATIC,125000,3500,NSW,2006
2014 Toyota Landcruiser,grey,DIESEL,TOYOTA,LANDCRUISER,MANUAL,73000,135000,NSW,2014
2001 Toyota Landcruiser Prado,white,DIESEL,TOYOTA,LANDCRUISER,AUTOMATIC,346500,10000,NSW,2001
2002 Toyota Camry,silver,PETROL,TOYOTA,CAMRY,AUTOMATIC,235200,4000,NSW,2002
2005 Honda Integra,grey,PETROL,HONDA,INTEGRA,AUTOMATIC,249000,8500,SA,2005
2009 BMW X5,silver,DIESEL,BMW,X5,AUTOMATIC,318362,3700,NSW,2009
2012 Ford Focus,white,PETROL,FORD,FOCUS,AUTOMATIC,139000,7500,NSW,2012
2014 Subaru XV,black,PETROL,SUBARU,XV,AUTOMATIC,174900,13000,NSW,2014
2014 Toyota Vellfire,white,PETROL,TOYOTA,VELLFIRE,AUTOMATIC,130000,32800,NSW,2014
2003 Toyota Camry,gold,PETROL,TOYOTA,CAMRY,AUTOMATIC,253000,3800,NSW,2003
2015 Toyota Hilux,silver,DIESEL,TOYOTA,HILUX,AUTOMATIC,260000,45000,NSW,2015
2013 Jeep Wrangler Unlimited,black,PETROL,JEEP,WRANGLER,AUTOMATIC,102000,25000,NSW,2013
2012 Toyota RAV4,brown,PETROL,TOYOTA,RAV4,AUTOMATIC,244726,9995,NSW,2012
2016 Jaguar F-PACE,grey,OTHER,JAGUAR,F-PACE,AUTOMATIC,130000,19000,NSW,2016
2004 Hyundai Elantra,silver,PETROL,HYUNDAI,ELANTRA,AUTOMATIC,156814,3000,NSW,2004
2018 Mitsubishi Eclipse Cross LS,white,PETROL,MITSUBISHI,ECLIPSE CROSS,AUTOMATIC,90536,18900,QLD,2018
2013 Mitsubishi ASX,grey,PETROL,MITSUBISHI,ASX,AUTOMATIC,128000,12399,QLD,2013
2022 Kia Sportage,white,DIESEL,KIA,SPORTAGE,AUTOMATIC,111000,30990,QLD,2022
2006 Hyundai Sonata,white,PETROL,HYUNDAI,SONATA,AUTOMATIC,191000,2500,QLD,2006
2020 Mazda CX-3,burgundy,PETROL,MAZDA,CX-3,AUTOMATIC,54000,23000,NSW,2020
2003 Holden Calais,green,PETROL,HOLDEN,CALAIS,AUTOMATIC,240000,9500,QLD,2003
2016 Mitsubishi mq gls triton,white,OTHER,MITSUBISHI,TRITON,AUTOMATIC,204000,19000,QLD,2016
1995 Toyota Landcruiser,red,PETROL,TOYOTA,LANDCRUISER,MANUAL,453000,35000,QLD,1995
2018 Holden  Barina ,black,PETROL,HOLDEN,BARINA,AUTOMATIC,139000,9550,QLD,2018
1975 Ford F-100,black,PETROL,FORD,F-100,AUTOMATIC,123456,12345,QLD,1975
2009 Nissan Micra,white,PETROL,NISSAN,MICRA,AUTOMATIC,136000,4550,QLD,2009
1982 Holden Caprice,white,OTHER,HOLDEN,CAPRICE,AUTOMATIC,100000,7000,QLD,1982
2014 Jeep Cherokee,grey,PETROL,JEEP,CHEROKEE,AUTOMATIC,105000,14000,SA,2014
2018 Toyota Hilux SR 4x4,white,DIESEL,TOYOTA,HILUX,AUTOMATIC,204000,56000,QLD,2018
2006 Jeep wrangler: 65 anniversary edition,black,PETROL,JEEP,WRANGLER,MANUAL,149231,13500,SA,2006
2016 Audi a4 sport!,red,PETROL,AUDI,A4,AUTOMATIC,133873,19990,QLD,2016
2016 Mercedes-Benz Mercedes-Benz V250,black,DIESEL,MERCEDES-BENZ,MERCEDES-BENZ V250,AUTOMATIC,146000,29500,QLD,2016
2014 Toyota Corolla,red,PETROL,TOYOTA,COROLLA,AUTOMATIC,94000,14299,SA,2014
2008 Toyota RAV4,black,OTHER,TOYOTA,RAV4,MANUAL,300,7000,VIC,2008
2012 Mitsubishi mn triton,silver,DIESEL,MITSUBISHI,TRITON,MANUAL,227503,16500,VIC,2012
2016 Land Rover Range Rover Sport,black,DIESEL,LAND-ROVER,RANGE ROVER SPORT,AUTOMATIC,109000,55000,VIC,2016
2012 Nissan Micra,silver,PETROL,NISSAN,MICRA,AUTOMATIC,111800,8000,VIC,2012
1990 Holden Calais,white,OTHER,HOLDEN,CALAIS,MANUAL,150000,10000,VIC,1990
2016 Honda CR-V,grey,PETROL,HONDA,CR-V,AUTOMATIC,200000,13890,WA,2016
2018 Toyota corolla hatch cv ascent premium siliver,silver,PETROL,TOYOTA,COROLLA,AUTOMATIC,78000,20000,WA,2018
2009 Nissan Navara,silver,DIESEL,NISSAN,NAVARA,MANUAL,236000,15000,WA,2009
2013 Holden commodore ss z series,grey,PETROL,HOLDEN,COMMODORE,MANUAL,96700,33990,WA,2013
2007 Nissan Patrol,white,DIESEL,NISSAN,PATROL,AUTOMATIC,187000,24000,WA,2007
2014 Honda Civic,black,OTHER,HONDA,CIVIC,AUTOMATIC,116000,11999,WA,2014
2011 Mitsubishi Lancer,orange,PETROL,MITSUBISHI,LANCER,AUTOMATIC,272000,4550,WA,2011
2016 Jeep Cherokee,white,PETROL,JEEP,CHEROKEE,AUTOMATIC,226000,15000,WA,2016
2009 Hyundai Getz,red,PETROL,HYUNDAI,GETZ,MANUAL,225000,2999,WA,2009
2017 Ford Mustang,red,PETROL,FORD,MUSTANG,MANUAL,45000,75000,WA,2017
2006 Toyota Yaris,orange,PETROL,TOYOTA,YARIS,MANUAL,186000,5800,WA,2006
2010 Suzuki grand vitara prestige,charcoal,PETROL,SUZUKI,GRAND VITARA,AUTOMATIC,239849,12000,SA,2010
2008 Nissan Patrol,white,DIESEL,NISSAN,PATROL,MANUAL,148550,22000,WA,2008
2019 Toyota Corolla,white,PETROL,TOYOTA,COROLLA,AUTOMATIC,95079,21990,WA,2019
2006 Ford Territory,black,OTHER,FORD,TERRITORY,AUTOMATIC,265000,3900,WA,2006
2018 Mazda CX-5,blue,PETROL,MAZDA,CX-5,AUTOMATIC,91000,30000,WA,2018
2015 Holden Captiva,blue,DIESEL,HOLDEN,CAPTIVA,AUTOMATIC,146381,11999,VIC,2015
2019 Toyota Hilux,white,DIESEL,TOYOTA,HILUX,AUTOMATIC,220000,37000,WA,2019
2008 Toyota Hilux,blue,DIESEL,TOYOTA,HILUX,MANUAL,248000,17500,WA,2008
2013 Holden colorado 4x4,white,DIESEL,HOLDEN,COLORADO,AUTOMATIC,237000,23000,WA,2013
2003 Toyota Landcruiser Prado,burgundy,PETROL,TOYOTA,LANDCRUISER,AUTOMATIC,318065,13000,VIC,2003
2016 Holden Cruze Z Series,black,PETROL,HOLDEN,CRUZE,AUTOMATIC,119902,9990,VIC,2016
2001 Toyota Camry,red,PETROL,TOYOTA,CAMRY,AUTOMATIC,195000,3200,VIC,2001
2016 Toyota Camry,red,PETROL,TOYOTA,CAMRY,AUTOMATIC,93659,21000,VIC,2016
2009 Holden Captiva,silver,DIESEL,HOLDEN,CAPTIVA,AUTOMATIC,272000,2500,VIC,2009
2008 Volkswagen Multivan,grey,DIESEL,VOLKSWAGEN,MULTIVAN,AUTOMATIC,275500,4500,VIC,2008
2006 Ford Territory,silver,PETROL,FORD,TERRITORY,AUTOMATIC,200000,5600,VIC,2006
2022 Haval h6 ultra (4wd) 2.0lt turbo,black,PETROL,HAVAL,H6,AUTOMATIC,69000,27990,VIC,2022
2013 Toyota Hiace 4WD - 10 Seats,white,OTHER,TOYOTA,HIACE,AUTOMATIC,160800,30990,VIC,2013
2022 Kia Cerato,grey,PETROL,KIA,CERATO,AUTOMATIC,72000,22500,SA,2022
2016 BMW X5,black,DIESEL,BMW,X5,AUTOMATIC,178208,33500,VIC,2016
2016 Ford fiesta st,white,PETROL,FORD,FIESTA,MANUAL,141000,16000,SA,2016
2007 Honda Jazz,white,PETROL,HONDA,JAZZ,MANUAL,257000,2800,SA,2007
1996 Toyota Landcruiser,green,DIESEL,TOYOTA,LANDCRUISER,MANUAL,439000,16500,SA,1996
2003 Holden Commodore,green,PETROL,HOLDEN,COMMODORE,AUTOMATIC,176000,3800,SA,2003
2005 Holden Commodore,silver,PETROL,HOLDEN,COMMODORE,AUTOMATIC,227000,8000,SA,2005
2018 Holden Commodore ZB RS Sportwagon...Turbo,silver,PETROL,HOLDEN,COMMODORE,AUTOMATIC,121000,15999,SA,2018
2009 Holden Commodore,silver,PETROL,HOLDEN,COMMODORE,AUTOMATIC,195000,20000,SA,2009
2010 Ford Territory,silver,PETROL,FORD,TERRITORY,AUTOMATIC,230000,4400,SA,2010
2010 Volkswagen Tiguan,silver,PETROL,VOLKSWAGEN,TIGUAN,AUTOMATIC,218000,6000,SA,2010
2012 Hyundai Ix35,silver,PETROL,HYUNDAI,IX35,AUTOMATIC,237220,5500,SA,2012
2015 Holden Captiva,charcoal,DIESEL,HOLDEN,CAPTIVA,AUTOMATIC,65000,14500,SA,2015
2004 BMW X5,blue,PETROL,BMW,X5,AUTOMATIC,276000,7000,SA,2004
1975 Holden Holden Torana,blue,PETROL,HOLDEN,TORANA,AUTOMATIC,53252,89500,SA,1975
2019 Toyota Hilux,white,DIESEL,TOYOTA,HILUX,AUTOMATIC,74000,62000,NSW,2019
2014 Toyota RAV4,white,PETROL,TOYOTA,RAV4,AUTOMATIC,110000,25000,NSW,2014
1962 Holden Holden EJ,blue,OTHER,HOLDEN,HOLDEN EJ,MANUAL,999,20000,NSW,1962
2021 Toyota Hilux,silver,DIESEL,TOYOTA,HILUX,AUTOMATIC,100000,57000,NSW,2021
2017 Toyota Landcruiser Prado,white,DIESEL,TOYOTA,LANDCRUISER,AUTOMATIC,113000,55000,NSW,2017
2008 Toyota Hilux,white,DIESEL,TOYOTA,HILUX,MANUAL,360,10000,NSW,2008
2003 Mitsubishi Lancer,purple,PETROL,MITSUBISHI,LANCER,MANUAL,305000,4000,NSW,2003
2011 Kia Rio,silver,PETROL,KIA,RIO,MANUAL,72000,5000,NSW,2011
2015 Volkswagen Golf,blue,PETROL,VOLKSWAGEN,GOLF,AUTOMATIC,2222,5555,NSW,2015
2013 Subaru Forester,silver,PETROL,SUBARU,FORESTER,AUTOMATIC,260000,8700,NSW,2013
2001 Subaru Forester,silver,PETROL,SUBARU,FORESTER,AUTOMATIC,255801,4250,NSW,2001
2022 Renault Trafic,white,DIESEL,RENAULT,TRAFIC,AUTOMATIC,40000,42000,NSW,2022
2024 Toyota 2024 Toyota Vellfire hybrid ,white,HYBRID,TOYOTA,2024 TOYOTA VELLFIRE HYBRID,AUTOMATIC,800,108000,NSW,2024
2010 Kia Cerato,blue,PETROL,KIA,CERATO,AUTOMATIC,195000,6800,NSW,2010
2015 Mitsubishi triton,white,PETROL,MITSUBISHI,TRITON,MANUAL,250000,10550,NSW,2015
2005 Toyota Corolla,white,PETROL,TOYOTA,COROLLA,AUTOMATIC,217000,4888,NSW,2005
2016 Toyota Camry,grey,PETROL,TOYOTA,CAMRY,AUTOMATIC,143500,14999,NSW,2016
2014 Toyota Corolla,blue,PETROL,TOYOTA,COROLLA,AUTOMATIC,100421,15999,NSW,2014
2008 Audi A4,silver,PETROL,AUDI,A4,AUTOMATIC,140000,9000,QLD,2008
2020 Mitsubishi ASX,orange,PETROL,MITSUBISHI,ASX,AUTOMATIC,72000,18500,QLD,2020
2019 MINI Countryman,black,PETROL,MINI,COUNTRYMAN,AUTOMATIC,132000,22000,QLD,2019
2009 Kia Cerato,white,OTHER,KIA,CERATO,AUTOMATIC,130000,5999,QLD,2009
2018 BMW M3 Competition ,blue,PETROL,BMW,M3,AUTOMATIC,39000,102000,QLD,2018
2013 Lexus Lexus IS 300h,silver,HYBRID,LEXUS,IS,AUTOMATIC,200000,20000,QLD,2013
2003 Audi tt quattro awd 6 speed,blue,OTHER,AUDI,TT,MANUAL,106000,11500,QLD,2003
2020 Toyota Corolla,red,PETROL,TOYOTA,COROLLA,AUTOMATIC,140000,19599,QLD,2020
2013 Toyota Rav 4,blue,PETROL,TOYOTA,RAV4,AUTOMATIC,190852,14950,QLD,2013
2011 Holden Barina,blue,PETROL,HOLDEN,BARINA,MANUAL,236635,3900,QLD,2011
2013 Honda CR-V,white,PETROL,HONDA,CR-V,AUTOMATIC,146000,9999,QLD,2013
2004 Toyota Landcruiser Prado,white,PETROL,TOYOTA,LANDCRUISER,AUTOMATIC,270000,10000,QLD,2004
2007 Holden Commodore,silver,PETROL,HOLDEN,COMMODORE,AUTOMATIC,213000,12000,QLD,2007
1991 Toyota Landcruiser,white,DIESEL,TOYOTA,LANDCRUISER,MANUAL,475000,10000,QLD,1991
2022 Tesla Model 3,black,ELECTRIC,TESLA,MODEL 3,AUTOMATIC,81000,37500,QLD,2022
2016 Nissan Navara,silver,OTHER,NISSAN,NAVARA,MANUAL,180000,22000,QLD,2016
2018 Volkswagen Amarok,charcoal,DIESEL,VOLKSWAGEN,AMAROK,AUTOMATIC,93000,25300,SA,2018
2012 Holden Commodore,white,PETROL,HOLDEN,COMMODORE,AUTOMATIC,225000,18000,VIC,2012
2017 Toyota Yaris Hatchback Ascent NCP130R,white,PETROL,TOYOTA,YARIS,AUTOMATIC,118131,15977,SA,2017
2008 Holden Commodore,blue,PETROL,HOLDEN,COMMODORE,AUTOMATIC,290000,3700,VIC,2008
2014 Mitsubishi Outlander ZJ MY14.5 Aspire Wagon 7st 5dr CVT 6sp 4WD 680kg 2.4i,blue,PETROL,MITSUBISHI,OUTLANDER,AUTOMATIC,142249,13990,NSW,2014
2011 Nissan X-TRAIL ST T31 AUTO 2WD,white,PETROL,NISSAN,X-TRAIL,AUTOMATIC,232000,9999,SA,2011
2011 Toyota Yaris,grey,OTHER,TOYOTA,YARIS,AUTOMATIC,150000,7950,WA,2011
2014 Mercedes-Benz Sprinter,white,DIESEL,MERCEDES-BENZ,SPRINTER,AUTOMATIC,246500,19500,WA,2014
2014 Holden Commodore,white,PETROL,HOLDEN,COMMODORE,MANUAL,159000,36000,WA,2014
2023 Toyota corolla touring hybrid efour awd,white,HYBRID,TOYOTA,COROLLA,AUTOMATIC,48400,28500,VIC,2023
2022 BMW m240i xdrive,white,PETROL,BMW,M2,AUTOMATIC,33000,84250,QLD,2022
2012 Nissan Almera,white,PETROL,NISSAN,ALMERA,MANUAL,248000,3500,WA,2012
2017 Toyota Fortuner,charcoal,DIESEL,TOYOTA,FORTUNER,AUTOMATIC,198000,32000,WA,2017
2015 Mazda CX-5,blue,DIESEL,MAZDA,CX-5,AUTOMATIC,209798,16000,WA,2015
2016 Renault Megane,white,OTHER,RENAULT,MEGANE,AUTOMATIC,108000,12500,QLD,2016
2007 Toyota Hilux,white,PETROL,TOYOTA,HILUX,MANUAL,290789,13000,QLD,2007
1993 Toyota Hilux,white,DIESEL,TOYOTA,HILUX,MANUAL,418000,5000,QLD,1993
"2021 Ford ranger px mkiii my21.25 xls pick-up double cab 4dr spts auto 6sp, 4x4 991kg 3.2dt",white,DIESEL,FORD,RANGER,AUTOMATIC,163995,27990,QLD,2021
2003 Holden Commodore,grey,PETROL,HOLDEN,COMMODORE,AUTOMATIC,220000,12345,QLD,2003
2020 Ford Ranger,white,DIESEL,FORD,RANGER,AUTOMATIC,202332,27000,QLD,2020
2011 Toyota Corolla,grey,PETROL,TOYOTA,COROLLA,AUTOMATIC,242386,8500,QLD,2011
2006 Volkswagen Golf,black,OTHER,VOLKSWAGEN,GOLF,AUTOMATIC,198000,3600,QLD,2006
2005 Toyota RAV4,silver,PETROL,TOYOTA,RAV4,MANUAL,141000,11990,WA,2005
2010 Mitsubishi ASX,silver,PETROL,MITSUBISHI,ASX,MANUAL,230000,6000,QLD,2010
2024 Mazda CX-5,black,PETROL,MAZDA,CX-5,AUTOMATIC,280001,37500,NSW,2024
1977 Chrysler Valiant,white,OTHER,CHRYSLER,VALIANT,AUTOMATIC,246254,22000,NSW,1977
2009 Holden commodore ss ute,green,PETROL,HOLDEN,COMMODORE,MANUAL,200000,39000,NSW,2009
2012 Subaru Liberty,white,PETROL,SUBARU,LIBERTY,AUTOMATIC,144000,12999,NSW,2012
2003 Holden Commodore,red,PETROL,HOLDEN,COMMODORE,AUTOMATIC,4800,17000,VIC,2003
2016 Volvo XC60 T5 Luxury In White,white,PETROL,VOLVO,XC60,AUTOMATIC,128937,19990,VIC,2016
2012 Nissan Navara,black,DIESEL,NISSAN,NAVARA,MANUAL,257000,10000,VIC,2012
2006 Toyota Corolla,silver,PETROL,TOYOTA,COROLLA,AUTOMATIC,270000,4200,NSW,2006
2012 Holden Commodore,red,PETROL,HOLDEN,COMMODORE,AUTOMATIC,279890,3300,VIC,2012
1997 Nissan Nissan Skyline GT-R,grey,PETROL,NISSAN,GT-R,MANUAL,161000,98000,NSW,1997
2010 Hyundai Getz,red,PETROL,HYUNDAI,GETZ,AUTOMATIC,170000,5050,VIC,2010
2008 BMW 320d,black,DIESEL,BMW,SERIES 3,AUTOMATIC,239800,5000,VIC,2008
2016 Nissan Navara,white,DIESEL,NISSAN,NAVARA,AUTOMATIC,160000,38000,VIC,2016
2005 Toyota Hilux,black,DIESEL,TOYOTA,HILUX,MANUAL,334000,13500,VIC,2005
2007 Mazda Tribute,black,PETROL,MAZDA,TRIBUTE,AUTOMATIC,279000,2500,VIC,2007
2004 Honda Accord,black,PETROL,HONDA,ACCORD,AUTOMATIC,269000,3200,VIC,2004
2007 Nissan Patrol,gold,DIESEL,NISSAN,PATROL,MANUAL,197000,29000,SA,2007
2012 Holden cruze,green,PETROL,HOLDEN,CRUZE,AUTOMATIC,167712,4500,VIC,2012
2012 Ford Mondeo,black,DIESEL,FORD,MONDEO,AUTOMATIC,22400,8000,SA,2012
2020 Ford mustang gt,red,PETROL,FORD,MUSTANG,AUTOMATIC,7200,79900,VIC,2020
1996 Holden Commodore,white,OTHER,HOLDEN,COMMODORE,AUTOMATIC,286000,2900,SA,1996
2016 Hyundai Accent,yellow,OTHER,HYUNDAI,ACCENT,AUTOMATIC,228000,4500,VIC,2016
2019 Toyota kakadu prado,black,DIESEL,TOYOTA,PRADO,AUTOMATIC,77500,64000,SA,2019
2010 Nissan Patrol,white,DIESEL,NISSAN,PATROL,MANUAL,175600,28000,SA,2010
2002 Nissan Patrol,silver,DIESEL,NISSAN,PATROL,AUTOMATIC,323000,16000,SA,2002
2014 Audi S3,grey,OTHER,AUDI,S3,AUTOMATIC,165000,24000,VIC,2014
2018 Mitsubishi Pajero,brown,DIESEL,MITSUBISHI,PAJERO,AUTOMATIC,138500,32000,SA,2018
2017 Hyundai iMax,white,DIESEL,HYUNDAI,IMAX,AUTOMATIC,203000,16999,SA,2017
2013 Mitsubishi Challenger Turbo Diesel Wagon,silver,DIESEL,MITSUBISHI,CHALLENGER,AUTOMATIC,161585,16999,SA,2013
2015 Mitsubishi Mitsubishi Express,grey,DIESEL,MITSUBISHI,EXPRESS,AUTOMATIC,166000,17500,SA,2015
1984 Holden Calais,silver,PETROL,HOLDEN,CALAIS,AUTOMATIC,186000,8000,SA,1984
2013 Ford Fiesta,blue,PETROL,FORD,FIESTA,MANUAL,194000,3500,SA,2013
2018 Lexus Lexus LS 500h,blue,HYBRID,LEXUS,LS,AUTOMATIC,32000,59980,SA,2018
2008 Holden Captiva,white,DIESEL,HOLDEN,CAPTIVA,AUTOMATIC,215000,6200,SA,2008
2004 Toyota Echo,black,PETROL,TOYOTA,ECHO,AUTOMATIC,258837,7000,VIC,2004
2014 Volkswagen Amarok,white,DIESEL,VOLKSWAGEN,AMAROK,MANUAL,250000,12000,VIC,2014
2018 Toyota RAV4,white,PETROL,TOYOTA,RAV4,AUTOMATIC,123569,25888,VIC,2018
2007 Subaru liberty gt spec b,silver,PETROL,SUBARU,LIBERTY,AUTOMATIC,208000,8500,VIC,2007
2018 Toyota Corolla Ascent Hatch ZRE182 Auto RWC Rego Drive Away!,white,PETROL,TOYOTA,COROLLA,AUTOMATIC,105243,19990,VIC,2018
2006 Subaru WRX,blue,PETROL,SUBARU,WRX,MANUAL,110000,25000,VIC,2006
2002 Toyota Echo,red,PETROL,TOYOTA,ECHO,AUTOMATIC,277158,3000,WA,2002
2017 Ford Ranger,black,DIESEL,FORD,RANGER,AUTOMATIC,250000,12000,VIC,2017
2005 Holden Vz ssv Ute commodore,black,PETROL,HOLDEN,COMMODORE,MANUAL,200000,18000,VIC,2005
2008 Ford transit 5 seat van,white,DIESEL,FORD,TRANSIT,MANUAL,253000,9900,VIC,2008
2004 Honda CR-V,grey,PETROL,HONDA,CR-V,AUTOMATIC,270000,5000,SA,2004
2003 Honda Accord,white,PETROL,HONDA,ACCORD,AUTOMATIC,176000,3000,VIC,2003
1988 Holden Calais,red,PETROL,HOLDEN,CALAIS,MANUAL,80000,22243,VIC,1988
2000 Subaru WRX,white,PETROL,SUBARU,WRX,MANUAL,181000,22850,NSW,2000
2010 Toyota RAV4,charcoal,PETROL,TOYOTA,RAV4,AUTOMATIC,160000,11500,NSW,2010
2021 Volkswagen Passat,silver,PETROL,VOLKSWAGEN,PASSAT,AUTOMATIC,67745,25700,SA,2021
2015 Nissan Patrol Y62 Ute Conversion Dual Cab,white,PETROL,NISSAN,PATROL,AUTOMATIC,210000,93000,VIC,2015
2016 Kia Optima,white,PETROL,KIA,OPTIMA,AUTOMATIC,127000,15000,WA,2016
2023 MINI Cooper,green,PETROL,MINI,COOPER,AUTOMATIC,36000,28900,NSW,2023
2016 Mitsubishi Pajero,silver,DIESEL,MITSUBISHI,PAJERO,AUTOMATIC,135000,27599,WA,2016
2007 Holden Commodore,white,PETROL,HOLDEN,COMMODORE,MANUAL,12345,22000,WA,2007
2016 Ford Ranger,blue,DIESEL,FORD,RANGER,AUTOMATIC,200000,21500,WA,2016
2013 Holden Captiva,grey,DIESEL,HOLDEN,CAPTIVA,AUTOMATIC,143000,5000,WA,2013
2007 Land Rover Discovery Sport,grey,DIESEL,LAND-ROVER,DISCOVERY SPORT,AUTOMATIC,430000,4000,WA,2007
2005 Land Rover Range Rover Sport,silver,DIESEL,LAND-ROVER,RANGE ROVER SPORT,AUTOMATIC,374000,7500,WA,2005
2010 Suzuki Alto GF,white,OTHER,SUZUKI,ALTO,MANUAL,187000,4000,WA,2010
2015 Mazda CX-9,charcoal,PETROL,MAZDA,CX-9,AUTOMATIC,152500,14500,WA,2015
2011 Mitsubishi Triton,white,DIESEL,MITSUBISHI,TRITON,MANUAL,180000,10000,WA,2011
2017 Kia Stinger,red,PETROL,KIA,STINGER,AUTOMATIC,218300,28999,WA,2017
2009 Hyundai Accent,gold,OTHER,HYUNDAI,ACCENT,AUTOMATIC,123000,5500,WA,2009
2020 Isuzu MU-X,white,DIESEL,ISUZU,MU-X,AUTOMATIC,148000,39000,QLD,2020
2007 Toyota Camry,white,PETROL,TOYOTA,CAMRY,AUTOMATIC,317000,4950,QLD,2007
2019 Lexus LS500h,white,HYBRID,LEXUS,LS,AUTOMATIC,43672,74990,WA,2019
1998 Holden Commodore,white,PETROL,HOLDEN,COMMODORE,AUTOMATIC,230000,2700,QLD,1998
2015 MINI Cooper,green,PETROL,MINI,COOPER,AUTOMATIC,135245,14000,QLD,2015
2011 Toyota Yaris,grey,PETROL,TOYOTA,YARIS,MANUAL,214000,4900,QLD,2011
2012 Toyota Hiace,orange,DIESEL,TOYOTA,HIACE,AUTOMATIC,378000,14500,QLD,2012
2005 Kia Sportage,black,PETROL,KIA,SPORTAGE,AUTOMATIC,230000,5900,QLD,2005
2012 Volkswagen Polo,silver,PETROL,VOLKSWAGEN,POLO,MANUAL,80860,6950,QLD,2012
2006 Toyota RAV4,grey,PETROL,TOYOTA,RAV4,MANUAL,266000,5000,QLD,2006
2014 Hyundai Ix35,grey,PETROL,HYUNDAI,IX35,AUTOMATIC,200000,9000,QLD,2014
2011 Toyota Landcruiser 200,white,DIESEL,TOYOTA,LANDCRUISER,AUTOMATIC,401325,45000,QLD,2011
2015 Holden Commodore,black,PETROL,HOLDEN,COMMODORE,AUTOMATIC,61500,45000,QLD,2015
2022 Great Wall Ute,black,DIESEL,GWM,UTE,AUTOMATIC,74300,25500,QLD,2022
2023 Ford Ranger,black,DIESEL,FORD,RANGER,AUTOMATIC,33000,65000,QLD,2023
2000 Toyota Century ,black,PETROL,TOYOTA,TOYOTA CENTURY,AUTOMATIC,124000,28888,QLD,2000
2014 Kia Rio,blue,PETROL,KIA,RIO,AUTOMATIC,200000,6000,VIC,2014
1968 Dodge Charger,white,PETROL,DODGE,CHARGER,AUTOMATIC,5000,155000,VIC,1968
1965 Mercedes-Benz Mercedes-Benz 220S,white,PETROL,MERCEDES-BENZ,MERCEDES-BENZ 220S,MANUAL,29000,14000,VIC,1965
2016 Toyota FJ Cruiser,white,OTHER,TOYOTA,FJ CRUISER,AUTOMATIC,92000,53500,VIC,2016
2013 Ford Falcon,grey,PETROL,FORD,FALCON,AUTOMATIC,260000,5499,VIC,2013
2014 Holden CRUZE,blue,PETROL,HOLDEN,CRUZE,AUTOMATIC,119325,5750,VIC,2014
1999 Toyota Crown,silver,PETROL,TOYOTA,CROWN,AUTOMATIC,170000,18500,VIC,1999
2021 LDV d90,grey,PETROL,LDV,D90,AUTOMATIC,90300,20000,VIC,2021
2009 Mercedes-Benz E320 ,black,PETROL,MERCEDES-BENZ,E-CLASS,AUTOMATIC,151000,4500,VIC,2009
2016 Hyundai i30,white,PETROL,HYUNDAI,I30,MANUAL,275000,10000,VIC,2016
2015 Hyundai i30,white,PETROL,HYUNDAI,I30,AUTOMATIC,59000,16000,VIC,2015
2007 Volkswagen Polo,silver,PETROL,VOLKSWAGEN,POLO,MANUAL,193566,4500,VIC,2007
2016 Audi Q5 S-Line,white,DIESEL,AUDI,Q5,AUTOMATIC,53000,36990,SA,2016
2015 Mercedes-Benz CLA 250 sports ,black,PETROL,MERCEDES-BENZ,CLA,AUTOMATIC,70200,29500,SA,2015
2011 Toyota Landcruiser Prado,white,PETROL,TOYOTA,LANDCRUISER,AUTOMATIC,295000,26500,SA,2011
2019 Volkswagen Tiguan,white,PETROL,VOLKSWAGEN,TIGUAN,AUTOMATIC,152000,25000,SA,2019
2013 Nissan X-Trail,grey,PETROL,NISSAN,X-TRAIL,AUTOMATIC,118000,12300,SA,2013
2009 Holden Ute,black,PETROL,HOLDEN,UTE,MANUAL,155000,11500,SA,2009
2008 Toyota Kluger,black,PETROL,TOYOTA,KLUGER,AUTOMATIC,226487,11000,SA,2008
2007 Volkswagen Golf,red,PETROL,VOLKSWAGEN,GOLF,AUTOMATIC,184000,7500,SA,2007
2018 Mercedes-Benz c63s,black,PETROL,MERCEDES-BENZ,C63S,AUTOMATIC,78000,79500,SA,2018
2008 Toyota Aurion,white,PETROL,TOYOTA,AURION,AUTOMATIC,271502,6000,SA,2008
2010 Ford Fiesta,black,PETROL,FORD,FIESTA,MANUAL,110000,4200,SA,2010
2012 Toyota Kluger KX-R,white,PETROL,TOYOTA,KLUGER,AUTOMATIC,101677,17800,SA,2012
2010 Nissan Navara,white,DIESEL,NISSAN,NAVARA,AUTOMATIC,220000,10000,SA,2010
2022 Suzuki Jimny,grey,PETROL,SUZUKI,JIMNY,AUTOMATIC,37600,32500,NSW,2022
2009 Audi A4,silver,PETROL,AUDI,A4,MANUAL,219000,4000,NSW,2009
2020 LDV T60 Luxe,black,DIESEL,LDV,T60,MANUAL,109000,23000,NSW,2020
2022 Mercedes-Benz a-class,black,PETROL,MERCEDES-BENZ,A-CLASS,AUTOMATIC,16300,46500,NSW,2022
1992 Nissan Patrol,white,DIESEL,NISSAN,PATROL,MANUAL,472000,32000,NSW,1992
2000 Toyota Avalon,green,PETROL,TOYOTA,AVALON,AUTOMATIC,225000,4500,NSW,2000
2013 Holden Captiva,silver,PETROL,HOLDEN,CAPTIVA,AUTOMATIC,164000,4500,NSW,2013
2020 Volkswagen tcross,turquoise,PETROL,VOLKSWAGEN,TCROSS,AUTOMATIC,77000,18990,NSW,2020
2024 Ford Ranger,blue,PETROL,FORD,RANGER,AUTOMATIC,11000,80000,NSW,2024
2007 Mazda RX-8,black,PETROL,MAZDA,RX-8,MANUAL,143000,10000,NSW,2007
2019 Volkswagen Tiguan,white,PETROL,VOLKSWAGEN,TIGUAN,AUTOMATIC,88800,31500,NSW,2019
2018 Jeep Wrangler,white,PETROL,JEEP,WRANGLER,AUTOMATIC,120000,26000,NSW,2018
2024 MG HS VIBE,black,PETROL,MG,HS,AUTOMATIC,300,33700,NSW,2024
2008 Toyota Aurion,white,PETROL,TOYOTA,AURION,AUTOMATIC,240000,7500,NSW,2008
2015 Land Rover Defender,white,DIESEL,LAND-ROVER,DEFENDER,MANUAL,144000,67000,NSW,2015
2019 Ford Ranger,white,DIESEL,FORD,RANGER,AUTOMATIC,93771,35000,QLD,2019
2017 Mercedes-Benz cla 250 sport,white,PETROL,MERCEDES-BENZ,CLA,AUTOMATIC,95000,29000,NSW,2017
2024 Ford Everest,silver,DIESEL,FORD,EVEREST,AUTOMATIC,15500,58000,VIC,2024
2020 Mercedes-Benz Sprinter,white,DIESEL,MERCEDES-BENZ,SPRINTER,AUTOMATIC,127000,37499,VIC,2020
2012 Jeep Wrangler,black,PETROL,JEEP,WRANGLER,AUTOMATIC,240000,11750,NSW,2012
2023 Kia Seltos,charcoal,PETROL,KIA,SELTOS,AUTOMATIC,55000,32300,SA,2023
2008 Volkswagen Golf,grey,DIESEL,VOLKSWAGEN,GOLF,AUTOMATIC,275000,4500,SA,2008
2012 Mazda CX-9,blue,PETROL,MAZDA,CX-9,AUTOMATIC,197000,11850,SA,2012
2014 Ford Falcon,blue,PETROL,FORD,FALCON,AUTOMATIC,151469,26000,SA,2014
2011 Honda Accord,white,PETROL,HONDA,ACCORD,AUTOMATIC,213600,8500,SA,2011
2015 Toyota Yaris,blue,PETROL,TOYOTA,YARIS,AUTOMATIC,128000,12000,SA,2015
1997 Toyota Landcruiser,white,PETROL,TOYOTA,LANDCRUISER,AUTOMATIC,291000,17500,SA,1997
1997 Mercedes-Benz C180,silver,PETROL,MERCEDES-BENZ,C-CLASS,AUTOMATIC,220000,3000,SA,1997
2015 Jeep Grand Cherokee,grey,DIESEL,JEEP,GRAND CHEROKEE,AUTOMATIC,121407,18500,VIC,2015
2021 Toyota Rav4 Hybrid AWD,grey,HYBRID,TOYOTA,RAV4,AUTOMATIC,182300,29900,SA,2021
2005 Nissan 350Z,silver,PETROL,NISSAN,350Z,MANUAL,250000,16500,SA,2005
2015 Hyundai IX35 SE,white,OTHER,HYUNDAI,IX35,AUTOMATIC,170000,13990,SA,2015
2011 Volkswagen Amarok,silver,DIESEL,VOLKSWAGEN,AMAROK,MANUAL,241605,12000,SA,2011
2016 Honda s660,red,OTHER,HONDA,S660,AUTOMATIC,20792,28900,SA,2016
2003 Ford Falcon,blue,PETROL,FORD,FALCON,AUTOMATIC,232000,9000,SA,2003
2020 Kia seltos,blue,PETROL,KIA,SELTOS,AUTOMATIC,110000,22000,VIC,2020
2022 Kia Sportage,white,PETROL,KIA,SPORTAGE,AUTOMATIC,66000,33300,VIC,2022
2019 Mitsubishi MY20 MR Triton GLS+ Premium ,blue,OTHER,MITSUBISHI,TRITON,AUTOMATIC,95000,37999,SA,2019
2019 Subaru liberty 2.5 i premium,white,PETROL,SUBARU,LIBERTY,AUTOMATIC,107000,19999,VIC,2019
2004 Subaru Impreza,white,PETROL,SUBARU,IMPREZA,AUTOMATIC,185000,4100,VIC,2004
2012 Volkswagen Amarok ,grey,DIESEL,VOLKSWAGEN,AMAROK,AUTOMATIC,191000,15990,SA,2012
2021 Mazda CX-3,white,PETROL,MAZDA,CX-3,MANUAL,90000,22000,VIC,2021
2018 Toyota Hilux,silver,DIESEL,TOYOTA,HILUX,AUTOMATIC,207100,39950,VIC,2018
2014 Toyota Corolla,red,PETROL,TOYOTA,COROLLA,AUTOMATIC,49000,17000,VIC,2014
2015 Ford Territory Titanium ~ 7 Seater,white,DIESEL,FORD,TERRITORY,AUTOMATIC,236000,10990,VIC,2015
1975 Ford Escort,blue,PETROL,FORD,ESCORT,MANUAL,123456,36500,VIC,1975
2013 Mercedes-Benz Vito Auto Van,black,DIESEL,MERCEDES-BENZ,VITO,AUTOMATIC,161490,19990,QLD,2013
2017 Mitsubishi Lancer,grey,OTHER,MITSUBISHI,LANCER,AUTOMATIC,211000,13000,VIC,2017
2016 Toyota Hiace,white,DIESEL,TOYOTA,HIACE,MANUAL,168000,22000,VIC,2016
2010 Volvo XC60,gold,PETROL,VOLVO,XC60,AUTOMATIC,140084,6490,QLD,2010
2017 Volkswagen Polo,black,OTHER,VOLKSWAGEN,POLO,AUTOMATIC,127000,10900,QLD,2017
2007 BMW X5,grey,OTHER,BMW,X5,AUTOMATIC,256000,7500,VIC,2007
2010 Kia Sportage,blue,PETROL,KIA,SPORTAGE,MANUAL,212000,5800,QLD,2010
2004 Nissan Patrol,gold,PETROL,NISSAN,PATROL,AUTOMATIC,261000,16000,QLD,2004
2012 Suzuki swift gl *** automatic petrol *** finance available ***,blue,PETROL,SUZUKI,SWIFT,AUTOMATIC,201332,5999,QLD,2012
2009 Toyota Corolla,blue,OTHER,TOYOTA,COROLLA,AUTOMATIC,260000,5500,QLD,2009
2013 Nissan LEAF,white,OTHER,NISSAN,LEAF,AUTOMATIC,76000,7999,QLD,2013
2012 Ford Falcon,silver,PETROL,FORD,FALCON,AUTOMATIC,258000,17000,QLD,2012
2003 Toyota Landcruiser,white,DIESEL,TOYOTA,LANDCRUISER,MANUAL,286000,35000,QLD,2003
2010 MINI Cooper,red,PETROL,MINI,COOPER,AUTOMATIC,209000,6000,QLD,2010
2001 Volkswagen Bora,silver,PETROL,VOLKSWAGEN,BORA,MANUAL,251000,8800,QLD,2001
2011 Holden Commodore,white,PETROL,HOLDEN,COMMODORE,AUTOMATIC,230000,7000,QLD,2011
2007 Nissan X-Trail,white,OTHER,NISSAN,X-TRAIL,AUTOMATIC,242800,5500,QLD,2007
1963 Holden Holden EJ,pink,PETROL,HOLDEN,HOLDEN EJ,MANUAL,557313,8500,QLD,1963
2015 Jeep Grand Cherokee,grey,PETROL,JEEP,GRAND CHEROKEE,AUTOMATIC,239211,17000,NSW,2015
2020 Mercedes-Benz a-class,grey,OTHER,MERCEDES-BENZ,A-CLASS,AUTOMATIC,50000,38000,NSW,2020
2024 Mazda BT-50,grey,DIESEL,MAZDA,BT-50,AUTOMATIC,13800,46000,NSW,2024
2005 Toyota Corolla,white,PETROL,TOYOTA,COROLLA,AUTOMATIC,229584,3700,NSW,2005
2018 Honda Civic,grey,PETROL,HONDA,CIVIC,AUTOMATIC,142000,22250,NSW,2018
2013 Toyota Camry,silver,HYBRID,TOYOTA,CAMRY,AUTOMATIC,340000,10000,NSW,2013
1965 Volkswagen Beetle,white,OTHER,VOLKSWAGEN,BEETLE,MANUAL,1234,12400,NSW,1965
2022 Toyota Hilux,white,OTHER,TOYOTA,HILUX,AUTOMATIC,48000,65000,NSW,2022
2015 Toyota Yaris,blue,OTHER,TOYOTA,YARIS,AUTOMATIC,137000,13990,NSW,2015
2004 Nissan Elgrand,gold,PETROL,NISSAN,ELGRAND,AUTOMATIC,145000,4900,NSW,2004
2016 Mercedes-Benz A45 AMG,white,PETROL,MERCEDES-BENZ,A-CLASS,AUTOMATIC,132828,34897,WA,2016
2018 Toyota yaris / vitz,black,HYBRID,TOYOTA,YARIS,AUTOMATIC,109000,15750,WA,2018
2013 Subaru XV,white,PETROL,SUBARU,XV,AUTOMATIC,169500,10900,WA,2013
2012 Subaru XV,charcoal,PETROL,SUBARU,XV,MANUAL,152000,10500,WA,2012
2009 Holden cruze,grey,PETROL,HOLDEN,CRUZE,MANUAL,236000,12345,WA,2009
2017 Volkswagen Golf Comfortline ,white,PETROL,VOLKSWAGEN,GOLF,AUTOMATIC,110000,12990,WA,2017
2019 Honda Odyssey,white,PETROL,HONDA,ODYSSEY,AUTOMATIC,93500,26500,WA,2019
2006 Holden Astra,grey,PETROL,HOLDEN,ASTRA,MANUAL,195000,9000,QLD,2006
2002 Toyota Corolla,blue,PETROL,TOYOTA,COROLLA,AUTOMATIC,344000,3800,QLD,2002
2015 Jeep KL Cherokee Blackhawk 4x4 Wagon,white,PETROL,JEEP,CHEROKEE,AUTOMATIC,143433,13999,SA,2015
2010 Audi A5,silver,PETROL,AUDI,A5,AUTOMATIC,104000,15000,VIC,2010
2017 Audi A6,black,DIESEL,AUDI,A6,AUTOMATIC,61768,45000,NSW,2017
2007 Toyota Hilux,silver,DIESEL,TOYOTA,HILUX,MANUAL,359000,14000,NSW,2007
2013 Nissan Murano Z51 Ti AWD Premium Luxury,white,PETROL,NISSAN,MURANO,AUTOMATIC,144268,11350,NSW,2013
2008 Holden Barina,blue,PETROL,HOLDEN,BARINA,AUTOMATIC,125000,3000,SA,2008
2005 Toyota RAV4,white,PETROL,TOYOTA,RAV4,AUTOMATIC,232255,5750,NSW,2005
2013 Ford Fiesta,white,PETROL,FORD,FIESTA,MANUAL,245458,3400,NSW,2013
2005 Ford Falcon,black,PETROL,FORD,FALCON,AUTOMATIC,144000,9000,NSW,2005
2014 Volkswagen Golf,white,PETROL,VOLKSWAGEN,GOLF,MANUAL,154000,18500,NSW,2014
2008 Audi S5,grey,PETROL,AUDI,S5,MANUAL,184000,20000,NSW,2008
2021 Mazda CX-3,red,PETROL,MAZDA,CX-3,AUTOMATIC,36696,28950,NSW,2021
2011 Toyota Hilux,black,PETROL,TOYOTA,HILUX,AUTOMATIC,225000,15900,NSW,2011
2010 Audi Q5,white,PETROL,AUDI,Q5,AUTOMATIC,173000,8000,NSW,2010
2016 Mitsubishi Outlander,white,PETROL,MITSUBISHI,OUTLANDER,AUTOMATIC,1000,12400,NSW,2016
2019 Nissan X-Trail,red,PETROL,NISSAN,X-TRAIL,AUTOMATIC,110700,18000,NSW,2019
2002 HSV HSV Maloo,blue,PETROL,HSV,MALOO,MANUAL,52000,38500,NSW,2002
2019 Ford Mustang,green,OTHER,FORD,MUSTANG,AUTOMATIC,47000,75000,NSW,2019
2003 Toyota Landcruiser 100,white,PETROL,TOYOTA,LANDCRUISER,AUTOMATIC,370000,21000,NSW,2003
2013 Mazda BT-50,grey,DIESEL,MAZDA,BT-50,AUTOMATIC,180000,13500,NSW,2013
2005 Honda Accord,black,OTHER,HONDA,ACCORD,AUTOMATIC,285000,4800,NSW,2005
2015 Ford Ranger,white,DIESEL,FORD,RANGER,AUTOMATIC,125000,20000,NSW,2015
2008 Toyota Kluger ,blue,PETROL,TOYOTA,KLUGER,AUTOMATIC,180000,7500,NSW,2008
2008 Ford Territory,silver,PETROL,FORD,TERRITORY,AUTOMATIC,255000,3200,VIC,2008
2009 Subaru Outback,silver,PETROL,SUBARU,OUTBACK,MANUAL,138500,4500,VIC,2009
2017 Ford Focus,white,OTHER,FORD,FOCUS,MANUAL,66000,37000,VIC,2017
2012 Toyota Camry,black,HYBRID,TOYOTA,CAMRY,AUTOMATIC,115165,17000,NSW,2012
1991 Toyota 4Runner,red,PETROL,TOYOTA,4RUNNER,AUTOMATIC,123456,3500,VIC,1991
2009 Hyundai Santa Fe,white,DIESEL,HYUNDAI,SANTA FE,AUTOMATIC,371152,2750,VIC,2009
2015 Holden Captiva,white,PETROL,HOLDEN,CAPTIVA,AUTOMATIC,136120,10500,VIC,2015
2017 Ford Escape,blue,PETROL,FORD,ESCAPE,AUTOMATIC,185000,9850,VIC,2017
2013 Hyundai Elantra,silver,PETROL,HYUNDAI,ELANTRA,AUTOMATIC,87500,10800,VIC,2013
2012 Holden Commodore,turquoise,PETROL,HOLDEN,COMMODORE,AUTOMATIC,110000,9000,VIC,2012
2014 Toyota Prius c,white,PETROL,TOYOTA,PRIUS C,AUTOMATIC,120000,13500,VIC,2014
2004 Mitsubishi Triton ,purple,PETROL,MITSUBISHI,TRITON,AUTOMATIC,139000,6500,VIC,2004
2004 Holden Commodore,white,PETROL,HOLDEN,COMMODORE,MANUAL,220000,26500,VIC,2004
2001 Nissan Patrol,gold,DIESEL,NISSAN,PATROL,MANUAL,286500,29999,VIC,2001
2003 Toyota Hiace,white,PETROL,TOYOTA,HIACE,MANUAL,422633,5500,VIC,2003
2011 Alfa Romeo Giulietta,red,PETROL,ALFA-ROMEO,GIULIETTA,MANUAL,82326,11000,VIC,2011
2020 Toyota Camry,white,HYBRID,TOYOTA,CAMRY,AUTOMATIC,72872,29990,SA,2020
2022 Great Wall cannon,white,DIESEL,GWM,CANNON,AUTOMATIC,72639,28000,SA,2022
2005 Toyota Landcruiser 100,silver,DIESEL,TOYOTA,LANDCRUISER,MANUAL,460000,23000,SA,2005
2017 Nissan leaf azeo autech 30kwh,black,ELECTRIC,NISSAN,LEAF,AUTOMATIC,90000,12500,SA,2017
2012 Nissan Navara,grey,DIESEL,NISSAN,NAVARA,MANUAL,156000,16000,SA,2012
2001 Nissan Patrol ST Rebuilt,silver,DIESEL,NISSAN,PATROL,AUTOMATIC,390,10000,SA,2001
2003 Subaru Liberty,red,PETROL,SUBARU,LIBERTY,MANUAL,225000,3500,SA,2003
2010 Suzuki Alto,silver,PETROL,SUZUKI,ALTO,MANUAL,120000,5000,SA,2010
1974 Holden Holden Torana,blue,OTHER,HOLDEN,TORANA,AUTOMATIC,123456,65000,SA,1974
2019 Kia Carnival,white,DIESEL,KIA,CARNIVAL,AUTOMATIC,87042,38000,SA,2019
2010 Holden Commodore,blue,PETROL,HOLDEN,COMMODORE,AUTOMATIC,189563,6999,SA,2010
2020 BMW X1,white,PETROL,BMW,X1,AUTOMATIC,81360,26990,QLD,2020
2010 Hyundai Getz,grey,PETROL,HYUNDAI,GETZ,AUTOMATIC,195000,3800,SA,2010
2001 Toyota Hilux,grey,PETROL,TOYOTA,HILUX,MANUAL,290000,15000,SA,2001
2015 Hyundai Elantra,silver,PETROL,HYUNDAI,ELANTRA,AUTOMATIC,201801,9000,QLD,2015
2006 Toyota Camry,white,PETROL,TOYOTA,CAMRY,AUTOMATIC,289000,4500,QLD,2006
2010 Holden Commodore,red,PETROL,HOLDEN,COMMODORE,AUTOMATIC,320803,17000,QLD,2010
2010 Toyota Corolla,black,OTHER,TOYOTA,COROLLA,AUTOMATIC,251800,6800,QLD,2010
2018 Lexus Lexus NX 300,red,PETROL,LEXUS,NX,AUTOMATIC,113000,32000,QLD,2018
2021 Toyota landcruiser 200 sahara 2021,black,DIESEL,TOYOTA,LANDCRUISER,AUTOMATIC,114734,113990,QLD,2021
2008 Nissan Navara,red,DIESEL,NISSAN,NAVARA,MANUAL,230000,9600,QLD,2008
1999 Toyota Corolla,grey,PETROL,TOYOTA,COROLLA,AUTOMATIC,240000,3200,QLD,1999
1996 Nissan Patrol,red,PETROL,NISSAN,PATROL,MANUAL,1200,4500,QLD,1996
2010 Nissan Dualis,white,PETROL,NISSAN,DUALIS,MANUAL,198000,8990,QLD,2010
2017 Toyota Hilux,black,DIESEL,TOYOTA,HILUX,MANUAL,350000,12345,QLD,2017
2009 BMW series 3,blue,PETROL,BMW,SERIES 3,AUTOMATIC,13790,21700,QLD,2009
2014 Toyota Landcruiser Prado,white,DIESEL,TOYOTA,LANDCRUISER,MANUAL,182000,27500,QLD,2014
2000 Honda CR-V,white,PETROL,HONDA,CR-V,MANUAL,335000,8000,WA,2000
2008 Ford Falcon,grey,PETROL,FORD,FALCON,AUTOMATIC,304000,7000,WA,2008
2012 Hyundai Santa Fe,white,DIESEL,HYUNDAI,SANTA FE,AUTOMATIC,174000,10500,WA,2012
2009 Nissan Tiida,silver,PETROL,NISSAN,TIIDA,AUTOMATIC,232119,2800,QLD,2009
2015 Volkswagen Polo,white,PETROL,VOLKSWAGEN,POLO,MANUAL,63465,13995,WA,2015
1984 Toyota corona,blue,PETROL,TOYOTA,CORONA,AUTOMATIC,70000,3000,WA,1984
2014 Ford Ranger,black,DIESEL,FORD,RANGER,AUTOMATIC,240000,15000,QLD,2014
1986 Toyota Hilux,beige,PETROL,TOYOTA,HILUX,MANUAL,311000,5000,VIC,1986
2012 Mercedes-Benz Mercedes-Benz ML350,silver,DIESEL,MERCEDES-BENZ,MERCEDES-BENZ ML350,AUTOMATIC,3235,9500,SA,2012
2004 Holden Rodeo,white,PETROL,HOLDEN,RODEO,MANUAL,358000,2800,QLD,2004
2008 Honda Accord,grey,OTHER,HONDA,ACCORD,AUTOMATIC,200000,7000,VIC,2008
2009 BMW series 1,grey,PETROL,BMW,SERIES 1,AUTOMATIC,161475,2500,SA,2009
2017 Toyota Camry,black,PETROL,TOYOTA,CAMRY,AUTOMATIC,111398,17000,WA,2017
2008 Nissan Patrol,white,DIESEL,NISSAN,PATROL,MANUAL,250000,22000,NSW,2008
2014 Toyota Landcruiser Prado,white,DIESEL,TOYOTA,LANDCRUISER,AUTOMATIC,230000,45000,NSW,2014
2010 Subaru Forester,grey,PETROL,SUBARU,FORESTER,MANUAL,249000,9900,NSW,2010
2010 Volkswagen Golf,grey,DIESEL,VOLKSWAGEN,GOLF,AUTOMATIC,134000,6850,NSW,2010
2013 Kia Rio,silver,OTHER,KIA,RIO,MANUAL,245000,4500,NSW,2013
2015 Renault clio rs 200,black,PETROL,RENAULT,CLIO,AUTOMATIC,128000,11000,NSW,2015
2007 Toyota Camry,red,PETROL,TOYOTA,CAMRY,AUTOMATIC,177000,6500,NSW,2007
2015 Holden captiva 7 ls my15 sn2337m,white,DIESEL,HOLDEN,CAPTIVA,AUTOMATIC,91931,8995,NSW,2015
2001 Subaru liberty b4,silver,PETROL,SUBARU,LIBERTY,MANUAL,200000,12000,NSW,2001
2008 Volkswagen gti,white,PETROL,VOLKSWAGEN,GTI,AUTOMATIC,200000,6499,NSW,2008
2005 Subaru FORESTER XS MY05 SN2415I,white,PETROL,SUBARU,FORESTER,AUTOMATIC,252472,5995,NSW,2005
2017 Nissan Navara,grey,DIESEL,NISSAN,NAVARA,AUTOMATIC,145000,27900,NSW,2017
2010 Holden Holden Colorado,white,DIESEL,HOLDEN,COLORADO,MANUAL,240000,12000,NSW,2010
2015 Mazda CX-5,silver,PETROL,MAZDA,CX-5,MANUAL,133000,13000,NSW,2015
2022 Ford Ranger,grey,DIESEL,FORD,RANGER,AUTOMATIC,43000,52000,NSW,2022
1997 Holden Commodore,white,PETROL,HOLDEN,COMMODORE,AUTOMATIC,150000,11111,NSW,1997
2010 Mitsubishi Pajero,white,DIESEL,MITSUBISHI,PAJERO,AUTOMATIC,447000,12900,SA,2010
2012 Toyota Hilux,white,PETROL,TOYOTA,HILUX,MANUAL,261038,12950,NSW,2012
2018 Volkswagen Passat,white,PETROL,VOLKSWAGEN,PASSAT,AUTOMATIC,148000,27500,SA,2018
2003 Holden vy ss v8 ute,white,PETROL,HOLDEN,UTE,AUTOMATIC,143000,25000,SA,2003
2022 Suzuki Swift GL S Hatch,grey,PETROL,SUZUKI,SWIFT,MANUAL,21500,23881,SA,2022
2013 Subaru forester wagon 2.5i s4 my13,white,PETROL,SUBARU,FORESTER,AUTOMATIC,162676,12877,SA,2013
1991 Ford Maverick,white,PETROL,FORD,MAVERICK,MANUAL,200000,15000,SA,1991
2017 Iveco Daily,white,DIESEL,IVECO,DAILY,AUTOMATIC,276280,35000,NSW,2017
2014 Nissan Navara,blue,DIESEL,NISSAN,NAVARA,MANUAL,255563,9000,SA,2014
2008 Holden Commodore,blue,PETROL,HOLDEN,COMMODORE,AUTOMATIC,340000,3200,SA,2008
1999 Mitsubishi Mirage,white,PETROL,MITSUBISHI,MIRAGE,AUTOMATIC,152000,3999,SA,1999
2014 Hyundai Ix35,white,PETROL,HYUNDAI,IX35,MANUAL,206000,9000,NSW,2014
2000 Toyota Hilux,white,DIESEL,TOYOTA,HILUX,MANUAL,316400,15500,SA,2000
2006 Hyundai Tiburon,white,PETROL,HYUNDAI,TIBURON,MANUAL,170250,7500,SA,2006
1994 Ford Fairmont,grey,PETROL,FORD,FAIRMONT,AUTOMATIC,250000,2500,SA,1994
1984 Mazda rx7,green,OTHER,MAZDA,RX7,MANUAL,1111,17000,VIC,1984
2019 Holden Commodore,grey,PETROL,HOLDEN,COMMODORE,AUTOMATIC,88000,24999,VIC,2019
2013 Volkswagen Tiguan,white,PETROL,VOLKSWAGEN,TIGUAN,AUTOMATIC,167660,9000,VIC,2013
2014 Hyundai Hyundai iLOAD,white,DIESEL,HYUNDAI,ILOAD,AUTOMATIC,225395,13999,VIC,2014
2009 Ford Fiesta,black,PETROL,FORD,FIESTA,MANUAL,201001,4800,VIC,2009
2017 Toyota Yaris,white,PETROL,TOYOTA,YARIS,AUTOMATIC,129151,15388,SA,2017
2016 Holden Commodore,white,PETROL,HOLDEN,COMMODORE,AUTOMATIC,100150,26000,SA,2016
2017 Mazda CX-9,grey,PETROL,MAZDA,CX-9,AUTOMATIC,160000,26300,VIC,2017
2000 Toyota Hiace,white,PETROL,TOYOTA,HIACE,MANUAL,638659,10500,VIC,2000
2021 Toyota Corolla,red,HYBRID,TOYOTA,COROLLA,AUTOMATIC,151000,21499,VIC,2021
2007 Honda Civic,silver,PETROL,HONDA,CIVIC,AUTOMATIC,244000,5500,VIC,2007
2007 Hyundai Elantra,white,PETROL,HYUNDAI,ELANTRA,AUTOMATIC,254000,4800,VIC,2007
2020 MINI Clubman,grey,PETROL,MINI,CLUBMAN,AUTOMATIC,38000,45000,VIC,2020
2011 Hyundai Elantra,red,PETROL,HYUNDAI,ELANTRA,AUTOMATIC,188000,9990,VIC,2011
1983 Holden Commodore,white,PETROL,HOLDEN,COMMODORE,MANUAL,279450,14500,VIC,1983
2003 Honda CR-V,silver,PETROL,HONDA,CR-V,AUTOMATIC,240000,6950,VIC,2003
2014 Land Rover Range Rover Sport,white,DIESEL,LAND-ROVER,RANGE ROVER SPORT,AUTOMATIC,100000,32000,VIC,2014
2011 Hyundai Getz,blue,PETROL,HYUNDAI,GETZ,MANUAL,173707,5750,WA,2011
2016 Hyundai i30 sr (sport),red,PETROL,HYUNDAI,I30,MANUAL,140000,11999,WA,2016
2013 Renault Clio,red,PETROL,RENAULT,CLIO,AUTOMATIC,150000,6999,WA,2013
2008 Toyota Landcruiser Prado,white,DIESEL,TOYOTA,LANDCRUISER,MANUAL,388000,20000,WA,2008
2017 Ford Focus,red,PETROL,FORD,FOCUS,AUTOMATIC,113880,14500,VIC,2017
2020 Mitsubishi Outlander,black,OTHER,MITSUBISHI,OUTLANDER,AUTOMATIC,113000,21990,WA,2020
2018 Toyota RAV4,red,PETROL,TOYOTA,RAV4,AUTOMATIC,119500,24750,WA,2018
2014 Toyota Camry,white,PETROL,TOYOTA,CAMRY,AUTOMATIC,229000,12500,WA,2014
2017 Land Rover Discovery Sport,black,DIESEL,LAND-ROVER,DISCOVERY SPORT,AUTOMATIC,75000,25900,VIC,2017
2021 Toyota RAV4,white,HYBRID,TOYOTA,RAV4,AUTOMATIC,63000,47000,WA,2021
2019 Mazda BT-50,silver,DIESEL,MAZDA,BT-50,AUTOMATIC,97000,36000,WA,2019
2013 Holden Commodore,white,PETROL,HOLDEN,COMMODORE,AUTOMATIC,195000,27000,WA,2013
2009 Holden Colorado 4x2 ,white,PETROL,HOLDEN,COLORADO,AUTOMATIC,120000,9999,QLD,2009
2020 Audi A6,black,PETROL,AUDI,A6,AUTOMATIC,100000,50000,QLD,2020
2019 Honda CR-V L7,grey,PETROL,HONDA,CR-V,AUTOMATIC,104811,27500,WA,2019
2017 Ford RANGER XL AUTO 3.2L,white,DIESEL,FORD,RANGER,AUTOMATIC,302000,13900,QLD,2017
2002 Holden Commodore,red,OTHER,HOLDEN,COMMODORE,MANUAL,330000,7000,QLD,2002
2006 Holden Commodore,blue,OTHER,HOLDEN,COMMODORE,AUTOMATIC,250000,3000,WA,2006
1969 Holden Holden Premier,purple,OTHER,HOLDEN,HOLDEN PREMIER,AUTOMATIC,300,45000,WA,1969
1995 Holden Commodore,grey,OTHER,HOLDEN,COMMODORE,AUTOMATIC,1234,19000,NSW,1995
2006 Holden Commodore,blue,PETROL,HOLDEN,COMMODORE,AUTOMATIC,227000,6000,WA,2006
2021 Toyota HILUX WORKMATE AUTOMATIC,grey,PETROL,TOYOTA,HILUX,AUTOMATIC,89990,29990,NSW,2021
2014 Holden vf sv6 commodore,silver,PETROL,HOLDEN,COMMODORE,AUTOMATIC,200000,16000,QLD,2014
2013 Mitsubishi Outlander,orange,PETROL,MITSUBISHI,OUTLANDER,AUTOMATIC,266000,9800,WA,2013
2008 Holden Commodore,blue,PETROL,HOLDEN,COMMODORE,MANUAL,183000,21000,SA,2008
2008 Holden Barina,grey,PETROL,HOLDEN,BARINA,MANUAL,150868,4000,WA,2008
2012 Jeep Grand Cherokee,red,PETROL,JEEP,GRAND CHEROKEE,AUTOMATIC,250000,12500,NSW,2012
2015 Toyota Crown Athlete S,white,PETROL,TOYOTA,CROWN,AUTOMATIC,140000,24000,SA,2015
2010 Audi A4,grey,DIESEL,AUDI,A4,AUTOMATIC,230000,8500,SA,2010
2006 Toyota Echo,silver,PETROL,TOYOTA,ECHO,MANUAL,170000,3200,SA,2006
2016 Ford Falcon,grey,PETROL,FORD,FALCON,AUTOMATIC,133333,25900,VIC,2016
2010 Mitsubishi Pajero,white,DIESEL,MITSUBISHI,PAJERO,MANUAL,339000,9500,SA,2010
2013 Holden Commodore,white,OTHER,HOLDEN,COMMODORE,MANUAL,229245,22000,VIC,2013
2017 Mitsubishi outlander diesel safety pack 7seater,white,DIESEL,MITSUBISHI,OUTLANDER,AUTOMATIC,130000,19000,VIC,2017
2022 Subaru Outback,grey,PETROL,SUBARU,OUTBACK,AUTOMATIC,57756,35990,VIC,2022
2008 Holden Astra,grey,PETROL,HOLDEN,ASTRA,AUTOMATIC,240000,3500,VIC,2008
2022 Great Wall gwm cannon 4x4 1 owner low kms new car warranty,white,DIESEL,GWM,CANNON,AUTOMATIC,32451,29999,VIC,2022
2004 Toyota landcruiser engineered,grey,OTHER,TOYOTA,LANDCRUISER,MANUAL,37500,35000,VIC,2004
2017 Holden Trax,silver,PETROL,HOLDEN,TRAX,AUTOMATIC,150800,12000,VIC,2017
2022 Subaru Outback,white,PETROL,SUBARU,OUTBACK,AUTOMATIC,77945,33490,VIC,2022
2011 Audi q5 tdi 2.0 litre,black,DIESEL,AUDI,Q5,AUTOMATIC,96687,15990,VIC,2011
1965 Mercedes-Benz Mercedes-Benz 220SE,green,PETROL,MERCEDES-BENZ,MERCEDES-BENZ 220SE,AUTOMATIC,18888,36000,VIC,1965
2014 Jeep Cherokee,grey,PETROL,JEEP,CHEROKEE,AUTOMATIC,166081,7000,VIC,2014
2013 Toyota Hilux,white,DIESEL,TOYOTA,HILUX,MANUAL,244486,24000,VIC,2013
2015 Toyota Camry,silver,PETROL,TOYOTA,CAMRY,AUTOMATIC,124000,12500,VIC,2015
2011 Toyota Hilux,green,PETROL,TOYOTA,HILUX,MANUAL,198000,13000,VIC,2011
2018 Renault Trafic,white,DIESEL,RENAULT,TRAFIC,MANUAL,136000,25000,VIC,2018
2012 Nissan Navara,red,DIESEL,NISSAN,NAVARA,AUTOMATIC,275072,8500,VIC,2012
2009 Ford Falcon,red,OTHER,FORD,FALCON,AUTOMATIC,270000,5850,VIC,2009
2016 Subaru Liberty 3.6R,grey,PETROL,SUBARU,LIBERTY,AUTOMATIC,110000,22000,SA,2016
2010 Audi Q5,silver,PETROL,AUDI,Q5,AUTOMATIC,230000,12000,SA,2010
2016 Nissan JUKE,grey,OTHER,NISSAN,JUKE,AUTOMATIC,54000,15000,SA,2016
2015 Holden CAPTIVA  A2231,grey,PETROL,HOLDEN,CAPTIVA,AUTOMATIC,123000,123000,NSW,2015
2009 Nissan Navara,black,OTHER,NISSAN,NAVARA,MANUAL,240000,12500,SA,2009
1985 Holden Commodore,silver,PETROL,HOLDEN,COMMODORE,MANUAL,200000,3000,SA,1985
2008 Nissan Patrol,silver,OTHER,NISSAN,PATROL,AUTOMATIC,280000,18000,WA,2008
2009 Volkswagen Tiguan,grey,PETROL,VOLKSWAGEN,TIGUAN,MANUAL,130000,5990,NSW,2009
2015 Nissan pathfinder ti 4wd (top model),grey,PETROL,NISSAN,PATHFINDER,AUTOMATIC,148600,19900,NSW,2015
2001 Honda Prelude,black,OTHER,HONDA,PRELUDE,MANUAL,280000,10000,NSW,2001
2024 Ford Everest Sport 3.0 DT V6 4x4 MY25,black,DIESEL,FORD,EVEREST,AUTOMATIC,15986,68888,WA,2024
2013 Volkswagen Golf,black,DIESEL,VOLKSWAGEN,GOLF,AUTOMATIC,306000,7000,WA,2013
2012 Ford Ranger,silver,OTHER,FORD,RANGER,AUTOMATIC,214500,19999,WA,2012
2012 Volkswagen Passat,blue,DIESEL,VOLKSWAGEN,PASSAT,AUTOMATIC,176081,9900,WA,2012
2003 Nissan 350Z,orange,PETROL,NISSAN,350Z,AUTOMATIC,162000,20000,WA,2003
2010 Honda Civic,white,PETROL,HONDA,CIVIC,AUTOMATIC,251000,7500,WA,2010
2014 Mazda BT-50,blue,DIESEL,MAZDA,BT-50,AUTOMATIC,240000,15300,WA,2014
2010 Suzuki Alto,white,PETROL,SUZUKI,ALTO,MANUAL,240000,3900,WA,2010
2011 Toyota Corolla Conquest ,white,PETROL,TOYOTA,COROLLA,AUTOMATIC,275723,6990,WA,2011
2008 Holden COMMODORE OMEGA V6 Auto,white,PETROL,HOLDEN,COMMODORE,AUTOMATIC,230000,7999,WA,2008
1994 Suzuki Vitara,white,PETROL,SUZUKI,VITARA,AUTOMATIC,328000,4000,WA,1994
2011 Hyundai Hyundai iLOAD,white,DIESEL,HYUNDAI,ILOAD,AUTOMATIC,175000,12000,VIC,2011
2015 Honda fit,blue,HYBRID,HONDA,FIT,AUTOMATIC,127000,14500,VIC,2015
2007 Subaru Forester,blue,PETROL,SUBARU,FORESTER,AUTOMATIC,211000,7500,WA,2007
2007 Ford Falcon,orange,PETROL,FORD,FALCON,AUTOMATIC,176000,10000,VIC,2007
2010 Nissan Patrol ST GU 7,grey,DIESEL,NISSAN,PATROL,AUTOMATIC,361799,14580,WA,2010
2020 Toyota  LANDCRUISER PRADO GX GDJ150R,white,DIESEL,TOYOTA,LANDCRUISER,AUTOMATIC,184772,39490,WA,2020
2014 Nissan pathfinder awd r52,blue,PETROL,NISSAN,PATHFINDER,AUTOMATIC,127400,14000,WA,2014
2015 Holden Holden Colorado,grey,DIESEL,HOLDEN,COLORADO,AUTOMATIC,230000,25000,WA,2015
2018 Ford Mondeo,silver,DIESEL,FORD,MONDEO,AUTOMATIC,151795,13989,WA,2018
2016 Toyota Corolla,white,PETROL,TOYOTA,COROLLA,AUTOMATIC,241000,10400,WA,2016
2003 Toyota Hilux,green,PETROL,TOYOTA,HILUX,AUTOMATIC,446000,11000,WA,2003
2017 Volkswagen Golf,black,OTHER,VOLKSWAGEN,GOLF,AUTOMATIC,333,26000,VIC,2017
2006 Toyota Camry,black,PETROL,TOYOTA,CAMRY,AUTOMATIC,302684,6500,WA,2006
2020 Jeep Wrangler Unlimited,white,PETROL,JEEP,WRANGLER,AUTOMATIC,134000,43000,VIC,2020
2023 Toyota Camry Ascent Hybrid ,white,HYBRID,TOYOTA,CAMRY,AUTOMATIC,55625,37990,WA,2023
2010 Holden Barina,grey,PETROL,HOLDEN,BARINA,MANUAL,230000,5000,WA,2010
"2018 Toyota rav4 gxl awd low kms $24,490",silver,PETROL,TOYOTA,RAV4,AUTOMATIC,42000,24490,WA,2018
1995 BMW 328i,blue,OTHER,BMW,SERIES 3,MANUAL,260000,123456,WA,1995
2010 Subaru Outback,black,PETROL,SUBARU,OUTBACK,AUTOMATIC,170000,4500,WA,2010
2009 Toyota tarago,white,PETROL,TOYOTA,TARAGO,AUTOMATIC,284443,9999,WA,2009
2015 Ford Ranger,white,DIESEL,FORD,RANGER,AUTOMATIC,220000,27900,QLD,2015
1991 Nissan Patrol,red,DIESEL,NISSAN,PATROL,AUTOMATIC,517000,10500,SA,1991
2015 Toyota Camry,black,PETROL,TOYOTA,CAMRY,AUTOMATIC,200000,10500,SA,2015
2009 Hyundai Tucson,black,PETROL,HYUNDAI,TUCSON,MANUAL,194094,4000,SA,2009
2022 Land Rover defender p300 awd,white,PETROL,LAND-ROVER,DEFENDER,AUTOMATIC,120587,74990,SA,2022
2003 Subaru Liberty,white,PETROL,SUBARU,LIBERTY,MANUAL,183000,3500,SA,2003
2019 Ford Everest,blue,DIESEL,FORD,EVEREST,AUTOMATIC,51000,42999,SA,2019
2002 Suzuki Grand Vitara,gold,PETROL,SUZUKI,GRAND VITARA,AUTOMATIC,226000,5000,SA,2002
2019 Mercedes-Benz a35 amg,white,PETROL,MERCEDES-BENZ,A35 AMG,AUTOMATIC,111000,39888,SA,2019
2021 Hyundai staria load,white,DIESEL,HYUNDAI,STARIA,AUTOMATIC,46900,33995,SA,2021
2001 Nissan 200SX,grey,PETROL,NISSAN,200SX,MANUAL,208000,60000,SA,2001
2017 Mitsubishi Pajero,white,DIESEL,MITSUBISHI,PAJERO,AUTOMATIC,169000,34400,SA,2017
2007 Mazda RX-8,grey,PETROL,MAZDA,RX-8,MANUAL,125000,12500,SA,2007
2013 Hyundai Ix35,grey,PETROL,HYUNDAI,IX35,AUTOMATIC,145520,13000,SA,2013
2014 Alfa Romeo giulietta distinctive,silver,PETROL,ALFA-ROMEO,GIULIETTA,MANUAL,98000,7500,SA,2014
2013 Jeep Patriot,green,PETROL,JEEP,PATRIOT,AUTOMATIC,226000,7500,WA,2013
2018 Mazda CX-9,blue,PETROL,MAZDA,CX-9,AUTOMATIC,193000,18990,WA,2018
2019 Renault Trafic,white,DIESEL,RENAULT,TRAFIC,MANUAL,109000,8000,SA,2019
2019 Ford Ranger,white,DIESEL,FORD,RANGER,AUTOMATIC,120000,20500,WA,2019
2021 Toyota Corolla,white,HYBRID,TOYOTA,COROLLA,AUTOMATIC,52289,28000,WA,2021
2006 Honda Jazz,silver,PETROL,HONDA,JAZZ,MANUAL,110000,3500,WA,2006
2024 Renault Master,white,DIESEL,RENAULT,MASTER,MANUAL,18500,48999,WA,2024
2008 Ford Falcon,black,OTHER,FORD,FALCON,AUTOMATIC,170000,4000,WA,2008
1970 Volkswagen Beetle,red,OTHER,VOLKSWAGEN,BEETLE,MANUAL,84000,29900,WA,1970
2017 Hyundai Tucson,blue,PETROL,HYUNDAI,TUCSON,AUTOMATIC,178000,14000,WA,2017
2020 Ford F-150,grey,PETROL,FORD,F-150,AUTOMATIC,87000,130000,WA,2020
2012 Hyundai i30,white,PETROL,HYUNDAI,I30,AUTOMATIC,99245,10500,WA,2012
2011 Hyundai Ix35,red,OTHER,HYUNDAI,IX35,AUTOMATIC,134000,10500,WA,2011
2023 Mercedes-Benz amg a35,black,PETROL,MERCEDES-BENZ,AMG A35,AUTOMATIC,35000,60000,WA,2023
2010 Mercedes-Benz Vito,white,DIESEL,MERCEDES-BENZ,VITO,MANUAL,653000,5000,WA,2010
2024 Kia Picanto,white,PETROL,KIA,PICANTO,AUTOMATIC,9900,20490,NSW,2024
2007 Toyota Aurion,white,PETROL,TOYOTA,AURION,AUTOMATIC,201000,6200,NSW,2007
2014 Toyota RAV4,grey,PETROL,TOYOTA,RAV4,AUTOMATIC,152000,16000,NSW,2014
2006 HSV GTS,silver,OTHER,HSV,GTS,AUTOMATIC,93000,47000,WA,2006
2009 Honda CR-V,silver,PETROL,HONDA,CR-V,MANUAL,236000,5900,NSW,2009
2016 Audi A4,black,PETROL,AUDI,A4,AUTOMATIC,107000,19000,NSW,2016
2011 Mercedes-Benz E250,white,PETROL,MERCEDES-BENZ,E-CLASS,AUTOMATIC,131619,11000,NSW,2011
2017 Toyota RAV4,silver,PETROL,TOYOTA,RAV4,AUTOMATIC,93000,23000,NSW,2017
1972 Holden Holden Torana,blue,PETROL,HOLDEN,TORANA,MANUAL,101500,25000,NSW,1972
2009 Toyota Camry,silver,PETROL,TOYOTA,CAMRY,AUTOMATIC,200000,7150,NSW,2009
2009 Toyota Aurion,silver,PETROL,TOYOTA,AURION,AUTOMATIC,173650,8500,NSW,2009
2012 Subaru XV,white,PETROL,SUBARU,XV,AUTOMATIC,288000,7500,NSW,2012
2017 Hyundai Tucson,white,PETROL,HYUNDAI,TUCSON,AUTOMATIC,73660,21000,NSW,2017
2011 Hyundai i30,white,PETROL,HYUNDAI,I30,AUTOMATIC,137000,9500,NSW,2011
2011 MINI cooper s,white,PETROL,MINI,COOPER,AUTOMATIC,133576,14500,NSW,2011
2008 Volkswagen Eos,black,PETROL,VOLKSWAGEN,EOS,MANUAL,91978,8900,NSW,2008
2025 Toyota Hilux,grey,DIESEL,TOYOTA,HILUX,AUTOMATIC,6700,74000,VIC,2025
2021 Nissan X-Trail,silver,PETROL,NISSAN,X-TRAIL,AUTOMATIC,121000,19000,VIC,2021
2013 Mercedes-Benz Sprinter,white,OTHER,MERCEDES-BENZ,SPRINTER,AUTOMATIC,400000,15000,VIC,2013
2021 Mercedes-Benz GLA200,white,PETROL,MERCEDES-BENZ,A-CLASS,AUTOMATIC,46900,41500,VIC,2021
2010 Nissan Elgrand,silver,PETROL,NISSAN,ELGRAND,AUTOMATIC,179225,11500,VIC,2010
2000 Mitsubishi Pajero,green,PETROL,MITSUBISHI,PAJERO,MANUAL,289000,4000,VIC,2000
1998 Toyota Landcruiser Prado,white,PETROL,TOYOTA,LANDCRUISER,MANUAL,435770,7000,VIC,1998
2019 BMW X2,black,PETROL,BMW,X2,AUTOMATIC,58000,26000,VIC,2019
2018 Hyundai Tucson Active X,white,PETROL,HYUNDAI,TUCSON,AUTOMATIC,119459,18750,VIC,2018
1994 Ford Fairmont,silver,PETROL,FORD,FAIRMONT,AUTOMATIC,258000,3000,VIC,1994
2017 Audi A5,black,PETROL,AUDI,A5,AUTOMATIC,127000,34990,VIC,2017
2014 Holden Cruze with rwc and rego ,white,PETROL,HOLDEN,CRUZE,MANUAL,204200,3999,VIC,2014
2005 Lexus is200 sports luxury,gold,PETROL,LEXUS,IS,AUTOMATIC,287488,3000,VIC,2005
2023 Haval jolion,white,PETROL,HAVAL,JOLION,AUTOMATIC,38000,20000,QLD,2023
2017 Kia Sportage,white,DIESEL,KIA,SPORTAGE,AUTOMATIC,95737,20900,QLD,2017
2017 Hyundai i30,white,DIESEL,HYUNDAI,I30,AUTOMATIC,80000,17000,QLD,2017
2017 Toyota Yaris,white,PETROL,TOYOTA,YARIS,MANUAL,106000,9200,QLD,2017
2013 Audi S3,white,PETROL,AUDI,S3,AUTOMATIC,175000,18000,QLD,2013
2010 Subaru Forester,silver,PETROL,SUBARU,FORESTER,AUTOMATIC,181269,6500,QLD,2010
2019 Toyota Corolla,silver,HYBRID,TOYOTA,COROLLA,AUTOMATIC,121407,22000,QLD,2019
2022 Mazda BT-50,red,OTHER,MAZDA,BT-50,AUTOMATIC,65890,35490,QLD,2022
2024 Ford everest platinum,grey,DIESEL,FORD,EVEREST,AUTOMATIC,38404,72500,QLD,2024
2005 Subaru Outback,gold,PETROL,SUBARU,OUTBACK,AUTOMATIC,200000,3000,QLD,2005
2019 Toyota C-HR,white,OTHER,TOYOTA,C-HR,AUTOMATIC,43250,26000,QLD,2019
2021 MG ZS,white,PETROL,MG,ZS,AUTOMATIC,111000,9900,QLD,2021
2014 Mitsubishi  Challenger,white,PETROL,MITSUBISHI,CHALLENGER,MANUAL,166100,15950,QLD,2014
2023 Volkswagen Amarok,silver,DIESEL,VOLKSWAGEN,AMAROK,AUTOMATIC,13200,41500,QLD,2023
2012 BMW X1,brown,PETROL,BMW,X1,AUTOMATIC,121000,10900,VIC,2012
2014 Volkswagen Golf,black,PETROL,VOLKSWAGEN,GOLF,AUTOMATIC,182000,7300,VIC,2014
2004 Toyota Camry,silver,PETROL,TOYOTA,CAMRY,AUTOMATIC,195959,3500,VIC,2004
1972 Holden Holden HQ,orange,PETROL,HOLDEN,HOLDEN HQ,AUTOMATIC,1000,18000,SA,1972
2012 BMW 520d M SPORT,silver,DIESEL,BMW,SERIES 5,AUTOMATIC,144000,19999,VIC,2012
2008 BMW 335I ,grey,PETROL,BMW,SERIES 3,AUTOMATIC,117000,12345,QLD,2008
1998 Ford Falcon,silver,PETROL,FORD,FALCON,MANUAL,32798,3000,QLD,1998
2015 Jeep Patriot,blue,PETROL,JEEP,PATRIOT,MANUAL,161000,5000,SA,2015
2017 Toyota Aurion,gold,PETROL,TOYOTA,AURION,AUTOMATIC,84900,21999,NSW,2017
2004 Honda Jazz,blue,PETROL,HONDA,JAZZ,AUTOMATIC,260000,3500,NSW,2004
2007 Subaru Impreza,silver,OTHER,SUBARU,IMPREZA,AUTOMATIC,141000,7950,NSW,2007
2008 Mitsubishi Outlander,silver,OTHER,MITSUBISHI,OUTLANDER,AUTOMATIC,148000,8000,NSW,2008
2018 Toyota Landcruiser,white,DIESEL,TOYOTA,LANDCRUISER,AUTOMATIC,136000,93000,NSW,2018
2004 Toyota Corolla,black,PETROL,TOYOTA,COROLLA,MANUAL,185000,4000,WA,2004
2018 Honda HR-V,blue,PETROL,HONDA,HR-V,AUTOMATIC,75000,21000,NSW,2018
2023 Hyundai i30,blue,PETROL,HYUNDAI,I30,AUTOMATIC,29773,31900,NSW,2023
2017 Mercedes-Benz E43 AMG,black,PETROL,MERCEDES-BENZ,E43 AMG,AUTOMATIC,131623,49000,NSW,2017
2020 Hyundai i30,grey,PETROL,HYUNDAI,I30,AUTOMATIC,91000,22000,NSW,2020
2017 Toyota Yaris,white,PETROL,TOYOTA,YARIS,AUTOMATIC,112829,15900,NSW,2017
2012 Volkswagen Polo,brown,PETROL,VOLKSWAGEN,POLO,AUTOMATIC,173982,3800,NSW,2012
2003 Lexus ES300,black,PETROL,LEXUS,ES,AUTOMATIC,189000,8800,NSW,2003
2014 Audi S3,blue,PETROL,AUDI,S3,AUTOMATIC,110000,19500,NSW,2014
2011 Mercedes-Benz C200,silver,PETROL,MERCEDES-BENZ,C-CLASS,AUTOMATIC,83100,14500,NSW,2011
2004 Honda Accord,grey,PETROL,HONDA,ACCORD,AUTOMATIC,380000,3500,NSW,2004
2011 Volkswagen Polo,black,PETROL,VOLKSWAGEN,POLO,AUTOMATIC,159000,5500,NSW,2011
2023 Toyota Camry,white,HYBRID,TOYOTA,CAMRY,AUTOMATIC,75484,33750,WA,2023
2009 Toyota RAV4,black,PETROL,TOYOTA,RAV4,AUTOMATIC,240000,9250,WA,2009
2012 Honda Accord Euro,black,PETROL,HONDA,ACCORD,AUTOMATIC,220000,6500,WA,2012
2015 Nissan Navara,grey,DIESEL,NISSAN,NAVARA,MANUAL,205238,25000,WA,2015
2020 Volkswagen Tiguan,white,PETROL,VOLKSWAGEN,TIGUAN,AUTOMATIC,73000,21999,QLD,2020
2008 Volvo S40,red,PETROL,VOLVO,S40,MANUAL,197650,4500,WA,2008
2014 Jeep Wrangler Unlimited,black,PETROL,JEEP,WRANGLER,AUTOMATIC,136000,31000,WA,2014
2013 Ford Escape,black,PETROL,FORD,ESCAPE,AUTOMATIC,183000,5000,WA,2013
2020 Toyota Camry,white,PETROL,TOYOTA,CAMRY,AUTOMATIC,47211,21900,WA,2020
2012 Ford Ranger,white,DIESEL,FORD,RANGER,MANUAL,191028,18000,WA,2012
1997 Holden Commodore,green,PETROL,HOLDEN,COMMODORE,AUTOMATIC,159000,9000,SA,1997
2013 Mercedes-Benz Mercedes-Benz 250SE,white,PETROL,MERCEDES-BENZ,MERCEDES-BENZ 250SE,AUTOMATIC,132875,20500,SA,2013
2015 Holden Commodore,white,PETROL,HOLDEN,COMMODORE,AUTOMATIC,185000,13850,SA,2015
2002 BMW 530i,black,OTHER,BMW,SERIES 5,AUTOMATIC,200000,9900,SA,2002
2016 BMW 435i,white,PETROL,BMW,SERIES 4,AUTOMATIC,114000,40000,SA,2016
2018 Nissan Qashqai ST-L,white,PETROL,NISSAN,QASHQAI,AUTOMATIC,151296,16990,SA,2018
1975 Jaguar Jaguar XJ6 Sovereign,yellow,OTHER,JAGUAR,XJ,AUTOMATIC,78000,2500,SA,1975
2015 BMW X4,blue,PETROL,BMW,X4,AUTOMATIC,138000,22400,SA,2015
2015 Subaru Outback,black,DIESEL,SUBARU,OUTBACK,AUTOMATIC,297100,7900,SA,2015
2017 Audi Q7,silver,DIESEL,AUDI,Q7,AUTOMATIC,64500,38000,SA,2017
2015 Dodge Journey,grey,PETROL,DODGE,JOURNEY,AUTOMATIC,108052,10800,QLD,2015
1978 Mercedes-Benz 450sel,silver,PETROL,MERCEDES-BENZ,450SEL,AUTOMATIC,556000,10888,SA,1978
2010 Mitsubishi Lancer,grey,PETROL,MITSUBISHI,LANCER,AUTOMATIC,2000,4000,QLD,2010
2008 Suzuki Swift,black,PETROL,SUZUKI,SWIFT,AUTOMATIC,120000,8100,QLD,2008
2019 BMW X4,grey,PETROL,BMW,X4,AUTOMATIC,139850,37990,QLD,2019
2016 Hyundai i30,silver,DIESEL,HYUNDAI,I30,AUTOMATIC,180563,5500,QLD,2016
2011 Hyundai i30,grey,PETROL,HYUNDAI,I30,MANUAL,133000,8000,QLD,2011
1996 BMW 316i,red,PETROL,BMW,SERIES 3,MANUAL,272000,4000,QLD,1996
2010 Holden Cruise,grey,PETROL,HOLDEN,CRUISE,AUTOMATIC,242000,5000,VIC,2010
"2022 Renault KOLEOS LIGE, 2.5LT PETROL, 59,000 KMS, LIKE NEW!",white,PETROL,RENAULT,KOLEOS,AUTOMATIC,59000,20990,QLD,2022
2022 Iveco daily,white,DIESEL,IVECO,DAILY,AUTOMATIC,87000,36000,QLD,2022
2020 Land Rover Range Rover Velar,grey,DIESEL,LAND-ROVER,RANGE ROVER VELAR,AUTOMATIC,97000,58800,VIC,2020
2007 Honda Civic,silver,PETROL,HONDA,CIVIC,AUTOMATIC,278000,5000,VIC,2007
2022 Mazda CX-5,black,PETROL,MAZDA,CX-5,AUTOMATIC,82000,34500,VIC,2022
2013 Toyota Aurion,turquoise,PETROL,TOYOTA,AURION,AUTOMATIC,139000,13000,VIC,2013
2009 Suzuki Alto,blue,PETROL,SUZUKI,ALTO,MANUAL,149115,4200,QLD,2009
2008 BMW 325i series 3,blue,PETROL,BMW,325I SERIES 3,AUTOMATIC,183000,8000,VIC,2008
2010 Kia Sportage,white,PETROL,KIA,SPORTAGE,AUTOMATIC,265000,5199,VIC,2010
2013 Holden Cruz,black,PETROL,HOLDEN,CRUZ,AUTOMATIC,226000,4000,VIC,2013
2009 Ford Fiesta,blue,OTHER,FORD,FIESTA,AUTOMATIC,197000,2500,VIC,2009
2015 Audi A6,grey,DIESEL,AUDI,A6,AUTOMATIC,113000,24000,VIC,2015
2020 Volkswagen T-CROSS,white,PETROL,VOLKSWAGEN,T-CROSS,AUTOMATIC,300000,16000,VIC,2020
2020 Toyota C-HR,silver,PETROL,TOYOTA,C-HR,AUTOMATIC,107000,23000,VIC,2020
2018 Honda Jazz,white,PETROL,HONDA,JAZZ,AUTOMATIC,90390,17000,VIC,2018
2013 Ford Ranger DC UTE,yellow,DIESEL,FORD,RANGER,AUTOMATIC,193000,27500,VIC,2013
2010 Mercedes-Benz E250 CDI,grey,DIESEL,MERCEDES-BENZ,E-CLASS,AUTOMATIC,201500,11000,VIC,2010
2020 Mazda Bt50 ,white,DIESEL,MAZDA,BT-50,AUTOMATIC,278000,24450,VIC,2020
2009 Subaru Forester,white,PETROL,SUBARU,FORESTER,AUTOMATIC,290000,3500,VIC,2009
2014 Toyota voxy,brown,HYBRID,TOYOTA,VOXY,AUTOMATIC,111000,14500,VIC,2014
2009 Honda Accord,grey,OTHER,HONDA,ACCORD,AUTOMATIC,171000,9500,VIC,2009
2011 Volkswagen Passat,black,DIESEL,VOLKSWAGEN,PASSAT,AUTOMATIC,87000,9000,VIC,2011
2008 Kia Rondo,silver,PETROL,KIA,RONDO,AUTOMATIC,212000,5500,VIC,2008
2011 Toyota camry altise auto low klm sedan,silver,PETROL,TOYOTA,CAMRY,AUTOMATIC,153374,9700,SA,2011
2009 Toyota Yaris,silver,PETROL,TOYOTA,YARIS,AUTOMATIC,142000,8000,VIC,2009
2017 Ford Ranger,black,DIESEL,FORD,RANGER,AUTOMATIC,128000,34000,QLD,2017
2013 Holden cruze equipe jh sedan,black,PETROL,HOLDEN,CRUZE,AUTOMATIC,116808,6500,VIC,2013
2016 BMW M50d,black,DIESEL,BMW,M5,AUTOMATIC,87000,20000,VIC,2016
2017 Toyota Landcruiser Prado,grey,DIESEL,TOYOTA,LANDCRUISER,AUTOMATIC,230000,39500,WA,2017
2017 Mercedes-Benz cla-class,white,PETROL,MERCEDES-BENZ,A-CLASS,AUTOMATIC,98000,40880,QLD,2017
2012 Volkswagen Jetta,grey,PETROL,VOLKSWAGEN,JETTA,AUTOMATIC,180000,7999,NSW,2012
2015 Mazda BT-50,silver,DIESEL,MAZDA,BT-50,MANUAL,190378,18000,NSW,2015
2015 Hyundai Santa Fe,grey,DIESEL,HYUNDAI,SANTA FE,AUTOMATIC,165000,16500,NSW,2015
2013 Toyota Hilux,silver,DIESEL,TOYOTA,HILUX,AUTOMATIC,153000,28000,SA,2013
2010 Volvo S60,grey,PETROL,VOLVO,S60,AUTOMATIC,162810,9250,NSW,2010
2024 MINI Countryman,silver,PETROL,MINI,COUNTRYMAN,AUTOMATIC,10400,61000,NSW,2024
2018 Lexus UX250h F-sport Luxury Hybrid 2.0L 4-cylinder,silver,HYBRID,LEXUS,UX,AUTOMATIC,118000,38925,NSW,2018
1991 Toyota Celica,blue,PETROL,TOYOTA,CELICA,MANUAL,438000,9000,NSW,1991
2004 Subaru Forester,white,PETROL,SUBARU,FORESTER,AUTOMATIC,116000,20000,NSW,2004
2016 BMW 1 series M135i F20 LCI,blue,PETROL,BMW,1 SERIES,AUTOMATIC,87837,30500,NSW,2016
2013 Nissan Murano,silver,PETROL,NISSAN,MURANO,AUTOMATIC,270000,5800,NSW,2013
2007 Toyota Corolla,silver,PETROL,TOYOTA,COROLLA,AUTOMATIC,270000,3000,NSW,2007
2011 Toyota Corolla,white,PETROL,TOYOTA,COROLLA,MANUAL,197000,6950,NSW,2011
2016 Nissan Pathfinder,black,PETROL,NISSAN,PATHFINDER,AUTOMATIC,113000,13800,NSW,2016
2011 Mazda CX-7,black,PETROL,MAZDA,CX-7,AUTOMATIC,213000,2500,WA,2011
2010 Kia Cerato,black,PETROL,KIA,CERATO,MANUAL,243800,4500,WA,2010
1998 Holden Ute,gold,PETROL,HOLDEN,UTE,AUTOMATIC,317062,4600,WA,1998
2009 Toyota Landcruiser 200,white,DIESEL,TOYOTA,LANDCRUISER,AUTOMATIC,200000,85000,WA,2009
2010 Honda Civic,black,PETROL,HONDA,CIVIC,MANUAL,178512,6500,WA,2010
2011 Toyota Landcruiser Prado,white,DIESEL,TOYOTA,LANDCRUISER,AUTOMATIC,180000,28000,WA,2011
2015 Volkswagen Golf R ,grey,PETROL,VOLKSWAGEN,GOLF,AUTOMATIC,120000,27000,NSW,2015
2018 Hyundai i30,black,PETROL,HYUNDAI,I30,AUTOMATIC,110000,16000,WA,2018
1991 Toyota Landcruiser,red,DIESEL,TOYOTA,LANDCRUISER,MANUAL,360000,34000,NSW,1991
2018 Volkswagen VW Tiguan R-Line 162tsi,white,PETROL,VOLKSWAGEN,TIGUAN,AUTOMATIC,122461,27500,WA,2018
2009 Nissan skyline 370gt,grey,PETROL,NISSAN,SKYLINE 370GT,AUTOMATIC,218945,9900,WA,2009
2020 Toyota Corolla,white,PETROL,TOYOTA,COROLLA,AUTOMATIC,87000,22900,WA,2020
2014 BMW 328i Luxury Line,grey,PETROL,BMW,328I LUXURY LINE,AUTOMATIC,220000,20000,WA,2014
2015 Volkswagen Golf,white,PETROL,VOLKSWAGEN,GOLF,AUTOMATIC,195000,18500,WA,2015
2012 Volkswagen Golf,grey,PETROL,VOLKSWAGEN,GOLF,AUTOMATIC,185000,7490,WA,2012
2017 Nissan pathfinder st-l,white,PETROL,NISSAN,PATHFINDER,AUTOMATIC,105870,20000,WA,2017
2016 Nissan Micra,blue,PETROL,NISSAN,MICRA,AUTOMATIC,150804,7350,WA,2016
"2016 Hyundai GENESIS 3.8L V6 AUTO 186061 KMS, LOCATED IN LONSDALE ",white,PETROL,HYUNDAI,GENESIS,AUTOMATIC,186061,13990,SA,2016
2016 Holden Ute,white,OTHER,HOLDEN,UTE,AUTOMATIC,254000,20990,SA,2016
2023 Hyundai Santa Fe,grey,PETROL,HYUNDAI,SANTA FE,AUTOMATIC,8000,43500,SA,2023
2011 Toyota Corolla,blue,PETROL,TOYOTA,COROLLA,AUTOMATIC,289000,5800,SA,2011
2013 Mitsubishi Mirage,blue,PETROL,MITSUBISHI,MIRAGE,AUTOMATIC,126000,7930,SA,2013
2003 Holden Astra,white,PETROL,HOLDEN,ASTRA,AUTOMATIC,111000,4000,SA,2003
2019 Mazda CX-5,red,PETROL,MAZDA,CX-5,AUTOMATIC,85500,22850,SA,2019
2015 Renault Koleos,white,PETROL,RENAULT,KOLEOS,AUTOMATIC,68612,11500,SA,2015
2021 Ford Ranger,silver,DIESEL,FORD,RANGER,AUTOMATIC,224321,26998,QLD,2021
2016 Volkswagen Tiguan,silver,OTHER,VOLKSWAGEN,TIGUAN,AUTOMATIC,162500,15000,SA,2016
2012 Toyota Corolla,blue,PETROL,TOYOTA,COROLLA,AUTOMATIC,267000,6699,SA,2012
2011 Holden Holden Colorado,white,DIESEL,HOLDEN,COLORADO,MANUAL,307000,11700,QLD,2011
1992 Toyota 4Runner,silver,PETROL,TOYOTA,4RUNNER,MANUAL,385000,4000,SA,1992
2019 Ford Ranger,white,OTHER,FORD,RANGER,AUTOMATIC,113000,39000,QLD,2019
2003 Porsche Cayenne,black,PETROL,PORSCHE,CAYENNE,AUTOMATIC,173000,12000,QLD,2003
2008 Hyundai Hyundai iLOAD,white,DIESEL,HYUNDAI,ILOAD,MANUAL,350000,10000,QLD,2008
2015 Renault Captur,orange,PETROL,RENAULT,CAPTUR,AUTOMATIC,190000,8000,QLD,2015
2005 Volkswagen Multivan ,blue,DIESEL,VOLKSWAGEN,MULTIVAN,AUTOMATIC,275000,7900,QLD,2005
"2019 Toyota landcruiser 79 single cab – 90,250kms",white,DIESEL,TOYOTA,LANDCRUISER,MANUAL,90250,65000,QLD,2019
2014 Holden cruze sri v,grey,PETROL,HOLDEN,CRUZE,MANUAL,160000,7000,QLD,2014
2014 Toyota Camry,red,HYBRID,TOYOTA,CAMRY,AUTOMATIC,212500,14000,QLD,2014
1991 Ford Maverick,white,PETROL,FORD,MAVERICK,MANUAL,221000,15000,QLD,1991
2003 Holden Commodore,white,PETROL,HOLDEN,COMMODORE,AUTOMATIC,290000,3000,QLD,2003
2003 Honda Jazz,red,PETROL,HONDA,JAZZ,MANUAL,270000,2500,QLD,2003
2005 Ford Territory,silver,PETROL,FORD,TERRITORY,AUTOMATIC,346619,2500,VIC,2005
2011 Hyundai Ix35,silver,PETROL,HYUNDAI,IX35,AUTOMATIC,135500,11990,QLD,2011
2015 Hyundai i20,black,PETROL,HYUNDAI,I20,AUTOMATIC,190000,8000,VIC,2015
2005 MINI Cooper,white,PETROL,MINI,COOPER,AUTOMATIC,153963,7500,VIC,2005
2014 Volkswagen Golf,blue,PETROL,VOLKSWAGEN,GOLF,AUTOMATIC,118000,25000,VIC,2014
2015 Hyundai Elantra,black,PETROL,HYUNDAI,ELANTRA,AUTOMATIC,334788,4200,QLD,2015
2020 Ford Ranger,black,DIESEL,FORD,RANGER,AUTOMATIC,99454,57000,VIC,2020
2017 Toyota Landcruiser 200,grey,DIESEL,TOYOTA,LANDCRUISER,AUTOMATIC,55000,121500,VIC,2017
2017 Volkswagen Tiguan,silver,DIESEL,VOLKSWAGEN,TIGUAN,AUTOMATIC,98000,20800,VIC,2017
2012 Volkswagen Tiguan,silver,PETROL,VOLKSWAGEN,TIGUAN,AUTOMATIC,214000,3000,VIC,2012
2014 Kia Cerato,grey,PETROL,KIA,CERATO,AUTOMATIC,117000,11850,VIC,2014
2017 Toyota Landcruiser,white,DIESEL,TOYOTA,LANDCRUISER,MANUAL,170985,70888,VIC,2017
2008 Mazda CX-9,silver,PETROL,MAZDA,CX-9,AUTOMATIC,186763,8800,VIC,2008
2024 Toyota RAV4,white,HYBRID,TOYOTA,RAV4,AUTOMATIC,36000,51000,VIC,2024
2011 Toyota FJ Cruiser,white,PETROL,TOYOTA,FJ CRUISER,AUTOMATIC,147929,25000,VIC,2011
2018 Lexus RX450h Sport Luxury,white,HYBRID,LEXUS,RX,AUTOMATIC,59500,53000,SA,2018
2012 Volkswagen Golf,white,PETROL,VOLKSWAGEN,GOLF,AUTOMATIC,131000,20000,VIC,2012
2017 Honda Civic,white,PETROL,HONDA,CIVIC,AUTOMATIC,66390,17900,SA,2017
2014 Kia Sportage 🤘,grey,PETROL,KIA,SPORTAGE,AUTOMATIC,153145,10790,SA,2014
2010 Mitsubishi Outlander,white,PETROL,MITSUBISHI,OUTLANDER,AUTOMATIC,176000,3200,SA,2010
2022 Mitsubishi Outlander,silver,PETROL,MITSUBISHI,OUTLANDER,AUTOMATIC,117000,30999,SA,2022
1974 Chevrolet Caprice,blue,PETROL,CHEVROLET,CAPRICE,AUTOMATIC,80000,19500,WA,1974
2011 Nissan cube,brown,PETROL,NISSAN,CUBE,AUTOMATIC,121739,9000,SA,2011
2016 Mazda CX-3,white,PETROL,MAZDA,CX-3,AUTOMATIC,142000,14900,SA,2016
2001 Holden Commodore,red,PETROL,HOLDEN,COMMODORE,AUTOMATIC,388835,2700,SA,2001
2008 Holden Holden Colorado,grey,PETROL,HOLDEN,COLORADO,MANUAL,362000,9000,VIC,2008
2015 Holden Commodore,white,PETROL,HOLDEN,COMMODORE,AUTOMATIC,150000,22000,NSW,2015
2014 Volkswagen Scirocco R-Line,blue,PETROL,VOLKSWAGEN,SCIROCCO,AUTOMATIC,100000,19800,VIC,2014
1992 Lexus LS400,white,PETROL,LEXUS,LS,AUTOMATIC,224095,4000,VIC,1992
2006 Toyota Crown ATHLETE 60TH SPECIAL EDITION,black,PETROL,TOYOTA,CROWN,AUTOMATIC,122000,16999,VIC,2006
2010 Toyota Camry,silver,PETROL,TOYOTA,CAMRY,AUTOMATIC,190000,7000,VIC,2010
2021 Toyota Hilux,grey,DIESEL,TOYOTA,HILUX,AUTOMATIC,63000,65000,VIC,2021
2023 Volkswagen Tiguan,white,PETROL,VOLKSWAGEN,TIGUAN,AUTOMATIC,75000,23000,VIC,2023
2020 Toyota RAV4,grey,HYBRID,TOYOTA,RAV4,AUTOMATIC,85500,46500,VIC,2020
2010 Holden Commodore,white,PETROL,HOLDEN,COMMODORE,AUTOMATIC,322000,7900,VIC,2010
2018 Volkswagen Golf,white,PETROL,VOLKSWAGEN,GOLF,AUTOMATIC,67000,19000,VIC,2018
2014 Kia Sportage,silver,PETROL,KIA,SPORTAGE,AUTOMATIC,193000,12000,VIC,2014
2015 Audi S3,black,PETROL,AUDI,S3,AUTOMATIC,81000,28000,VIC,2015
2009 Mitsubishi Lancer,black,PETROL,MITSUBISHI,LANCER,AUTOMATIC,200500,8000,VIC,2009
2013 Subaru liberty premium gt,red,PETROL,SUBARU,LIBERTY,AUTOMATIC,220000,8500,VIC,2013
2014 Toyota Camry,blue,PETROL,TOYOTA,CAMRY,AUTOMATIC,256000,9999,VIC,2014
2014 Holden Barina,silver,PETROL,HOLDEN,BARINA,AUTOMATIC,71500,9000,VIC,2014
2012 Nissan X-Trail,white,PETROL,NISSAN,X-TRAIL,AUTOMATIC,208000,8999,VIC,2012
2013 Ford Ranger,white,DIESEL,FORD,RANGER,AUTOMATIC,164000,24900,VIC,2013
2013 Porsche Cayenne,black,PETROL,PORSCHE,CAYENNE,AUTOMATIC,119000,69900,NSW,2013
2024 Suzuki Jimny,green,PETROL,SUZUKI,JIMNY,AUTOMATIC,2787,36599,NSW,2024
2008 Toyota Corolla,white,PETROL,TOYOTA,COROLLA,AUTOMATIC,134000,8995,NSW,2008
2005 Ford Falcon,grey,OTHER,FORD,FALCON,AUTOMATIC,170000,6000,NSW,2005
2020 Volkswagen GOLF,red,PETROL,VOLKSWAGEN,GOLF,AUTOMATIC,113600,17950,NSW,2020
2014 Nissan JUKE,grey,PETROL,NISSAN,JUKE,AUTOMATIC,106000,14999,NSW,2014
2010 Volkswagen Golf,black,PETROL,VOLKSWAGEN,GOLF,AUTOMATIC,253300,13500,NSW,2010
2009 Jeep Patriot,grey,OTHER,JEEP,PATRIOT,AUTOMATIC,236000,8000,NSW,2009
2014 Holden Cruze,red,PETROL,HOLDEN,CRUZE,MANUAL,150000,5900,VIC,2014
2009 Nissan Micra,white,OTHER,NISSAN,MICRA,AUTOMATIC,272876,5500,NSW,2009
2011 Toyota Kluger,silver,PETROL,TOYOTA,KLUGER,AUTOMATIC,255000,9500,NSW,2011
2017 Volkswagen Tiguan,white,PETROL,VOLKSWAGEN,TIGUAN,AUTOMATIC,111000,18500,NSW,2017
2017 Honda HR-V,grey,PETROL,HONDA,HR-V,AUTOMATIC,150000,18000,NSW,2017
2021 Isuzu D-Max,blue,DIESEL,ISUZU,D-MAX,AUTOMATIC,73000,52000,NSW,2021
2013 Nissan dualis ti-l,red,PETROL,NISSAN,DUALIS,AUTOMATIC,132000,10999,NSW,2013
2012 Volkswagen Golf,black,PETROL,VOLKSWAGEN,GOLF,AUTOMATIC,152000,9500,NSW,2012
2016 Toyota landcruiser gxl inc 5y warranty,blue,DIESEL,TOYOTA,LANDCRUISER,AUTOMATIC,93000,72900,NSW,2016
2009 Mitsubishi Triton,black,DIESEL,MITSUBISHI,TRITON,AUTOMATIC,281324,12500,WA,2009
2018 Nissan Pathfinder,silver,PETROL,NISSAN,PATHFINDER,AUTOMATIC,70000,24990,NSW,2018
2016 Hyundai Accent,white,PETROL,HYUNDAI,ACCENT,AUTOMATIC,97824,13800,NSW,2016
2018 Ford Mustang,white,PETROL,FORD,MUSTANG,MANUAL,95000,65000,WA,2018
2012 Holden cruze,silver,PETROL,HOLDEN,CRUZE,AUTOMATIC,130000,5900,WA,2012
1997 Toyota Landcruiser,silver,DIESEL,TOYOTA,LANDCRUISER,MANUAL,395000,26500,WA,1997
1999 Subaru Forester,white,PETROL,SUBARU,FORESTER,MANUAL,365200,6000,WA,1999
2005 Honda Accord,white,PETROL,HONDA,ACCORD,MANUAL,331000,9000,WA,2005
2008 Mitsubishi Lancer,red,PETROL,MITSUBISHI,LANCER,MANUAL,161000,4500,WA,2008
2018 Land Rover Range Rover Evoque,white,DIESEL,LAND-ROVER,RANGE ROVER EVOQUE,AUTOMATIC,92000,34000,WA,2018
2019 Mercedes-Benz GLC43 AMG 3.0L twin Turbo,white,PETROL,MERCEDES-BENZ,GLC,AUTOMATIC,63000,57900,WA,2019
2006 BMW 325i,silver,PETROL,BMW,SERIES 3,MANUAL,193000,12000,WA,2006
2006 Toyota RAV4,red,OTHER,TOYOTA,RAV4,AUTOMATIC,316500,6500,WA,2006
2016 Mazda CX-5,black,DIESEL,MAZDA,CX-5,AUTOMATIC,187600,9600,WA,2016
2003 Nissan Patrol,white,OTHER,NISSAN,PATROL,AUTOMATIC,1234,4500,WA,2003
2017 Holden BARINA,grey,PETROL,HOLDEN,BARINA,AUTOMATIC,105600,8490,WA,2017
2007 BMW m3 e92 manual,grey,PETROL,BMW,M3,MANUAL,114000,51000,WA,2007
2013 Holden Holden Colorado,white,OTHER,HOLDEN,COLORADO,MANUAL,2000,123456,QLD,2013
2022 Toyota Hilux,silver,DIESEL,TOYOTA,HILUX,MANUAL,96000,73000,QLD,2022
2017 Mazda CX-9,white,PETROL,MAZDA,CX-9,AUTOMATIC,165000,23995,QLD,2017
2016 Mitsubishi Triton,white,DIESEL,MITSUBISHI,TRITON,MANUAL,174000,17200,QLD,2016
1996 Mitsubishi Delica,blue,DIESEL,MITSUBISHI,DELICA,AUTOMATIC,276660,10000,QLD,1996
2009 Nissan Tiida,white,PETROL,NISSAN,TIIDA,AUTOMATIC,175500,5250,QLD,2009
2014 Nissan Navara,grey,DIESEL,NISSAN,NAVARA,AUTOMATIC,260000,12000,QLD,2014
2008 Mitsubishi Pajero,gold,PETROL,MITSUBISHI,PAJERO,AUTOMATIC,271549,9900,QLD,2008
2014 Jeep Grand Cherokee,white,PETROL,JEEP,GRAND CHEROKEE,AUTOMATIC,150000,13890,QLD,2014
2007 Kia Cerato,black,PETROL,KIA,CERATO,AUTOMATIC,250000,3500,QLD,2007
2018 Toyota Hilux,white,PETROL,TOYOTA,HILUX,AUTOMATIC,54500,26500,QLD,2018
2016 Kia Cerato,red,OTHER,KIA,CERATO,AUTOMATIC,84000,9999,QLD,2016
2018 Holden Holden EJ,white,PETROL,HOLDEN,HOLDEN EJ,AUTOMATIC,15000,10000,QLD,2018
2001 Toyota Landcruiser,blue,DIESEL,TOYOTA,LANDCRUISER,MANUAL,420013,26500,SA,2001
2022 Kia Sportage Diesel AWD SX,black,DIESEL,KIA,SPORTAGE,AUTOMATIC,63900,35900,QLD,2022
2011 Holden Barina,silver,PETROL,HOLDEN,BARINA,MANUAL,128000,4000,QLD,2011
2012 Toyota Aurion,white,OTHER,TOYOTA,AURION,AUTOMATIC,257777,8500,SA,2012
2020 Ford Ranger,silver,DIESEL,FORD,RANGER,AUTOMATIC,59000,50000,SA,2020
2010 Suzuki Swift,black,PETROL,SUZUKI,SWIFT,AUTOMATIC,216964,6200,QLD,2010
2023 Kia Stinger,white,PETROL,KIA,STINGER,AUTOMATIC,32000,60999,SA,2023
2022 Toyota Landcruiser,charcoal,DIESEL,TOYOTA,LANDCRUISER,MANUAL,37650,97000,SA,2022
2009 Subaru Impreza,black,PETROL,SUBARU,IMPREZA,MANUAL,262000,4500,SA,2009
2007 Nissan Tiida,white,PETROL,NISSAN,TIIDA,AUTOMATIC,196000,4000,SA,2007
2020 Toyota Camry,white,PETROL,TOYOTA,CAMRY,AUTOMATIC,70000,30000,SA,2020
2003 Ford Falcon,blue,PETROL,FORD,FALCON,AUTOMATIC,256238,5000,SA,2003
2008 Subaru Impreza,white,PETROL,SUBARU,IMPREZA,MANUAL,300000,3000,SA,2008
1973 Holden Holden HQ,white,OTHER,HOLDEN,HOLDEN HQ,AUTOMATIC,123456,30000,SA,1973
2006 Toyota Camry,black,PETROL,TOYOTA,CAMRY,AUTOMATIC,600,5000,SA,2006
2002 Toyota Landcruiser 100,blue,PETROL,TOYOTA,LANDCRUISER,AUTOMATIC,300000,16000,NSW,2002
2014 MINI Cooper,blue,OTHER,MINI,COOPER,AUTOMATIC,145000,11999,SA,2014
2001 Toyota Landcruiser 100,white,PETROL,TOYOTA,LANDCRUISER,MANUAL,1000,26000,SA,2001
2012 Jeep Grand Cherokee Limited WK,grey,PETROL,JEEP,GRAND CHEROKEE,AUTOMATIC,283656,9980,WA,2012
2008 Toyota Corolla,blue,PETROL,TOYOTA,COROLLA,AUTOMATIC,196000,5700,NSW,2008
2010 Toyota Landcruiser Prado,white,DIESEL,TOYOTA,LANDCRUISER,AUTOMATIC,301116,18000,QLD,2010
2010 Mitsubishi Outlander,black,PETROL,MITSUBISHI,OUTLANDER,AUTOMATIC,149000,12000,WA,2010
2017 Ford Ranger,white,DIESEL,FORD,RANGER,AUTOMATIC,155000,27500,WA,2017
2018 Holden Acadia LTZ-V ,silver,PETROL,HOLDEN,ACADIA,AUTOMATIC,166198,19990,WA,2018
2016 Holden Holden Colorado,red,DIESEL,HOLDEN,COLORADO,AUTOMATIC,190000,25500,WA,2016
2023 Toyota Hilux,white,OTHER,TOYOTA,HILUX,AUTOMATIC,24745,77466,WA,2023
2005 Toyota Hilux,white,DIESEL,TOYOTA,HILUX,MANUAL,380000,20000,WA,2005
2022 Ford Ranger,white,DIESEL,FORD,RANGER,AUTOMATIC,77000,70000,QLD,2022
2012 MINI Cooper Countryman S,brown,PETROL,MINI,COUNTRYMAN,AUTOMATIC,163000,16000,WA,2012
2015 Mitsubishi Triton glx,white,DIESEL,MITSUBISHI,TRITON,MANUAL,210931,16500,WA,2015
2012 Toyota Landcruiser Prado,white,OTHER,TOYOTA,LANDCRUISER,AUTOMATIC,283977,20000,WA,2012
2005 Volvo XC90,black,OTHER,VOLVO,XC90,AUTOMATIC,160000,6900,WA,2005
2011 Nissan Navara,white,DIESEL,NISSAN,NAVARA,MANUAL,195000,10500,WA,2011
2018 Audi SQ5,white,PETROL,AUDI,SQ5,AUTOMATIC,121000,41000,WA,2018
2004 Ford Falcon,black,PETROL,FORD,FALCON,AUTOMATIC,174000,9999,WA,2004
2008 Ford Focus,silver,PETROL,FORD,FOCUS,AUTOMATIC,182379,3800,WA,2008
2006 Holden Astra,silver,PETROL,HOLDEN,ASTRA,MANUAL,196000,3200,WA,2006
2007 Honda CR-V,black,PETROL,HONDA,CR-V,AUTOMATIC,242000,7000,WA,2007
2004 Mitsubishi Pajero,grey,OTHER,MITSUBISHI,PAJERO,AUTOMATIC,257000,7500,QLD,2004
2021 Hyundai Tucson TL4 Active Automatic Wagon,grey,PETROL,HYUNDAI,TUCSON,AUTOMATIC,153112,21990,QLD,2021
2002 Toyota Corolla,silver,PETROL,TOYOTA,COROLLA,AUTOMATIC,230000,4200,QLD,2002
2015 Toyota HILUX SR 4x4 GUN126R,white,DIESEL,TOYOTA,HILUX,MANUAL,221779,26999,QLD,2015
2002 Toyota Landcruiser 100,charcoal,PETROL,TOYOTA,LANDCRUISER,AUTOMATIC,336000,19500,QLD,2002
2010 Holden Captiva,black,PETROL,HOLDEN,CAPTIVA,MANUAL,300000,5000,QLD,2010
2008 Subaru WRX,blue,PETROL,SUBARU,WRX,MANUAL,10000,20500,QLD,2008
2017 Ford Mustang,grey,PETROL,FORD,MUSTANG,MANUAL,50000,85000,QLD,2017
2013 Mitsubishi Outlander,black,PETROL,MITSUBISHI,OUTLANDER,AUTOMATIC,188355,11999,QLD,2013
2012 Honda CR-V 4x4 with Reverse Camera,purple,PETROL,HONDA,CR-V,AUTOMATIC,193562,9950,QLD,2012
2008 Toyota Corolla,blue,PETROL,TOYOTA,COROLLA,AUTOMATIC,180000,5000,NSW,2008
2001 Subaru WRX,silver,OTHER,SUBARU,WRX,MANUAL,247500,11000,NSW,2001
2018 Toyota Hilux,white,DIESEL,TOYOTA,HILUX,AUTOMATIC,90000,40000,NSW,2018
1992 Nissan Patrol,blue,DIESEL,NISSAN,PATROL,MANUAL,524000,13000,QLD,1992
2010 Honda City,black,OTHER,HONDA,CITY,MANUAL,230000,4500,NSW,2010
2013 Toyota Camry,white,HYBRID,TOYOTA,CAMRY,AUTOMATIC,251000,8900,NSW,2013
2019 Kia Cerato Safety Pack  7711,charcoal,PETROL,KIA,CERATO,AUTOMATIC,85736,17500,NSW,2019
2001 Honda Civic,blue,PETROL,HONDA,CIVIC,AUTOMATIC,225000,3000,NSW,2001
1993 Daihatsu Charade,white,PETROL,DAIHATSU,CHARADE,MANUAL,211568,12345,NSW,1993
2004 Subaru WRX,blue,OTHER,SUBARU,WRX,MANUAL,179000,24000,VIC,2004
2017 Toyota Hilux,charcoal,DIESEL,TOYOTA,HILUX,MANUAL,185000,21000,NSW,2017
2007 Toyota Corolla,blue,PETROL,TOYOTA,COROLLA,MANUAL,259000,5500,VIC,2007
2016 Nissan Qashqai,silver,PETROL,NISSAN,QASHQAI,AUTOMATIC,193000,13000,NSW,2016
1989 Ford Maverick,blue,PETROL,FORD,MAVERICK,MANUAL,275000,10000,VIC,1989
2004 Toyota Camry,silver,PETROL,TOYOTA,CAMRY,AUTOMATIC,219773,7499,VIC,2004
2016 Mazda CX-5,red,DIESEL,MAZDA,CX-5,AUTOMATIC,145000,18500,VIC,2016
2016 Ford Mustang,charcoal,PETROL,FORD,MUSTANG,AUTOMATIC,45000,54000,VIC,2016
2002 Nissan Patrol,white,PETROL,NISSAN,PATROL,MANUAL,320000,40000,VIC,2002
2010 Toyota Hilux,white,PETROL,TOYOTA,HILUX,MANUAL,270000,15000,VIC,2010
2014 Ford Falcon,black,OTHER,FORD,FALCON,AUTOMATIC,297000,14500,VIC,2014
2006 Mitsubishi Lancer,grey,PETROL,MITSUBISHI,LANCER,AUTOMATIC,280000,2500,VIC,2006
2016 Toyota RAV4,white,PETROL,TOYOTA,RAV4,AUTOMATIC,143000,19900,VIC,2016
2019 Lexus Lexus NX 300h,white,HYBRID,LEXUS,NX,AUTOMATIC,60023,51000,VIC,2019
2008 Holden Commodore,silver,PETROL,HOLDEN,COMMODORE,MANUAL,240000,19900,VIC,2008
2011 Mercedes-Benz B200,white,PETROL,MERCEDES-BENZ,B-CLASS,AUTOMATIC,128000,10500,VIC,2011
2012 Ford Focus,white,PETROL,FORD,FOCUS,AUTOMATIC,167000,9000,VIC,2012
2018 BMW m3 comp,white,HYBRID,BMW,M3,AUTOMATIC,112000,79000,VIC,2018
2018 Ford EcoSport,red,PETROL,FORD,ECOSPORT,AUTOMATIC,43249,19500,VIC,2018
2017 Kia Cerato,silver,PETROL,KIA,CERATO,AUTOMATIC,101000,14999,VIC,2017
2007 Holden Commodore,grey,PETROL,HOLDEN,COMMODORE,MANUAL,265000,4000,VIC,2007
2010 Ford Ranger,white,DIESEL,FORD,RANGER,MANUAL,230000,4000,NSW,2010
2005 Holden Rodeo,black,PETROL,HOLDEN,RODEO,AUTOMATIC,336000,3500,NSW,2005
2020 Mitsubishi ASX  LS,red,PETROL,MITSUBISHI,ASX,AUTOMATIC,86868,19999,NSW,2020
2022 Kia Picanto,red,PETROL,KIA,PICANTO,AUTOMATIC,5000,19750,SA,2022
2004 Toyota Hiace,white,OTHER,TOYOTA,HIACE,MANUAL,336000,4980,NSW,2004
2020 Mazda BT-50,white,DIESEL,MAZDA,BT-50,AUTOMATIC,272000,17500,SA,2020
1998 Toyota Landcruiser,white,DIESEL,TOYOTA,LANDCRUISER,MANUAL,45400,19000,VIC,1998
"2008 Honda CR-V Luxury AWD 192,000Km ",silver,OTHER,HONDA,CR-V,AUTOMATIC,192000,7300,NSW,2008
2018 Kia Picanto,red,PETROL,KIA,PICANTO,AUTOMATIC,142505,12000,SA,2018
2018 Hyundai i30,blue,PETROL,HYUNDAI,I30,MANUAL,127300,13800,NSW,2018
2013 Volkswagen Golf,white,PETROL,VOLKSWAGEN,GOLF,AUTOMATIC,159000,7900,SA,2013
2018 Renault Clio,silver,PETROL,RENAULT,CLIO,AUTOMATIC,81000,10900,SA,2018
2016 Nissan X-Trail,grey,PETROL,NISSAN,X-TRAIL,AUTOMATIC,78041,22500,SA,2016
2008 BMW 5 series m sport,grey,PETROL,BMW,5 SERIES,AUTOMATIC,207000,14000,SA,2008
2018 Holden Holden Colorado,black,DIESEL,HOLDEN,COLORADO,AUTOMATIC,187460,27990,SA,2018
2021 Volkswagen Tcross,orange,PETROL,VOLKSWAGEN,TCROSS,AUTOMATIC,36000,25000,SA,2021
2018 Mitsubishi Triton,white,DIESEL,MITSUBISHI,TRITON,MANUAL,150000,25000,SA,2018
2007 Nissan skyline 370gt,grey,PETROL,NISSAN,SKYLINE 370GT,AUTOMATIC,245000,9000,NSW,2007
2013 BMW 328i,white,PETROL,BMW,SERIES 3,AUTOMATIC,130000,16888,SA,2013
2006 Toyota Camry,blue,PETROL,TOYOTA,CAMRY,AUTOMATIC,222356,5000,SA,2006
2015 Subaru WRX,silver,PETROL,SUBARU,WRX,AUTOMATIC,12000,13000,SA,2015
2008 Nissan Nissan 180SX,grey,DIESEL,NISSAN,NISSAN 180SX,AUTOMATIC,2863,6000,WA,2008
2014 Mitsubishi Outlander,silver,PETROL,MITSUBISHI,OUTLANDER,AUTOMATIC,278600,9000,WA,2014
2017 Holden Holden Colorado,white,OTHER,HOLDEN,COLORADO,AUTOMATIC,120000,18500,SA,2017
2004 Mitsubishi Lancer,silver,PETROL,MITSUBISHI,LANCER,AUTOMATIC,237000,3500,SA,2004
2010 Ford Falcon,blue,PETROL,FORD,FALCON,AUTOMATIC,210000,10000,VIC,2010
2008 Subaru Outback,grey,PETROL,SUBARU,OUTBACK,AUTOMATIC,186000,5000,NSW,2008
2025 Mazda CX-3,white,PETROL,MAZDA,CX-3,AUTOMATIC,500,27500,WA,2025
2009 Mitsubishi Lancer,blue,PETROL,MITSUBISHI,LANCER,AUTOMATIC,142080,7850,NSW,2009
2010 Lexus Lexus IS 250,silver,PETROL,LEXUS,IS,AUTOMATIC,197000,14000,NSW,2010
2011 BMW series 5,white,PETROL,BMW,SERIES 5,AUTOMATIC,216904,10000,NSW,2011
1977 Toyota Celica,blue,PETROL,TOYOTA,CELICA,MANUAL,74000,18000,VIC,1977
2016 Ford Ranger,white,OTHER,FORD,RANGER,AUTOMATIC,190000,20000,NSW,2016
2011 BMW X3,grey,DIESEL,BMW,X3,AUTOMATIC,120000,10000,NSW,2011
2007 Ford Fiesta,red,PETROL,FORD,FIESTA,AUTOMATIC,170910,6499,VIC,2007
2017 Honda grace hybrid,blue,HYBRID,HONDA,E,AUTOMATIC,79000,17300,VIC,2017
2001 Toyota Hilux,purple,OTHER,TOYOTA,HILUX,MANUAL,250000,123456,VIC,2001
2010 Holden Commodore,silver,PETROL,HOLDEN,COMMODORE,AUTOMATIC,183400,6500,VIC,2010
2010 Mazda CX-9,silver,PETROL,MAZDA,CX-9,AUTOMATIC,280000,6500,VIC,2010
2004 Nissan Patrol,white,DIESEL,NISSAN,PATROL,AUTOMATIC,266000,17500,VIC,2004
2011 Nissan Navara,black,DIESEL,NISSAN,NAVARA,AUTOMATIC,230590,9500,NSW,2011
2007 Ford Falcon,blue,PETROL,FORD,FALCON,AUTOMATIC,206000,8000,VIC,2007
2016 Holden Captiva,white,PETROL,HOLDEN,CAPTIVA,AUTOMATIC,88000,10700,VIC,2016
2016 Audi A4,silver,DIESEL,AUDI,A4,AUTOMATIC,199000,22000,VIC,2016
2016 Mazda CX-5,red,PETROL,MAZDA,CX-5,AUTOMATIC,227000,12500,NSW,2016
2010 Holden Commodore,red,PETROL,HOLDEN,COMMODORE,AUTOMATIC,288700,4200,VIC,2010
2012 BMW 118i,blue,PETROL,BMW,SERIES 1,AUTOMATIC,171000,5000,VIC,2012
2004 Nissan Elgrand,white,PETROL,NISSAN,ELGRAND,AUTOMATIC,205000,10000,VIC,2004
2021 Toyota Fortuner,white,DIESEL,TOYOTA,FORTUNER,AUTOMATIC,60000,50000,VIC,2021
2012 Nissan Navara,silver,DIESEL,NISSAN,NAVARA,MANUAL,159749,16999,VIC,2012
2013 Volkswagen Golf,red,PETROL,VOLKSWAGEN,GOLF,AUTOMATIC,200000,12499,VIC,2013
2013 Ford Territory,black,DIESEL,FORD,TERRITORY,AUTOMATIC,223373,12499,VIC,2013
2000 Toyota Landcruiser Prado,grey,PETROL,TOYOTA,LANDCRUISER,AUTOMATIC,350000,3500,VIC,2000
2006 Ford Falcon,black,PETROL,FORD,FALCON,AUTOMATIC,191000,12500,VIC,2006
2012 Toyota Hilux Sr5 4x4 with RWC Rego ,white,DIESEL,TOYOTA,HILUX,MANUAL,315000,23500,VIC,2012
2013 Holden Commodore,white,PETROL,HOLDEN,COMMODORE,MANUAL,160000,34500,VIC,2013
2008 Nissan Patrol,white,DIESEL,NISSAN,PATROL,AUTOMATIC,168000,25000,SA,2008
2012 Nissan X-Trail,blue,PETROL,NISSAN,X-TRAIL,MANUAL,282000,3500,SA,2012
2006 Honda Civic,silver,PETROL,HONDA,CIVIC,MANUAL,289000,3000,SA,2006
1999 Lexus GS300,gold,PETROL,LEXUS,GS,AUTOMATIC,119000,9499,SA,1999
2014 Jeep grand cherokee srt 8 (4x4) wk my14 multi point f/inj 6.4l 8 sp automatic,black,PETROL,JEEP,GRAND CHEROKEE,AUTOMATIC,85415,49990,SA,2014
2004 Holden Astra,silver,PETROL,HOLDEN,ASTRA,AUTOMATIC,182000,2500,SA,2004
2009 Holden Ute,silver,OTHER,HOLDEN,UTE,AUTOMATIC,214000,8000,SA,2009
2004 Honda Accord,blue,PETROL,HONDA,ACCORD,AUTOMATIC,179000,6200,SA,2004
2019 Renault Clio,white,PETROL,RENAULT,CLIO,AUTOMATIC,99813,13999,SA,2019
2004 Holden Commodore,blue,PETROL,HOLDEN,COMMODORE,AUTOMATIC,269000,3000,SA,2004
2012 Honda Civic,white,PETROL,HONDA,CIVIC,AUTOMATIC,110000,11700,SA,2012
2021 Toyota Hilux,blue,PETROL,TOYOTA,HILUX,AUTOMATIC,93000,37500,VIC,2021
2003 Holden monaro cv8 v2 series 3 manual ,black,PETROL,HOLDEN,MONARO,MANUAL,111500,44000,VIC,2003
2007 Honda CR-V,silver,PETROL,HONDA,CR-V,AUTOMATIC,177000,7300,VIC,2007
2017 Holden Astra,white,PETROL,HOLDEN,ASTRA,AUTOMATIC,152934,10999,VIC,2017
2004 Holden vz commodore | ✅ rwc | ✅ rego | ✅ ready,white,PETROL,HOLDEN,COMMODORE,AUTOMATIC,190000,7200,VIC,2004
2016 Toyota Corolla,white,PETROL,TOYOTA,COROLLA,AUTOMATIC,154000,14900,SA,2016
2006 Mitsubishi Pajero,silver,PETROL,MITSUBISHI,PAJERO,AUTOMATIC,298000,3500,VIC,2006
2017 Ford ESCAPE AMBIENTE ZG AUTO 2WD MY18,white,PETROL,FORD,ESCAPE,AUTOMATIC,160000,12999,SA,2017
2011 Mitsubishi Outlander,grey,OTHER,MITSUBISHI,OUTLANDER,MANUAL,245000,4200,VIC,2011
2008 Toyota Camry,white,PETROL,TOYOTA,CAMRY,AUTOMATIC,191000,7800,SA,2008
1996 Honda Civic,white,PETROL,HONDA,CIVIC,AUTOMATIC,237877,3500,QLD,1996
2009 Nissan Tiida,green,PETROL,NISSAN,TIIDA,AUTOMATIC,99909,8999,VIC,2009
2009 Mitsubishi Delica,white,PETROL,MITSUBISHI,DELICA,AUTOMATIC,155000,15900,VIC,2009
2003 Holden Astra,silver,PETROL,HOLDEN,ASTRA,AUTOMATIC,85400,3000,VIC,2003
2011 Mitsubishi Triton GLX-R,silver,DIESEL,MITSUBISHI,TRITON,MANUAL,257353,12999,VIC,2011
2008 Nissan Dualis ST,silver,PETROL,NISSAN,DUALIS,AUTOMATIC,211710,7999,VIC,2008
2010 Holden Holden Colorado,white,PETROL,HOLDEN,COLORADO,AUTOMATIC,142500,13000,VIC,2010
2002 Holden Astra,silver,PETROL,HOLDEN,ASTRA,AUTOMATIC,110000,4700,VIC,2002
2015 FIAT Freemont,red,PETROL,FIAT,FREEMONT,AUTOMATIC,122000,8500,VIC,2015
1964 Chrysler Valiant,beige,PETROL,CHRYSLER,VALIANT,MANUAL,40000,8000,VIC,1964
1999 Holden Statesman ,white,OTHER,HOLDEN,STATESMAN,AUTOMATIC,260000,14200,VIC,1999
2017 Mitsubishi Pajero,charcoal,DIESEL,MITSUBISHI,PAJERO,AUTOMATIC,172000,27500,VIC,2017
1999 Honda Civic,blue,PETROL,HONDA,CIVIC,AUTOMATIC,240000,4500,VIC,1999
2016 Suzuki Swift,white,PETROL,SUZUKI,SWIFT,AUTOMATIC,160500,11999,VIC,2016
2021 Toyota Landcruiser,silver,DIESEL,TOYOTA,LANDCRUISER,AUTOMATIC,65000,106800,VIC,2021
2012 Volkswagen passat highline Auto With rego and rwc,grey,PETROL,VOLKSWAGEN,WITH REGO AND RWC,AUTOMATIC,210000,7999,VIC,2012
2014 Land Rover Range Rover,white,DIESEL,LAND-ROVER,RANGE ROVER,AUTOMATIC,105000,59900,NSW,2014
1983 Holden Holden Gemini,brown,PETROL,HOLDEN,GEMINI,MANUAL,191464,16500,VIC,1983
2017 Ford Ranger,orange,DIESEL,FORD,RANGER,AUTOMATIC,280000,25000,VIC,2017
2016 Ford Mustang,grey,PETROL,FORD,MUSTANG,AUTOMATIC,87000,42000,VIC,2016
2009 Subaru WRX,grey,PETROL,SUBARU,WRX,MANUAL,155204,20000,VIC,2009
2016 Nissan np300 navara 4x4,white,OTHER,NISSAN,NAVARA,AUTOMATIC,193000,38500,VIC,2016
2016 Mercedes-Benz Mercedes-Benz 250SE,silver,DIESEL,MERCEDES-BENZ,MERCEDES-BENZ 250SE,AUTOMATIC,180000,20000,VIC,2016
1989 Nissan Patrol,red,OTHER,NISSAN,PATROL,MANUAL,12345,8000,VIC,1989
2006 Lexus Lexus IS 250,silver,OTHER,LEXUS,IS,AUTOMATIC,181000,123456,VIC,2006
2018 Volkswagen Golf R,black,PETROL,VOLKSWAGEN,GOLF,AUTOMATIC,136544,29995,NSW,2018
2012 Audi A5,blue,PETROL,AUDI,A5,AUTOMATIC,224700,9500,VIC,2012
2017 Mercedes-Benz mercedes sprinter 319cdi 2017,white,DIESEL,MERCEDES-BENZ,SPRINTER,AUTOMATIC,244900,19000,VIC,2017
2016 Holden cruze,blue,PETROL,HOLDEN,CRUZE,AUTOMATIC,145240,7800,NSW,2016
2012 Mazda CX-7,black,PETROL,MAZDA,CX-7,AUTOMATIC,214000,8000,VIC,2012
2017 Mitsubishi Outlander,charcoal,PETROL,MITSUBISHI,OUTLANDER,AUTOMATIC,125600,19900,VIC,2017
2006 Hyundai Getz,silver,OTHER,HYUNDAI,GETZ,AUTOMATIC,298000,2800,VIC,2006
2004 Hyundai Elantra,silver,PETROL,HYUNDAI,ELANTRA,AUTOMATIC,29000,3999,VIC,2004
2014 Ford Ranger,silver,DIESEL,FORD,RANGER,AUTOMATIC,213124,24990,QLD,2014
2020 Mercedes-Benz GLC 300,black,PETROL,MERCEDES-BENZ,C-CLASS,AUTOMATIC,70000,58000,VIC,2020
1998 Mitsubishi mk triton,green,PETROL,MITSUBISHI,TRITON,AUTOMATIC,285000,5250,QLD,1998
2010 BMW X1,black,DIESEL,BMW,X1,AUTOMATIC,203000,9000,NSW,2010
2018 Mitsubishi Eclipse Cross,white,PETROL,MITSUBISHI,ECLIPSE CROSS,AUTOMATIC,127000,17299,NSW,2018
2007 Mazda CX-7,silver,PETROL,MAZDA,CX-7,AUTOMATIC,196000,3900,NSW,2007
2010 Toyota Yaris,charcoal,PETROL,TOYOTA,YARIS,MANUAL,123383,6000,NSW,2010
2010 Hyundai Ix35,grey,PETROL,HYUNDAI,IX35,AUTOMATIC,108000,9700,NSW,2010
1971 Ford Falcon,green,PETROL,FORD,FALCON,AUTOMATIC,12345,95000,NSW,1971
2010 Volkswagen Golf,black,PETROL,VOLKSWAGEN,GOLF,AUTOMATIC,88119,8000,NSW,2010
2016 Toyota Yaris,red,PETROL,TOYOTA,YARIS,MANUAL,130000,11000,NSW,2016
2021 Toyota RAV4,grey,HYBRID,TOYOTA,RAV4,AUTOMATIC,104650,42990,NSW,2021
2016 Land Rover Discovery Sport,white,DIESEL,LAND-ROVER,DISCOVERY SPORT,AUTOMATIC,137000,16900,NSW,2016
2020 Mercedes-Benz a-class,white,PETROL,MERCEDES-BENZ,A-CLASS,AUTOMATIC,53000,29000,NSW,2020
2016 Toyota Landcruiser 200,white,DIESEL,TOYOTA,LANDCRUISER,AUTOMATIC,125330,73500,NSW,2016
2009 BMW 335i,grey,PETROL,BMW,SERIES 3,AUTOMATIC,130000,13000,NSW,2009
2022 Volkswagen t-roc r-line,black,PETROL,VOLKSWAGEN,T-ROC,AUTOMATIC,15300,39000,NSW,2022
2003 Ford Falcon,gold,PETROL,FORD,FALCON,AUTOMATIC,373500,4000,NSW,2003
2010 Volkswagen Caddy,white,DIESEL,VOLKSWAGEN,CADDY,AUTOMATIC,254000,8500,NSW,2010
2020 Hyundai i30 go,white,PETROL,HYUNDAI,I30,AUTOMATIC,176100,15990,SA,2020
2013 Holden Commodore,black,PETROL,HOLDEN,COMMODORE,AUTOMATIC,175825,13800,SA,2013
2017 Nissan Navara,white,DIESEL,NISSAN,NAVARA,AUTOMATIC,175000,16900,SA,2017
2019 Toyota Landcruiser,white,DIESEL,TOYOTA,LANDCRUISER,MANUAL,98000,29500,NSW,2019
2011 Volkswagen Amarok,grey,DIESEL,VOLKSWAGEN,AMAROK,MANUAL,350000,7999,SA,2011
2014 Holden 2014 caprice wn walkinshaw,white,PETROL,HOLDEN,CAPRICE,AUTOMATIC,230000,23000,SA,2014
2014 Nissan X-Trail,blue,PETROL,NISSAN,X-TRAIL,AUTOMATIC,152000,14500,SA,2014
2007 Ford Ranger,grey,DIESEL,FORD,RANGER,MANUAL,320000,7000,SA,2007
2007 MINI Cooper,silver,PETROL,MINI,COOPER,AUTOMATIC,168000,8500,SA,2007
2014 Volkswagen Jetta,white,PETROL,VOLKSWAGEN,JETTA,MANUAL,151000,6990,SA,2014
1986 Ford Falcon,white,PETROL,FORD,FALCON,MANUAL,123456,10000,SA,1986
2024 Toyota RAV4,white,ELECTRIC,TOYOTA,RAV4,AUTOMATIC,54250,41000,SA,2024
2010 Honda Accord,white,PETROL,HONDA,ACCORD,AUTOMATIC,241032,10500,SA,2010
1975 Volkswagen Kombi,red,PETROL,VOLKSWAGEN,KOMBI,MANUAL,1000000,79950,WA,1975
2012 Volkswagen Caddy,red,DIESEL,VOLKSWAGEN,CADDY,MANUAL,202081,9950,SA,2012
2016 Mitsubishi ASX,white,PETROL,MITSUBISHI,ASX,AUTOMATIC,178223,12300,WA,2016
2005 Ford Falcon,black,PETROL,FORD,FALCON,AUTOMATIC,242000,5000,WA,2005
2018 Ford Escape,white,PETROL,FORD,ESCAPE,AUTOMATIC,105087,14000,SA,2018
2011 Volkswagen Golf,red,PETROL,VOLKSWAGEN,GOLF,AUTOMATIC,129000,16500,WA,2011
2008 Mercedes-Benz C220 ,silver,DIESEL,MERCEDES-BENZ,C-CLASS,AUTOMATIC,160200,8990,WA,2008
2018 Hyundai i30,silver,PETROL,HYUNDAI,I30,MANUAL,130000,15800,WA,2018
2015 Subaru liberty,silver,PETROL,SUBARU,LIBERTY,AUTOMATIC,122000,15750,WA,2015
2008 BMW series 3,silver,PETROL,BMW,SERIES 3,AUTOMATIC,203410,5950,WA,2008
2010 Jeep Grand Cherokee,black,DIESEL,JEEP,GRAND CHEROKEE,AUTOMATIC,235000,12345,WA,2010
1994 Ford Falcon,green,PETROL,FORD,FALCON,AUTOMATIC,193000,25000,WA,1994
2014 Subaru Forester,grey,PETROL,SUBARU,FORESTER,AUTOMATIC,113800,14500,WA,2014
2016 Škoda Superb,black,PETROL,ŠKODA,SUPERB,AUTOMATIC,99500,20000,WA,2016
2024 Chevrolet Silverado,black,PETROL,CHEVROLET,SILVERADO,AUTOMATIC,18900,135000,VIC,2024
2011 Holden Commodore,blue,PETROL,HOLDEN,COMMODORE,AUTOMATIC,193422,8000,VIC,2011
2014 Kia optima platinum sedan 4dr spts auto 6sp 2.4i,silver,PETROL,KIA,OPTIMA,AUTOMATIC,141350,13490,WA,2014
2014 Nissan Altima,brown,PETROL,NISSAN,ALTIMA,AUTOMATIC,73000,9500,VIC,2014
2015 Volvo v60 t6 r-design,black,PETROL,VOLVO,V60,AUTOMATIC,122000,20000,VIC,2015
2022 Porsche macan s,black,PETROL,PORSCHE,MACAN,AUTOMATIC,75000,103990,VIC,2022
2015 Hyundai Santa Fe,charcoal,DIESEL,HYUNDAI,SANTA FE,AUTOMATIC,218152,15000,VIC,2015
2019 Nissan X-Trail,white,PETROL,NISSAN,X-TRAIL,AUTOMATIC,160816,14888,VIC,2019
2017 Toyota Yaris,charcoal,PETROL,TOYOTA,YARIS,AUTOMATIC,149000,12500,VIC,2017
2015 Ford Focus,white,PETROL,FORD,FOCUS,AUTOMATIC,168000,7600,VIC,2015
2019 Kia Sportage,white,PETROL,KIA,SPORTAGE,AUTOMATIC,85214,21500,VIC,2019
2018 Toyota C-HR,white,HYBRID,TOYOTA,C-HR,AUTOMATIC,86000,23000,VIC,2018
2024 Suzuki Vitara,black,PETROL,SUZUKI,VITARA,AUTOMATIC,39000,23490,VIC,2024
2010 Great Wall V240,silver,PETROL,GWM,V240,MANUAL,200000,4000,VIC,2010
1974 Ford Falcon,silver,PETROL,FORD,FALCON,AUTOMATIC,123456,70000,QLD,1974
2024 Kia Sportage,white,PETROL,KIA,SPORTAGE,AUTOMATIC,39000,38400,QLD,2024
2010 Isuzu D-Max,white,DIESEL,ISUZU,D-MAX,AUTOMATIC,299974,19000,QLD,2010
2018 Mercedes-Benz GLA180,beige,PETROL,MERCEDES-BENZ,A-CLASS,AUTOMATIC,67267,24500,QLD,2018
2014 MINI Cooper,white,PETROL,MINI,COOPER,AUTOMATIC,63000,22000,QLD,2014
2004 Land Rover Discovery ,blue,DIESEL,LAND-ROVER,DISCOVERY,MANUAL,220076,4999,QLD,2004
2017 Subaru Levorg,white,PETROL,SUBARU,LEVORG,AUTOMATIC,147000,16999,QLD,2017
2023 Hyundai i30,white,PETROL,HYUNDAI,I30,AUTOMATIC,12269,24888,QLD,2023
2008 Mazda CX-7,red,PETROL,MAZDA,CX-7,AUTOMATIC,177500,6250,QLD,2008
2018 Hyundai Tucson,red,PETROL,HYUNDAI,TUCSON,AUTOMATIC,150500,15000,QLD,2018
2020 Toyota Corolla Hybrid ,white,HYBRID,TOYOTA,COROLLA,AUTOMATIC,111000,19999,QLD,2020
2019 Škoda Octavia,white,OTHER,ŠKODA,OCTAVIA,AUTOMATIC,98894,10800,QLD,2019
2019 Toyota Camry,white,HYBRID,TOYOTA,CAMRY,AUTOMATIC,138907,19999,QLD,2019
2014 Toyota Camry,red,PETROL,TOYOTA,CAMRY,AUTOMATIC,219000,9800,QLD,2014
2022 Mitsubishi Outlander,grey,PETROL,MITSUBISHI,OUTLANDER,AUTOMATIC,39500,36000,QLD,2022
2012 Ford Territory Titanium SZ,black,DIESEL,FORD,TERRITORY,AUTOMATIC,226611,6900,VIC,2012
2012 Mazda CX-5,black,DIESEL,MAZDA,CX-5,AUTOMATIC,170000,12500,SA,2012
2008 Hyundai i30,white,DIESEL,HYUNDAI,I30,MANUAL,195000,6000,QLD,2008
1994 Toyota Landcruiser,white,DIESEL,TOYOTA,LANDCRUISER,MANUAL,300160,20500,NSW,1994
2020 Mazda CX-3,white,PETROL,MAZDA,CX-3,MANUAL,56682,20999,QLD,2020
2009 Kia Rio,red,PETROL,KIA,RIO,AUTOMATIC,175000,5000,NSW,2009
2011 Ford Focus,silver,PETROL,FORD,FOCUS,AUTOMATIC,174163,2500,VIC,2011
2012 Ford Territory,white,DIESEL,FORD,TERRITORY,AUTOMATIC,336000,7500,SA,2012
2015 Toyota Hiace,white,DIESEL,TOYOTA,HIACE,MANUAL,244000,20000,SA,2015
2019 BMW X5,black,DIESEL,BMW,X5,AUTOMATIC,83000,55999,SA,2019
1995 Toyota Landcruiser,brown,DIESEL,TOYOTA,LANDCRUISER,MANUAL,446000,20000,SA,1995
2012 Ford Ranger,white,DIESEL,FORD,RANGER,MANUAL,226350,15000,SA,2012
2021 Mitsubishi ASX,white,PETROL,MITSUBISHI,ASX,AUTOMATIC,31984,25990,SA,2021
2019 Mitsubishi triton gls,white,DIESEL,MITSUBISHI,TRITON,AUTOMATIC,74600,36000,SA,2019
2008 Audi tt mk2 (vr6),blue,PETROL,AUDI,TT,AUTOMATIC,230000,10000,VIC,2008
2016 Hyundai Tucson,white,PETROL,HYUNDAI,TUCSON,AUTOMATIC,128000,17900,VIC,2016
2013 Toyota Camry,silver,PETROL,TOYOTA,CAMRY,AUTOMATIC,69000,17000,SA,2013
2007 Ford FIESTA AUTOMATIC ,white,PETROL,FORD,FIESTA,AUTOMATIC,190000,5500,SA,2007
2015 Holden Calais V,white,PETROL,HOLDEN,CALAIS,AUTOMATIC,158500,17900,SA,2015
2004 Toyota Camry,gold,PETROL,TOYOTA,CAMRY,AUTOMATIC,250403,3300,VIC,2004
2009 Ford Focus,brown,PETROL,FORD,FOCUS,AUTOMATIC,999999,2500,VIC,2009
2010 Holden Ute,blue,OTHER,HOLDEN,UTE,AUTOMATIC,99471,37000,VIC,2010
2013 Hyundai i40,grey,PETROL,HYUNDAI,I40,AUTOMATIC,165933,14999,VIC,2013
2010 Toyota Yaris YR  📋 Rego and RWC ,grey,PETROL,TOYOTA,YARIS,AUTOMATIC,188045,7999,VIC,2010
1966 Ford Falcon,red,PETROL,FORD,FALCON,MANUAL,400,30000,VIC,1966
1997 Ford Falcon,blue,OTHER,FORD,FALCON,MANUAL,370000,12000,VIC,1997
2015 Mercedes-Benz b200,white,DIESEL,MERCEDES-BENZ,B-CLASS,AUTOMATIC,160490,11490,VIC,2015
2019 Hyundai Santa Fe,black,DIESEL,HYUNDAI,SANTA FE,AUTOMATIC,83000,33000,VIC,2019
2018 Toyota C-HR,blue,PETROL,TOYOTA,C-HR,AUTOMATIC,96000,26000,VIC,2018
2013 Mazda BT-50,white,DIESEL,MAZDA,BT-50,MANUAL,232000,8250,VIC,2013
2010 Honda Civic,brown,OTHER,HONDA,CIVIC,AUTOMATIC,154641,6500,VIC,2010
2011 Holden Holden Colorado,white,DIESEL,HOLDEN,COLORADO,MANUAL,280000,8500,WA,2011
2008 Mitsubishi triton,black,DIESEL,MITSUBISHI,TRITON,AUTOMATIC,305400,7800,WA,2008
2022 Isuzu D-MAX,orange,DIESEL,ISUZU,D-MAX,AUTOMATIC,73826,47990,WA,2022
2020 Mitsubishi Pajero Sport,white,OTHER,MITSUBISHI,PAJERO SPORT,AUTOMATIC,143000,32990,WA,2020
2011 Holden Commodore,red,OTHER,HOLDEN,COMMODORE,AUTOMATIC,125597,7000,WA,2011
2011 BMW series 3,white,PETROL,BMW,SERIES 3,AUTOMATIC,127000,9000,WA,2011
2015 Volkswagen Golf,blue,OTHER,VOLKSWAGEN,GOLF,AUTOMATIC,221000,7500,WA,2015
2007 Nissan Navara,white,DIESEL,NISSAN,NAVARA,MANUAL,218058,6000,WA,2007
2016 Holden Malibu,grey,PETROL,HOLDEN,MALIBU,AUTOMATIC,153500,7000,WA,2016
2020 Suzuki Vitara Turbo,white,PETROL,SUZUKI,VITARA,AUTOMATIC,92302,23498,WA,2020
2014 Jeep Compass,white,PETROL,JEEP,COMPASS,AUTOMATIC,186000,5400,WA,2014
2015 Ford Falcon,silver,PETROL,FORD,FALCON,AUTOMATIC,20000,68000,WA,2015
2009 Mercedes-Benz E350,silver,PETROL,MERCEDES-BENZ,E-CLASS,AUTOMATIC,123200,17000,WA,2009
1989 Nissan skyline,white,OTHER,NISSAN,SKYLINE,AUTOMATIC,210000,14888,WA,1989
2010 Ford Focus,silver,PETROL,FORD,FOCUS,AUTOMATIC,193400,5000,WA,2010
2016 Subaru BRZ,white,PETROL,SUBARU,BRZ,AUTOMATIC,130000,28000,NSW,2016
2021 Jeep Wrangler,blue,PETROL,JEEP,WRANGLER,AUTOMATIC,37500,48000,WA,2021
1992 Mercedes-Benz Mercedes-Benz 300 SEL,red,OTHER,MERCEDES-BENZ,MERCEDES-BENZ 300 SEL,AUTOMATIC,77000,15880,NSW,1992
2012 Toyota Yaris,silver,PETROL,TOYOTA,YARIS,MANUAL,15000,8900,NSW,2012
2022 Toyota Corolla,white,PETROL,TOYOTA,COROLLA,AUTOMATIC,78000,31000,NSW,2022
2019 Hyundai Sonata,white,PETROL,HYUNDAI,SONATA,AUTOMATIC,58500,23000,NSW,2019
1985 BMW Series 7,gold,OTHER,BMW,SERIES 7,AUTOMATIC,216000,8000,NSW,1985
2018 Toyota Fortuner,grey,DIESEL,TOYOTA,FORTUNER,AUTOMATIC,180000,35500,NSW,2018
2016 BMW X5,black,DIESEL,BMW,X5,AUTOMATIC,102000,25000,NSW,2016
2014 Mitsubishi Lancer ES Sport MY14.5 SN2429F,white,PETROL,MITSUBISHI,LANCER,AUTOMATIC,173479,9995,NSW,2014
2006 Toyota Hiace,grey,PETROL,TOYOTA,HIACE,AUTOMATIC,487000,9000,NSW,2006
2009 BMW x6 e71 xdrive35d coupe 5dr steptronic 6sp 4x4 600kg 3.0dtt,white,DIESEL,BMW,X4,AUTOMATIC,173000,17999,NSW,2009
2023 Toyota COROLLA ASCENT SPORT HYBRID ,silver,HYBRID,TOYOTA,COROLLA,AUTOMATIC,53000,30000,NSW,2023
2006 Volkswagen Golf,red,PETROL,VOLKSWAGEN,GOLF,AUTOMATIC,177000,2500,NSW,2006
2015 BMW 1 Series 116i,white,PETROL,BMW,1 SERIES,AUTOMATIC,133000,13500,NSW,2015
1982 Toyota Landcruiser,yellow,DIESEL,TOYOTA,LANDCRUISER,MANUAL,220000,33000,NSW,1982
2018 Isuzu D-Max,white,DIESEL,ISUZU,D-MAX,AUTOMATIC,110000,50000,QLD,2018
2010 Hyundai iMax,white,DIESEL,HYUNDAI,IMAX,MANUAL,250000,12000,QLD,2010
2005 Mitsubishi Magna,gold,PETROL,MITSUBISHI,MAGNA,AUTOMATIC,109412,5750,QLD,2005
2013 Holden Commodore,white,PETROL,HOLDEN,COMMODORE,AUTOMATIC,180000,8500,QLD,2013
1963 Chrysler Valiant,white,OTHER,CHRYSLER,VALIANT,AUTOMATIC,12345,19500,QLD,1963
2019 Subaru Forester,black,PETROL,SUBARU,FORESTER,AUTOMATIC,127735,19500,QLD,2019
2011 Renault Megane,black,OTHER,RENAULT,MEGANE,MANUAL,180000,7500,QLD,2011
2011 Jeep Wrangler,blue,PETROL,JEEP,WRANGLER,MANUAL,168000,14000,NSW,2011
1993 Ford Maverick,white,DIESEL,FORD,MAVERICK,MANUAL,300000,13000,QLD,1993
2021 Toyota Hilux,white,DIESEL,TOYOTA,HILUX,AUTOMATIC,45000,42000,QLD,2021
1993 Toyota Landcruiser,white,PETROL,TOYOTA,LANDCRUISER,AUTOMATIC,555000,8000,QLD,1993
2007 Nissan Patrol,white,DIESEL,NISSAN,PATROL,AUTOMATIC,430000,16000,QLD,2007
2017 Hyundai Tucson,silver,PETROL,HYUNDAI,TUCSON,AUTOMATIC,116992,17000,NSW,2017
2017 Land Rover Range Rover Evoque,black,DIESEL,LAND-ROVER,RANGE ROVER EVOQUE,AUTOMATIC,100000,20000,QLD,2017
2012 Mercedes-Benz c-class,grey,PETROL,MERCEDES-BENZ,C-CLASS,AUTOMATIC,138000,16000,QLD,2012
2005 Toyota Corolla,silver,OTHER,TOYOTA,COROLLA,AUTOMATIC,184000,6499,QLD,2005
2012 Nissan Pathfinder,grey,DIESEL,NISSAN,PATHFINDER,AUTOMATIC,237000,13850,QLD,2012
2011 Subaru Forester,white,OTHER,SUBARU,FORESTER,AUTOMATIC,209999,9999,WA,2011
2014 Mercedes-Benz Mercedes-Benz C200,black,PETROL,MERCEDES-BENZ,C-CLASS,AUTOMATIC,59900,23500,WA,2014
2022 Mitsubishi Pajero,charcoal,DIESEL,MITSUBISHI,PAJERO,AUTOMATIC,80000,39500,WA,2022
2011 Toyota kluger kx-r awd,grey,PETROL,TOYOTA,KLUGER,AUTOMATIC,221000,11800,SA,2011
2014 Ford Fiesta,blue,PETROL,FORD,FIESTA,AUTOMATIC,88702,10999,WA,2014
2015 Volkswagen Jetta,grey,PETROL,VOLKSWAGEN,JETTA,MANUAL,83000,9990,NSW,2015
2007 BMW 530i,white,PETROL,BMW,SERIES 5,AUTOMATIC,240000,8000,WA,2007
2017 Toyota Camry,grey,PETROL,TOYOTA,CAMRY,AUTOMATIC,120000,16100,NSW,2017
2020 Toyota Corolla,white,HYBRID,TOYOTA,COROLLA,AUTOMATIC,65921,24950,NSW,2020
2017 Nissan X-Trail,white,HYBRID,NISSAN,X-TRAIL,AUTOMATIC,107000,18999,WA,2017
2022 Mitsubishi Outlander,white,OTHER,MITSUBISHI,OUTLANDER,AUTOMATIC,73500,31000,NSW,2022
2009 Toyota Crown Athlete,black,PETROL,TOYOTA,CROWN,AUTOMATIC,96670,15500,SA,2009
2018 Subaru Forester,burgundy,PETROL,SUBARU,FORESTER,AUTOMATIC,43500,29400,NSW,2018
2015 BMW 640i,black,PETROL,BMW,SERIES 6,AUTOMATIC,76000,66000,NSW,2015
1978 Toyota Landcruiser,white,PETROL,TOYOTA,LANDCRUISER,MANUAL,70000,9999,NSW,1978
2014 Mitsubishi OUTLANDER ES MY14.5 SN2419E,white,PETROL,MITSUBISHI,OUTLANDER,AUTOMATIC,221563,10995,NSW,2014
1992 Toyota 4Runner,grey,PETROL,TOYOTA,4RUNNER,AUTOMATIC,292990,8000,NSW,1992
2006 Toyota Yaris,blue,PETROL,TOYOTA,YARIS,MANUAL,291760,3300,NSW,2006
2013 Volkswagen Golf,blue,PETROL,VOLKSWAGEN,GOLF,AUTOMATIC,150000,10800,NSW,2013
2008 Holden Ute,green,PETROL,HOLDEN,UTE,AUTOMATIC,277117,6500,NSW,2008
2017 Renault Megane,black,PETROL,RENAULT,MEGANE,AUTOMATIC,146599,10000,NSW,2017
2017 MINI Cooper,black,PETROL,MINI,COOPER,AUTOMATIC,58500,19500,NSW,2017
2020 Toyota Corolla,white,PETROL,TOYOTA,COROLLA,AUTOMATIC,90000,22300,NSW,2020
2002 Nissan Patrol,blue,PETROL,NISSAN,PATROL,AUTOMATIC,400000,22000,NSW,2002
2006 Nissan Elgrand,silver,PETROL,NISSAN,ELGRAND,AUTOMATIC,118000,14999,NSW,2006
2016 Isuzu D-Max,white,DIESEL,ISUZU,D-MAX,AUTOMATIC,278000,19000,NSW,2016
2008 Holden Barina,black,PETROL,HOLDEN,BARINA,AUTOMATIC,140000,3500,SA,2008
2015 Toyota Corolla,black,PETROL,TOYOTA,COROLLA,AUTOMATIC,150000,14500,SA,2015
2020 Mitsubishi Pajero,black,DIESEL,MITSUBISHI,PAJERO,AUTOMATIC,114000,39880,SA,2020
2008 Honda Accord,black,PETROL,HONDA,ACCORD,AUTOMATIC,202000,6400,SA,2008
2019 Mazda CX-3,grey,PETROL,MAZDA,CX-3,AUTOMATIC,44800,23000,SA,2019
2005 Holden Commodore,white,PETROL,HOLDEN,COMMODORE,MANUAL,300,18500,SA,2005
2005 Mercedes-Benz C220 CDI,silver,DIESEL,MERCEDES-BENZ,C-CLASS,AUTOMATIC,250000,4900,SA,2005
2014 Ford Kuga,green,DIESEL,FORD,KUGA,AUTOMATIC,195000,13000,SA,2014
2011 Nissan Navara,grey,DIESEL,NISSAN,NAVARA,AUTOMATIC,351000,8000,SA,2011
2007 Toyota Prius Hybrid ,silver,HYBRID,TOYOTA,PRIUS HYBRID,AUTOMATIC,199990,8990,SA,2007
1998 Nissan Pulsar,grey,PETROL,NISSAN,PULSAR,MANUAL,389777,7000,SA,1998
2014 Ford Fiesta,red,PETROL,FORD,FIESTA,AUTOMATIC,130500,11000,SA,2014
2011 Subaru Outback,white,PETROL,SUBARU,OUTBACK,MANUAL,240000,8500,VIC,2011
2017 Lexus Lexus NX 300,black,PETROL,LEXUS,NX,AUTOMATIC,7291,40000,VIC,2017
2015 BMW series 4,black,OTHER,BMW,SERIES 4,AUTOMATIC,100000,20000,VIC,2015
2000 Toyota Camry,green,PETROL,TOYOTA,CAMRY,AUTOMATIC,370692,2850,VIC,2000
1987 Mercedes-Benz 560sel,blue,PETROL,MERCEDES-BENZ,560SEL,AUTOMATIC,190000,31500,VIC,1987
2006 Holden Commodore,white,PETROL,HOLDEN,COMMODORE,AUTOMATIC,153000,8500,VIC,2006
2006 Nissan Navara,black,DIESEL,NISSAN,NAVARA,MANUAL,230000,9500,VIC,2006
2012 Toyota Corolla,blue,OTHER,TOYOTA,COROLLA,AUTOMATIC,160000,8200,VIC,2012
2019 Toyota Toyota Vitz,white,HYBRID,TOYOTA,TOYOTA VITZ,AUTOMATIC,114000,15750,VIC,2019
2017 Mercedes-Benz vito 116cdi lwb,white,PETROL,MERCEDES-BENZ,VITO,AUTOMATIC,261265,19500,VIC,2017
2005 Toyota Hiace,black,PETROL,TOYOTA,HIACE,MANUAL,108000,8990,VIC,2005
2011 Nissan Dualis ST,black,PETROL,NISSAN,DUALIS,MANUAL,210441,5500,VIC,2011
2020 Ford Focus,white,PETROL,FORD,FOCUS,AUTOMATIC,64382,28500,WA,2020
2014 Honda Jazz,yellow,HYBRID,HONDA,JAZZ,AUTOMATIC,80000,13800,VIC,2014
2008 BMW x3 🤘,white,DIESEL,BMW,X3,AUTOMATIC,79851,13990,VIC,2008
2016 Kia Sorento Platinum,red,OTHER,KIA,SORENTO,AUTOMATIC,165552,18990,WA,2016
2017 Toyota vellfire,silver,PETROL,TOYOTA,VELLFIRE,AUTOMATIC,113000,37000,VIC,2017
2018 Lexus RX450h HYBRID,brown,HYBRID,LEXUS,RX,AUTOMATIC,61000,49990,VIC,2018
2023 Suzuki Jimny,black,OTHER,SUZUKI,JIMNY,AUTOMATIC,25700,35900,WA,2023
2023 Mercedes-Benz glb 200,blue,PETROL,MERCEDES-BENZ,GLB,AUTOMATIC,25500,49000,VIC,2023
2014 Mitsubishi OUTLANDER,white,DIESEL,MITSUBISHI,OUTLANDER,AUTOMATIC,220159,9990,WA,2014
1983 Toyota Landcruiser,white,OTHER,TOYOTA,LANDCRUISER,MANUAL,293000,8500,WA,1983
2013 Hyundai i20,grey,PETROL,HYUNDAI,I20,AUTOMATIC,219116,5990,WA,2013
2013 Holden Malibu,white,PETROL,HOLDEN,MALIBU,AUTOMATIC,202331,6900,WA,2013
2015 Toyota Toyota Century,blue,OTHER,TOYOTA,TOYOTA CENTURY,AUTOMATIC,159000,33000,WA,2015
2010 Mitsubishi Outlander,white,PETROL,MITSUBISHI,OUTLANDER,AUTOMATIC,242000,12000,QLD,2010
2009 Volkswagen Golf,grey,DIESEL,VOLKSWAGEN,GOLF,AUTOMATIC,245000,5350,QLD,2009
2015 Holden cruze equipe,silver,PETROL,HOLDEN,CRUZE,AUTOMATIC,95300,8000,VIC,2015
2016 Ford Fiesta,red,PETROL,FORD,FIESTA,MANUAL,72000,9250,QLD,2016
1984 Toyota Hilux,blue,DIESEL,TOYOTA,HILUX,MANUAL,210000,7100,QLD,1984
2018 Toyota Corolla,blue,PETROL,TOYOTA,COROLLA,AUTOMATIC,149000,17000,QLD,2018
2018 Mitsubishi Outlander,white,PETROL,MITSUBISHI,OUTLANDER,AUTOMATIC,492000,8000,QLD,2018
2012 Toyota FJ Cruiser,white,PETROL,TOYOTA,FJ CRUISER,AUTOMATIC,219700,27000,QLD,2012
2017 Holden Captiva,silver,PETROL,HOLDEN,CAPTIVA,AUTOMATIC,97500,10900,QLD,2017
2017 Hyundai Accent,yellow,PETROL,HYUNDAI,ACCENT,AUTOMATIC,63382,13750,QLD,2017
2012 Ford Focus,black,PETROL,FORD,FOCUS,AUTOMATIC,300000,2500,QLD,2012
2006 Ford Falcon,silver,OTHER,FORD,FALCON,AUTOMATIC,212000,40000,QLD,2006
2012 Holden Captiva,white,PETROL,HOLDEN,CAPTIVA,MANUAL,179500,6500,QLD,2012
2008 Holden  Ve commodore ss,silver,PETROL,HOLDEN,COMMODORE,AUTOMATIC,160000,12000,QLD,2008
2015 Suzuki Swift,black,OTHER,SUZUKI,SWIFT,MANUAL,119000,8900,QLD,2015
2004 Holden Commodore,white,PETROL,HOLDEN,COMMODORE,AUTOMATIC,151287,22000,QLD,2004
2000 Mitsubishi Pajero,silver,PETROL,MITSUBISHI,PAJERO,AUTOMATIC,275840,3000,QLD,2000
2000 Toyota Hilux,blue,DIESEL,TOYOTA,HILUX,MANUAL,344000,19500,QLD,2000
2021 Kia Cerato,white,PETROL,KIA,CERATO,AUTOMATIC,73000,28900,NSW,2021
2003 Nissan Nissan Stagea,white,PETROL,NISSAN,NISSAN STAGEA,AUTOMATIC,165000,11000,VIC,2003
2011 Holden Holden Colorado,white,DIESEL,HOLDEN,COLORADO,MANUAL,250000,14900,VIC,2011
2010 Holden Barina,blue,PETROL,HOLDEN,BARINA,MANUAL,178140,3500,QLD,2010
2009 Toyota Hilux SR5,blue,DIESEL,TOYOTA,HILUX,MANUAL,270000,21990,WA,2009
2005 Hyundai Elantra,white,PETROL,HYUNDAI,ELANTRA,AUTOMATIC,265000,2500,WA,2005
2012 Audi A4,grey,DIESEL,AUDI,A4,AUTOMATIC,132000,9000,WA,2012
2016 Kia Sorento,white,DIESEL,KIA,SORENTO,AUTOMATIC,200000,13000,WA,2016
2012 Škoda Fabia RS,green,PETROL,ŠKODA,FABIA,AUTOMATIC,125000,8999,NSW,2012
2014 Ford Mondeo,black,DIESEL,FORD,MONDEO,AUTOMATIC,252000,4500,WA,2014
2015 Holden Captiva,grey,PETROL,HOLDEN,CAPTIVA,AUTOMATIC,149000,8500,WA,2015
2012 Ford Ranger,white,DIESEL,FORD,RANGER,MANUAL,308000,18000,NSW,2012
"2017 Volkswagen Golf R Wagon, Mk7.5, My18, Wolfsburg Edition.",blue,PETROL,VOLKSWAGEN,GOLF,AUTOMATIC,122000,37500,WA,2017
2017 Nissan Qashqai ST Wagon,white,PETROL,NISSAN,QASHQAI,AUTOMATIC,146128,14999,SA,2017
2013 Holden Holden Colorado,white,DIESEL,HOLDEN,COLORADO,AUTOMATIC,291000,13000,VIC,2013
2007 Ford Ranger,white,DIESEL,FORD,RANGER,MANUAL,167000,8990,VIC,2007
2009 Volvo XC60,white,DIESEL,VOLVO,XC60,AUTOMATIC,233000,8000,SA,2009
2007 Toyota Landcruiser,white,DIESEL,TOYOTA,LANDCRUISER,MANUAL,326000,37500,SA,2007
2005 Toyota Landcruiser Prado,silver,PETROL,TOYOTA,LANDCRUISER,AUTOMATIC,380000,10500,SA,2005
2012 Holden Cruze,red,PETROL,HOLDEN,CRUZE,AUTOMATIC,106000,5500,SA,2012
2013 Mercedes-Benz Mercedes-Benz ML350,gold,OTHER,MERCEDES-BENZ,MERCEDES-BENZ ML350,AUTOMATIC,42100,23500,SA,2013
2014 Holden Commodore,black,PETROL,HOLDEN,COMMODORE,AUTOMATIC,180285,14000,SA,2014
2003 Holden Commodore,silver,PETROL,HOLDEN,COMMODORE,AUTOMATIC,300000,4500,SA,2003
2005 Hyundai Getz,blue,PETROL,HYUNDAI,GETZ,MANUAL,240000,3000,SA,2005
2014 Mitsubishi triton,white,DIESEL,MITSUBISHI,TRITON,MANUAL,188000,14750,SA,2014
2018 Toyota landcruiser prado vx,white,DIESEL,TOYOTA,LANDCRUISER,AUTOMATIC,248155,42998,SA,2018
1974 Holden lh torana,white,PETROL,HOLDEN,TORANA,MANUAL,666666,15000,SA,1974
2011 Toyota Yaris,grey,PETROL,TOYOTA,YARIS,MANUAL,230000,2700,SA,2011
2016 Ford Mustang,red,PETROL,FORD,MUSTANG,AUTOMATIC,137231,34990,WA,2016
2009 Holden Astra,black,PETROL,HOLDEN,ASTRA,MANUAL,199000,5500,WA,2009
2015 Toyota Landcruiser Prado,silver,DIESEL,TOYOTA,LANDCRUISER,AUTOMATIC,350000,31000,WA,2015
2014 Jeep Grand Cherokee,white,DIESEL,JEEP,GRAND CHEROKEE,AUTOMATIC,190000,123456,WA,2014
2016 Jeep Grand Cherokee,black,DIESEL,JEEP,GRAND CHEROKEE,AUTOMATIC,255000,10000,WA,2016
2006 Nissan Pathfinder,pink,DIESEL,NISSAN,PATHFINDER,AUTOMATIC,250000,3500,SA,2006
2012 Holden Caprice,black,PETROL,HOLDEN,CAPRICE,AUTOMATIC,224521,9500,WA,2012
1997 Toyota Camry,white,PETROL,TOYOTA,CAMRY,AUTOMATIC,276570,2600,WA,1997
2008 Hyundai Elantra,beige,PETROL,HYUNDAI,ELANTRA,AUTOMATIC,248000,3900,WA,2008
2007 Toyota Landcruiser Prado,gold,DIESEL,TOYOTA,LANDCRUISER,AUTOMATIC,310000,16980,WA,2007
2011 Nissan Navara,black,DIESEL,NISSAN,NAVARA,AUTOMATIC,193000,12900,WA,2011
2008 Toyota Alphard,silver,PETROL,TOYOTA,ALPHARD,AUTOMATIC,148000,22500,VIC,2008
2014 SUBARU XV,blue,PETROL,SUBARU,XV,AUTOMATIC,172000,14000,WA,2014
2020 Toyota Camry,white,PETROL,TOYOTA,CAMRY,AUTOMATIC,85000,28000,VIC,2020
2017 Mitsubishi ASX,red,PETROL,MITSUBISHI,ASX,AUTOMATIC,46000,20990,VIC,2017
2003 Lexus RX330,gold,PETROL,LEXUS,RX,AUTOMATIC,300000,4500,VIC,2003
2019 Mercedes-Benz GLC43 AMG,white,PETROL,MERCEDES-BENZ,GLC,AUTOMATIC,58102,59990,VIC,2019
2020 Jeep gladiator rubicon,grey,PETROL,JEEP,GLADIATOR,AUTOMATIC,68565,55000,VIC,2020
2007 Nissan X-Trail,beige,PETROL,NISSAN,X-TRAIL,AUTOMATIC,353795,3300,VIC,2007
2016 Audi q7 tdi quattro s-line (200kw),blue,DIESEL,AUDI,Q7,AUTOMATIC,130900,30990,VIC,2016
2008 Toyota Camry,grey,PETROL,TOYOTA,CAMRY,AUTOMATIC,112450,8500,VIC,2008
2000 Nissan Patrol,red,OTHER,NISSAN,PATROL,MANUAL,234000,10000,VIC,2000
2016 Mercedes-Benz Glc43 AMG ,grey,PETROL,MERCEDES-BENZ,GLC,AUTOMATIC,115701,36000,VIC,2016
1968 Chevrolet Corvette,yellow,PETROL,CHEVROLET,CORVETTE,MANUAL,120000,158750,VIC,1968
2022 Kia ev6 gt line,white,ELECTRIC,KIA,EV6,AUTOMATIC,24000,44999,NSW,2022
2022 MG HS,black,OTHER,MG,HS,AUTOMATIC,65000,23500,VIC,2022
2002 Ford Falcon,white,PETROL,FORD,FALCON,AUTOMATIC,205000,4000,NSW,2002
2024 Ford RANGER BLACK EDITION,grey,DIESEL,FORD,RANGER,AUTOMATIC,26600,50000,VIC,2024
2012 BMW 640I,grey,PETROL,BMW,SERIES 6,AUTOMATIC,150000,25000,VIC,2012
2013 Volkswagen Tiguan,black,PETROL,VOLKSWAGEN,TIGUAN,MANUAL,189000,4999,NSW,2013
2014 Volkswagen Golf,white,PETROL,VOLKSWAGEN,GOLF,AUTOMATIC,132000,23000,NSW,2014
2017 Toyota Corolla Fielder Hybrid 2017,silver,HYBRID,TOYOTA,COROLLA,AUTOMATIC,232118,12500,NSW,2017
2012 Kia Sorento,black,DIESEL,KIA,SORENTO,AUTOMATIC,600,15500,NSW,2012
2011 Toyota RAV4,white,OTHER,TOYOTA,RAV4,MANUAL,141000,8299,NSW,2011
2015 Nissan X-Trail,white,PETROL,NISSAN,X-TRAIL,AUTOMATIC,193000,10000,NSW,2015
2011 Hyundai Hyundai iLOAD,black,OTHER,HYUNDAI,ILOAD,MANUAL,189000,22500,NSW,2011
2010 Toyota sr5,white,DIESEL,TOYOTA,SR5,MANUAL,300000,25000,NSW,2010
2015 Holden vf calais v,white,PETROL,HOLDEN,CALAIS,AUTOMATIC,180000,32000,NSW,2015
2020 Mercedes-Benz glb35 amg,black,PETROL,MERCEDES-BENZ,GLB,AUTOMATIC,71000,55000,NSW,2020
2012 Toyota Hilux,white,DIESEL,TOYOTA,HILUX,AUTOMATIC,224000,26000,NSW,2012
2020 Ford Ranger,white,DIESEL,FORD,RANGER,AUTOMATIC,174000,30500,NSW,2020
2020 Mercedes-Benz Mercedes-Benz V250,black,DIESEL,MERCEDES-BENZ,MERCEDES-BENZ V250,AUTOMATIC,57000,63000,NSW,2020
2007 Mitsubishi Lancer,silver,PETROL,MITSUBISHI,LANCER,MANUAL,150000,4999,QLD,2007
2021 Toyota Hilux,charcoal,DIESEL,TOYOTA,HILUX,AUTOMATIC,120000,45000,QLD,2021
2016 Hyundai Elantra,white,PETROL,HYUNDAI,ELANTRA,AUTOMATIC,98600,18600,QLD,2016
2022 Ssangyong Musso ,white,DIESEL,SSANGYONG,MUSSO,AUTOMATIC,49800,32000,QLD,2022
2012 Mazda CX-5,black,OTHER,MAZDA,CX-5,AUTOMATIC,190000,7999,QLD,2012
2004 Honda Integra,black,PETROL,HONDA,INTEGRA,AUTOMATIC,148000,10499,NSW,2004
2015 Kia Cerato,red,OTHER,KIA,CERATO,AUTOMATIC,149000,9900,QLD,2015
2015 LDV G10,white,PETROL,LDV,G10,AUTOMATIC,230000,12995,NSW,2015
2010 Subaru Impreza,red,PETROL,SUBARU,IMPREZA,MANUAL,150000,6500,QLD,2010
2010 Nissan Navara,silver,DIESEL,NISSAN,NAVARA,MANUAL,260000,15000,WA,2010
2007 Toyota Landcruiser Prado,white,DIESEL,TOYOTA,LANDCRUISER,MANUAL,162105,16000,QLD,2007
2016 Hyundai Accent RB Active Automatic Hatchback,orange,PETROL,HYUNDAI,ACCENT,AUTOMATIC,176113,12990,QLD,2016
2014 Ford Kuga,black,PETROL,FORD,KUGA,AUTOMATIC,129928,5000,NSW,2014
2011 Holden Cruze,silver,DIESEL,HOLDEN,CRUZE,MANUAL,78000,3000,QLD,2011
2010 Volkswagen Golf,silver,PETROL,VOLKSWAGEN,GOLF,AUTOMATIC,190000,6500,NSW,2010
2017 Lexus Lexus NX 200t,blue,PETROL,LEXUS,NX,AUTOMATIC,64000,36000,QLD,2017
2014 Mercedes-Benz s400h,blue,HYBRID,MERCEDES-BENZ,S400H,AUTOMATIC,49907,37499,VIC,2014
2006 Toyota RAV4,grey,PETROL,TOYOTA,RAV4,AUTOMATIC,241189,7200,VIC,2006
2014 Hyundai i30 Trophy ,red,PETROL,HYUNDAI,I30,AUTOMATIC,123095,11900,VIC,2014
2018 Toyota CHR,white,HYBRID,TOYOTA,C-HR,AUTOMATIC,104113,23995,VIC,2018
2022 Ford Ranger XL,white,DIESEL,FORD,RANGER,AUTOMATIC,64600,39999,VIC,2022
2016 Honda ODYSSEY HYBRID,white,HYBRID,HONDA,ODYSSEY,AUTOMATIC,145000,22995,VIC,2016
2016 Ford Focus,white,PETROL,FORD,FOCUS,AUTOMATIC,101168,11000,VIC,2016
2010 Subaru Forester,silver,PETROL,SUBARU,FORESTER,AUTOMATIC,250000,5800,SA,2010
2019 Ford Ranger,red,DIESEL,FORD,RANGER,AUTOMATIC,163000,29500,VIC,2019
2008 Toyota Crown,white,HYBRID,TOYOTA,CROWN,AUTOMATIC,137000,16500,VIC,2008
2006 Toyota Camry,white,PETROL,TOYOTA,CAMRY,AUTOMATIC,170000,5500,VIC,2006
2008 Toyota Corolla,charcoal,PETROL,TOYOTA,COROLLA,AUTOMATIC,210000,3999,VIC,2008
2013 Ford Focus,grey,PETROL,FORD,FOCUS,AUTOMATIC,250000,5200,VIC,2013
2025 Toyota RAV4 GX Hybrid 2wd,silver,HYBRID,TOYOTA,RAV4,AUTOMATIC,300,46990,VIC,2025
2016 Mazda CX-5,black,DIESEL,MAZDA,CX-5,AUTOMATIC,103000,17200,VIC,2016
2000 Mitsubishi pajero mini,beige,PETROL,MITSUBISHI,PAJERO,AUTOMATIC,115890,12999,VIC,2000
2021 Mercedes-Benz glb 250,grey,PETROL,MERCEDES-BENZ,GLB,AUTOMATIC,61000,55000,SA,2021
2017 Mitsubishi Pajero,white,DIESEL,MITSUBISHI,PAJERO,AUTOMATIC,227000,24000,VIC,2017
2014 Nissan Navara,white,OTHER,NISSAN,NAVARA,MANUAL,220000,11400,SA,2014
2019 Toyota Landcruiser,white,DIESEL,TOYOTA,LANDCRUISER,MANUAL,63556,114898,SA,2019
2002 Nissan Pathfinder,silver,PETROL,NISSAN,PATHFINDER,AUTOMATIC,230000,5990,SA,2002
2005 Mercedes-Benz Mercedes-Benz 450SLC,white,DIESEL,MERCEDES-BENZ,SL,MANUAL,220000,6500,SA,2005
2012 Holden cruze sri ,green,PETROL,HOLDEN,CRUZE,MANUAL,195000,4000,SA,2012
2011 Kia Sorento CRDI Platinum,black,DIESEL,KIA,SORENTO,AUTOMATIC,177000,11990,SA,2011
2021 Hyundai Tucson Wagon NX4.V1 MY22,white,PETROL,HYUNDAI,TUCSON,AUTOMATIC,134183,23977,SA,2021
2011 Kia Cerato,black,PETROL,KIA,CERATO,MANUAL,128000,5600,SA,2011
2014 BMW x5 xdrive35i f15,black,PETROL,BMW,X5,AUTOMATIC,119000,30500,QLD,2014
2014 BMW X5,silver,PETROL,BMW,X5,AUTOMATIC,112000,32000,WA,2014
2016 Nissan Micra,burgundy,PETROL,NISSAN,MICRA,AUTOMATIC,145826,9999,SA,2016
2015 Subaru Impreza,blue,OTHER,SUBARU,IMPREZA,MANUAL,177000,10000,SA,2015
2013 Holden Holden Colorado,blue,DIESEL,HOLDEN,COLORADO,MANUAL,12345,17000,WA,2013
2005 Holden Commodore,white,PETROL,HOLDEN,COMMODORE,AUTOMATIC,293000,4250,WA,2005
2004 Nissan PATROL GU III ST (4x4) AUTOMATIC,white,DIESEL,NISSAN,PATROL,AUTOMATIC,376261,14995,WA,2004
2019 Mitsubishi Outlander,white,PETROL,MITSUBISHI,OUTLANDER,AUTOMATIC,149000,20500,WA,2019
2017 Subaru Forester,grey,PETROL,SUBARU,FORESTER,AUTOMATIC,134000,19500,WA,2017
2007 Toyota Landcruiser Prado,white,DIESEL,TOYOTA,LANDCRUISER,MANUAL,325,28000,WA,2007
2005 Holden Rodeo,red,PETROL,HOLDEN,RODEO,AUTOMATIC,327000,5000,WA,2005
1995 Holden Commodore,white,PETROL,HOLDEN,COMMODORE,AUTOMATIC,300000,3500,WA,1995
2005 Subaru WRX STI,silver,PETROL,SUBARU,WRX,MANUAL,136000,29500,WA,2005
2006 Toyota Landcruiser 100,white,DIESEL,TOYOTA,LANDCRUISER,MANUAL,470000,32000,WA,2006
2008 Toyota Corolla,grey,PETROL,TOYOTA,COROLLA,AUTOMATIC,300000,5500,WA,2008
2002 Mitsubishi Mitsubishi Express,white,PETROL,MITSUBISHI,EXPRESS,MANUAL,250000,12000,WA,2002
2012 Jeep Compass,white,OTHER,JEEP,COMPASS,MANUAL,186000,7500,WA,2012
2025 Mazda cx-30 pure,grey,OTHER,MAZDA,CX-30,AUTOMATIC,300,33390,WA,2025
2015 Subaru Outback,blue,PETROL,SUBARU,OUTBACK,AUTOMATIC,191933,14560,NSW,2015
2023 Tesla model 3 ,grey,ELECTRIC,TESLA,MODEL 3,AUTOMATIC,34600,38500,NSW,2023
2009 Hyundai Tucson,silver,PETROL,HYUNDAI,TUCSON,MANUAL,199000,5500,NSW,2009
2017 Toyota Camry,red,OTHER,TOYOTA,CAMRY,AUTOMATIC,21573,26000,NSW,2017
2014 Toyota Corolla,white,PETROL,TOYOTA,COROLLA,AUTOMATIC,149300,15700,WA,2014
2010 Toyota Landcruiser,white,DIESEL,TOYOTA,LANDCRUISER,MANUAL,250000,105000,NSW,2010
2016 Nissan Navara,silver,DIESEL,NISSAN,NAVARA,MANUAL,152000,28500,NSW,2016
2017 Holden trailblazer ltz 4x4 7 seater,blue,DIESEL,HOLDEN,TRAILBLAZER,AUTOMATIC,204576,18990,NSW,2017
2018 Volkswagen Tiguan,grey,PETROL,VOLKSWAGEN,TIGUAN,AUTOMATIC,73400,21900,NSW,2018
2024 Kia Cerato,white,PETROL,KIA,CERATO,AUTOMATIC,26000,31500,NSW,2024
2018 Toyota Hilux,white,DIESEL,TOYOTA,HILUX,MANUAL,122960,39999,WA,2018
2016 Land Rover Discovery Sport,black,DIESEL,LAND-ROVER,DISCOVERY SPORT,AUTOMATIC,83000,20000,NSW,2016
2007 Jeep Cherokee SPORT (4x4) KJ MY05 UPGRADE,black,PETROL,JEEP,CHEROKEE,AUTOMATIC,105618,8490,WA,2007
2011 Hyundai i30,red,PETROL,HYUNDAI,I30,MANUAL,186000,6100,WA,2011
2007 Honda  ACCORD V6,silver,PETROL,HONDA,ACCORD,AUTOMATIC,181955,6990,WA,2007
2021 Mitsubishi Outlander,silver,OTHER,MITSUBISHI,OUTLANDER,AUTOMATIC,85121,27880,NSW,2021
2012 Toyota Landcruiser Prado,grey,DIESEL,TOYOTA,LANDCRUISER,AUTOMATIC,270000,25000,WA,2012
2007 Toyota Corolla,grey,PETROL,TOYOTA,COROLLA,AUTOMATIC,270000,4300,VIC,2007
2021 Hyundai Tucson,white,PETROL,HYUNDAI,TUCSON,AUTOMATIC,98600,30000,SA,2021
2008 Honda Accord,black,OTHER,HONDA,ACCORD,AUTOMATIC,280000,4000,SA,2008
2008 Ford Falcon,blue,OTHER,FORD,FALCON,AUTOMATIC,218000,2500,VIC,2008
2003 Subaru Forester,silver,PETROL,SUBARU,FORESTER,MANUAL,94000,7700,QLD,2003
2015 Kia Sportage,gold,PETROL,KIA,SPORTAGE,AUTOMATIC,134000,12800,QLD,2015
2011 Audi RS5,black,PETROL,AUDI,RS 5,AUTOMATIC,140000,45000,QLD,2011
1983 Nissan Bluebird,green,PETROL,NISSAN,BLUEBIRD,AUTOMATIC,73000,8500,NSW,1983
2016 Honda Odyssey,white,PETROL,HONDA,ODYSSEY,AUTOMATIC,158500,21500,WA,2016
2024 Lexus RX350,grey,HYBRID,LEXUS,RX,AUTOMATIC,13806,78000,VIC,2024
2012 Nissan Navara ,silver,DIESEL,NISSAN,NAVARA,AUTOMATIC,240185,13000,QLD,2012
2010 Hyundai i45,blue,PETROL,HYUNDAI,I45,AUTOMATIC,229151,3500,VIC,2010
2015 Ssangyong actyon sports,black,DIESEL,SSANGYONG,ACTYON,AUTOMATIC,121000,9800,VIC,2015
2022 Suzuki Ignis,white,OTHER,SUZUKI,IGNIS,AUTOMATIC,46500,16500,VIC,2022
2013 Toyota Camry,black,PETROL,TOYOTA,CAMRY,AUTOMATIC,276000,11000,VIC,2013
1986 Ford Falcon GL,burgundy,PETROL,FORD,FALCON,AUTOMATIC,299730,8000,VIC,1986
2010 Subaru Liberty,white,PETROL,SUBARU,LIBERTY,AUTOMATIC,210000,6200,VIC,2010
2019 Toyota Kluger,white,PETROL,TOYOTA,KLUGER,AUTOMATIC,68000,34000,VIC,2019
2024 Toyota Camry,grey,HYBRID,TOYOTA,CAMRY,AUTOMATIC,20000,43500,VIC,2024
2022 Ford Ranger,black,DIESEL,FORD,RANGER,AUTOMATIC,45000,51500,VIC,2022
2015 Renault Megane,white,PETROL,RENAULT,MEGANE,AUTOMATIC,108000,9000,VIC,2015
2013 BMW 320d,grey,DIESEL,BMW,SERIES 3,AUTOMATIC,137928,15500,VIC,2013
2012 Ford Falcon,white,PETROL,FORD,FALCON,AUTOMATIC,123000,30000,VIC,2012
2014 Mitsubishi challenger,white,DIESEL,MITSUBISHI,CHALLENGER,AUTOMATIC,258000,13300,VIC,2014
2011 BMW 320i,grey,PETROL,BMW,SERIES 3,AUTOMATIC,387000,3300,VIC,2011
2020 Mazda BT-50,black,OTHER,MAZDA,BT-50,AUTOMATIC,80000,42000,VIC,2020
2015 Toyota Hilux,charcoal,DIESEL,TOYOTA,HILUX,AUTOMATIC,174000,45000,WA,2015
2011 Honda CR-V,silver,PETROL,HONDA,CR-V,AUTOMATIC,185000,10000,WA,2011
2012 Holden Barina,grey,PETROL,HOLDEN,BARINA,MANUAL,142120,5999,WA,2012
2007 Toyota hiace welcab,white,PETROL,TOYOTA,HIACE,AUTOMATIC,53676,41992,WA,2007
2013 Audi Q7,grey,DIESEL,AUDI,Q7,AUTOMATIC,163426,21000,WA,2013
2018 Toyota Fortuner,white,DIESEL,TOYOTA,FORTUNER,AUTOMATIC,136000,39500,WA,2018
2021 Kia Cerato,black,PETROL,KIA,CERATO,AUTOMATIC,72000,25000,WA,2021
2014 Audi S3,grey,PETROL,AUDI,S3,AUTOMATIC,89999,29500,WA,2014
2020 Toyota Landcruiser,white,DIESEL,TOYOTA,LANDCRUISER,MANUAL,216041,52000,WA,2020
2024 Ford Ranger,grey,DIESEL,FORD,RANGER,AUTOMATIC,24000,49500,NSW,2024
2018 Mercedes-Benz C-Class C220D W205,silver,DIESEL,MERCEDES-BENZ,C-CLASS,AUTOMATIC,189000,21000,WA,2018
2015 Toyota Hilux,black,DIESEL,TOYOTA,HILUX,MANUAL,18000,30000,NSW,2015
2014 Hyundai i30,white,PETROL,HYUNDAI,I30,AUTOMATIC,180000,7900,NSW,2014
2003 Honda Accord,silver,PETROL,HONDA,ACCORD,AUTOMATIC,196000,4600,NSW,2003
2011 Škoda octavia sell or swap,white,DIESEL,ŠKODA,OCTAVIA,AUTOMATIC,203445,6500,NSW,2011
2003 Suzuki Ignis,silver,OTHER,SUZUKI,IGNIS,AUTOMATIC,115940,3600,NSW,2003
1992 Toyota Landcruiser,white,DIESEL,TOYOTA,LANDCRUISER,MANUAL,490000,30000,NSW,1992
2014 Nissan Serena,white,HYBRID,NISSAN,SERENA,AUTOMATIC,104000,14500,NSW,2014
2014 Mitsubishi triton,black,DIESEL,MITSUBISHI,TRITON,AUTOMATIC,278000,15000,NSW,2014
2014 Hyundai Santa Fe,black,DIESEL,HYUNDAI,SANTA FE,AUTOMATIC,100791,15999,NSW,2014
2023 Mercedes-Benz gle 63s,grey,OTHER,MERCEDES-BENZ,GLE,AUTOMATIC,6000,185000,NSW,2023
2016 Hyundai Accent,silver,PETROL,HYUNDAI,ACCENT,MANUAL,73000,10000,NSW,2016
2017 Mazda CX-5,silver,PETROL,MAZDA,CX-5,AUTOMATIC,164000,18300,NSW,2017
2015 Holden vf ss commodore,grey,PETROL,HOLDEN,COMMODORE,AUTOMATIC,163000,29000,NSW,2015
2017 Honda Jazz,white,PETROL,HONDA,JAZZ,AUTOMATIC,98000,9500,SA,2017
2023 Haval Jolion,black,PETROL,HAVAL,JOLION,AUTOMATIC,47000,27500,SA,2023
2013 Jeep Wrangler,black,PETROL,JEEP,WRANGLER,AUTOMATIC,95000,32000,SA,2013
2012 Peugeot RCZ COUPE,white,PETROL,PEUGEOT,RCZ,MANUAL,54328,17990,SA,2012
2012 Škoda Octavia,grey,DIESEL,ŠKODA,OCTAVIA,AUTOMATIC,141000,8750,SA,2012
2016 Jaguar XF,blue,DIESEL,JAGUAR,XF,AUTOMATIC,68696,32900,SA,2016
2005 Mazda sedan,white,PETROL,MAZDA,SEDAN,AUTOMATIC,210000,5000,SA,2005
2019 Mercedes-Benz Sprinter,white,DIESEL,MERCEDES-BENZ,SPRINTER,AUTOMATIC,292000,23900,QLD,2019
2023 Hyundai i30,black,PETROL,HYUNDAI,I30,MANUAL,54485,36000,SA,2023
2023 Mazda BT-50,grey,DIESEL,MAZDA,BT-50,AUTOMATIC,18000,80000,QLD,2023
2022 LDV T60 Max pro ,white,DIESEL,LDV,T60,MANUAL,74890,19990,QLD,2022
2017 Hyundai Accent,red,OTHER,HYUNDAI,ACCENT,AUTOMATIC,23500,14500,QLD,2017
2001 Toyota Landcruiser Prado,white,PETROL,TOYOTA,LANDCRUISER,MANUAL,302000,7750,QLD,2001
2001 Volkswagen Beetle,black,PETROL,VOLKSWAGEN,BEETLE,MANUAL,360000,3000,QLD,2001
2001 Nissan Patrol,green,PETROL,NISSAN,PATROL,AUTOMATIC,380000,20000,QLD,2001
2019 LDV T60,white,DIESEL,LDV,T60,MANUAL,99108,5500,QLD,2019
2015 Hyundai Hyundai iLOAD,white,DIESEL,HYUNDAI,ILOAD,AUTOMATIC,281000,10500,QLD,2015
2022 Kia Seltos ,grey,PETROL,KIA,SELTOS,AUTOMATIC,60890,21500,QLD,2022
2013 Mercedes-Benz B200,silver,PETROL,MERCEDES-BENZ,B-CLASS,AUTOMATIC,102800,11500,QLD,2013
2022 Isuzu D-Max,white,DIESEL,ISUZU,D-MAX,AUTOMATIC,72800,36990,QLD,2022
2016 Mercedes-Benz c63s,white,PETROL,MERCEDES-BENZ,C63S,AUTOMATIC,50609,85900,QLD,2016
2023 Lexus UX250h,charcoal,PETROL,LEXUS,UX,AUTOMATIC,26280,47950,QLD,2023
2020 Jeep Wrangler,black,PETROL,JEEP,WRANGLER,AUTOMATIC,90000,54500,QLD,2020
2005 Volkswagen Multivan ,blue,DIESEL,VOLKSWAGEN,MULTIVAN,AUTOMATIC,275000,6900,QLD,2005
2009 Ford Falcon,grey,PETROL,FORD,FALCON,AUTOMATIC,184000,6500,QLD,2009
2007 Land Rover Discovery,silver,PETROL,LAND-ROVER,DISCOVERY,AUTOMATIC,160000,6500,NSW,2007
1997 Toyota Landcruiser,white,DIESEL,TOYOTA,LANDCRUISER,MANUAL,257600,27000,WA,1997
2017 Mitsubishi triton,grey,DIESEL,MITSUBISHI,TRITON,AUTOMATIC,187619,27500,VIC,2017
2003 Nissan Patrol,white,OTHER,NISSAN,PATROL,MANUAL,300,30000,QLD,2003
2008 Nissan Micra,silver,PETROL,NISSAN,MICRA,AUTOMATIC,95000,5000,QLD,2008
2004 Hyundai Getz,black,PETROL,HYUNDAI,GETZ,MANUAL,270000,3000,WA,2004
2011 Toyota Prado 155 SWB,silver,DIESEL,TOYOTA,PRADO,AUTOMATIC,228000,39500,WA,2011
2010 Nissan dualis +2,black,OTHER,NISSAN,DUALIS,AUTOMATIC,204000,7499,WA,2010
2018 Land Rover Range Rover Evoque,red,DIESEL,LAND-ROVER,RANGE ROVER EVOQUE,AUTOMATIC,132000,25000,WA,2018
2013 Holden Commodore,blue,PETROL,HOLDEN,COMMODORE,AUTOMATIC,220000,40000,WA,2013
2016 Mitsubishi Pajero,white,DIESEL,MITSUBISHI,PAJERO,AUTOMATIC,129000,33990,WA,2016
2013 Ford Falcon,white,PETROL,FORD,FALCON,AUTOMATIC,86000,32000,WA,2013
2008 Mitsubishi Lancer,blue,PETROL,MITSUBISHI,LANCER,AUTOMATIC,210122,8000,WA,2008
2008 Hyundai i30,black,DIESEL,HYUNDAI,I30,AUTOMATIC,27000,5000,WA,2008
2006 Toyota Yaris,silver,PETROL,TOYOTA,YARIS,AUTOMATIC,59802,11490,WA,2006
2010 Toyota Camry,grey,PETROL,TOYOTA,CAMRY,AUTOMATIC,255000,8999,WA,2010
2012 Hyundai i20,white,PETROL,HYUNDAI,I20,MANUAL,243000,4300,WA,2012
2016 Holden Holden Colorado,black,DIESEL,HOLDEN,COLORADO,MANUAL,180000,21000,VIC,2016
2015 Audi A3,red,DIESEL,AUDI,A3,AUTOMATIC,220000,8200,VIC,2015
2012 Audi A1,blue,OTHER,AUDI,A1,AUTOMATIC,139000,2899,VIC,2012
2023 Toyota hilux  rogue,white,DIESEL,TOYOTA,HILUX,AUTOMATIC,35000,64750,VIC,2023
1999 Nissan Patrol,gold,DIESEL,NISSAN,PATROL,MANUAL,305000,33500,VIC,1999
2008 Toyota Crown,white,PETROL,TOYOTA,CROWN,AUTOMATIC,105000,15499,VIC,2008
2012 Audi Q3,black,PETROL,AUDI,Q3,AUTOMATIC,204532,9200,VIC,2012
2009 Holden Commodore,red,PETROL,HOLDEN,COMMODORE,AUTOMATIC,263000,5000,VIC,2009
2002 Holden Calais,black,OTHER,HOLDEN,CALAIS,AUTOMATIC,240000,3500,VIC,2002
2017 Hyundai Tucson,white,DIESEL,HYUNDAI,TUCSON,AUTOMATIC,8600,20700,VIC,2017
2025 Ford Raptor,grey,PETROL,FORD,RAPTOR,AUTOMATIC,300,89500,VIC,2025
2009 Honda City,black,PETROL,HONDA,CITY,MANUAL,69000,5800,VIC,2009
2024 Hyundai i30,grey,PETROL,HYUNDAI,I30,AUTOMATIC,19000,51888,VIC,2024
2006 Toyota Crown ATHLETE GRS184 60TH SPECIAL EDITION,white,PETROL,TOYOTA,CROWN,AUTOMATIC,120000,15999,VIC,2006
2011 BMW 335i,white,PETROL,BMW,SERIES 3,AUTOMATIC,62000,27999,NSW,2011
2004 Nissan Pulsar 🤘,white,OTHER,NISSAN,PULSAR,AUTOMATIC,123811,6498,VIC,2004
2013 Kia Rio,red,PETROL,KIA,RIO,AUTOMATIC,232000,7000,VIC,2013
2007 Mitsubishi Outlander,silver,PETROL,MITSUBISHI,OUTLANDER,AUTOMATIC,160000,7500,NSW,2007
1999 Holden Rodeo,white,PETROL,HOLDEN,RODEO,MANUAL,298168,4000,NSW,1999
2007 Toyota Voxy,black,PETROL,TOYOTA,VOXY,AUTOMATIC,190000,9000,NSW,2007
2016 MINI Cooper,grey,PETROL,MINI,COOPER,AUTOMATIC,74520,17800,NSW,2016
2000 Toyota Hilux,white,PETROL,TOYOTA,HILUX,MANUAL,296000,12000,NSW,2000
2015 Volkswagen Golf,black,OTHER,VOLKSWAGEN,GOLF,AUTOMATIC,198738,20000,NSW,2015
2012 Ford Ranger,white,DIESEL,FORD,RANGER,MANUAL,300000,8000,NSW,2012
2012 BMW X1,blue,DIESEL,BMW,X1,AUTOMATIC,119000,8500,NSW,2012
2017 Kia Cerato,black,PETROL,KIA,CERATO,AUTOMATIC,125000,13500,NSW,2017
2015 Renault Clio,blue,PETROL,RENAULT,CLIO,AUTOMATIC,101000,4900,NSW,2015
2012 Volkswagen Amarok,silver,DIESEL,VOLKSWAGEN,AMAROK,MANUAL,253000,9500,NSW,2012
1996 Volvo other,white,OTHER,VOLVO,OTHER,AUTOMATIC,86000,16000,NSW,1996
2018 Ford Ranger,white,DIESEL,FORD,RANGER,MANUAL,107000,32000,NSW,2018
2013 Škoda Yeti,black,PETROL,ŠKODA,YETI,MANUAL,260000,3800,NSW,2013
2010 Mitsubishi Pajero,white,DIESEL,MITSUBISHI,PAJERO,AUTOMATIC,500000,8000,SA,2010
2015 Hyundai Santa Fe,white,DIESEL,HYUNDAI,SANTA FE,AUTOMATIC,169000,14999,SA,2015
2013 Hyundai iMax,silver,DIESEL,HYUNDAI,IMAX,MANUAL,350000,8500,SA,2013
2022 Toyota 79 Series Landcruiser Dual Cab,beige,DIESEL,TOYOTA,LANDCRUISER,MANUAL,62000,116888,SA,2022
2013 Nissan Altima,white,OTHER,NISSAN,ALTIMA,AUTOMATIC,140000,7000,SA,2013
2020 Mitsubishi ASX,white,PETROL,MITSUBISHI,ASX,AUTOMATIC,39000,22490,SA,2020
2022 MG HS,white,PETROL,MG,HS,AUTOMATIC,45000,19000,SA,2022
2010 Volvo XC90,silver,DIESEL,VOLVO,XC90,AUTOMATIC,131000,7900,SA,2010
2014 Nissan Qashqai,grey,PETROL,NISSAN,QASHQAI,MANUAL,267000,7400,SA,2014
2023 Toyota Hilux,white,PETROL,TOYOTA,HILUX,MANUAL,66000,26000,SA,2023
2014 Subaru BRZ,white,PETROL,SUBARU,BRZ,MANUAL,114000,26000,SA,2014
2020 Volkswagen Polo,white,OTHER,VOLKSWAGEN,POLO,AUTOMATIC,31200,12999,QLD,2020
2008 Suzuki Swift,silver,PETROL,SUZUKI,SWIFT,MANUAL,181568,5250,QLD,2008
2010 Hyundai Getz,white,PETROL,HYUNDAI,GETZ,AUTOMATIC,275000,4200,QLD,2010
2007 Hyundai Getz,white,PETROL,HYUNDAI,GETZ,MANUAL,170800,3000,QLD,2007
2019 Hyundai Elantra,grey,PETROL,HYUNDAI,ELANTRA,AUTOMATIC,99000,19200,QLD,2019
2017 Hyundai i30,red,PETROL,HYUNDAI,I30,AUTOMATIC,170000,10000,QLD,2017
2007 Ford Falcon,black,PETROL,FORD,FALCON,AUTOMATIC,270000,3500,QLD,2007
2009 Ford Falcon,grey,PETROL,FORD,FALCON,AUTOMATIC,207000,15000,QLD,2009
1989 Toyota Landcruiser,blue,OTHER,TOYOTA,LANDCRUISER,MANUAL,323232,45000,QLD,1989
2014 Ford Kuga,silver,OTHER,FORD,KUGA,AUTOMATIC,217685,9999,VIC,2014
2002 Holden Rodeo,silver,PETROL,HOLDEN,RODEO,AUTOMATIC,209760,5500,NSW,2002
2021 Mazda CX-8,grey,PETROL,MAZDA,CX-8,AUTOMATIC,63214,31800,QLD,2021
2014 Holden Captiva,black,DIESEL,HOLDEN,CAPTIVA,AUTOMATIC,176235,6999,SA,2014
2016 Jeep Wrangler Unlimited,white,PETROL,JEEP,WRANGLER,AUTOMATIC,180000,35000,VIC,2016
2008 Holden Captiva,grey,DIESEL,HOLDEN,CAPTIVA,AUTOMATIC,203232,2800,VIC,2008
2014 Nissan Micra,red,PETROL,NISSAN,MICRA,MANUAL,185000,4900,QLD,2014
1985 Holden Commodore,white,PETROL,HOLDEN,COMMODORE,AUTOMATIC,123456,12584,QLD,1985
2014 Audi Q5,grey,DIESEL,AUDI,Q5,AUTOMATIC,92737,15999,QLD,2014
2015 Volkswagen golf 110tsi highline r-line,white,PETROL,VOLKSWAGEN,GOLF,AUTOMATIC,117000,17990,QLD,2015
2023 Ford Ranger,white,OTHER,FORD,RANGER,AUTOMATIC,46500,62990,WA,2023
2015 Holden Commodore,white,PETROL,HOLDEN,COMMODORE,AUTOMATIC,138683,12000,WA,2015
2007 Nissan Tiida,gold,PETROL,NISSAN,TIIDA,MANUAL,202000,3750,WA,2007
2001 Mazda MX-5,green,PETROL,MAZDA,MX-5,MANUAL,240000,11000,WA,2001
2004 BMW E46 325Ci,black,PETROL,BMW,E46 325CI,AUTOMATIC,142000,3500,WA,2004
2002 Toyota Corolla,grey,PETROL,TOYOTA,COROLLA,AUTOMATIC,345145,3000,WA,2002
2005 Nissan Patrol,white,DIESEL,NISSAN,PATROL,MANUAL,360000,28500,WA,2005
2007 Toyota Landcruiser 100,brown,PETROL,TOYOTA,LANDCRUISER,AUTOMATIC,360000,22500,WA,2007
2013 Toyota FJ Cruiser,white,PETROL,TOYOTA,FJ CRUISER,AUTOMATIC,146000,32500,WA,2013
2015 Nissan X-Trail,red,DIESEL,NISSAN,X-TRAIL,AUTOMATIC,185000,14000,WA,2015
2017 Toyota hilux workmate cold storage manual turbo diesel ute,white,DIESEL,TOYOTA,HILUX,MANUAL,229287,18850,QLD,2017
2015 Toyota Camry,grey,HYBRID,TOYOTA,CAMRY,AUTOMATIC,338000,15500,WA,2015
2009 BMW X3,silver,DIESEL,BMW,X3,AUTOMATIC,194723,11995,QLD,2009
2012 Volkswagen Golf,grey,OTHER,VOLKSWAGEN,GOLF,AUTOMATIC,180000,10000,QLD,2012
2024 Kia Picanto,white,PETROL,KIA,PICANTO,AUTOMATIC,6293,17300,QLD,2024
2012 Hyundai Veloster,white,OTHER,HYUNDAI,VELOSTER,AUTOMATIC,186000,9900,QLD,2012
2012 Ford Fiesta,blue,PETROL,FORD,FIESTA,AUTOMATIC,68889,8500,QLD,2012
2010 Ford Escape,black,PETROL,FORD,ESCAPE,AUTOMATIC,218000,7500,QLD,2010
2021 Audi Q5,grey,PETROL,AUDI,Q5,AUTOMATIC,36500,47300,QLD,2021
2024 Mazda BT-50,grey,DIESEL,MAZDA,BT-50,AUTOMATIC,37000,65000,QLD,2024
2020 MINI Cooper,green,PETROL,MINI,COOPER,AUTOMATIC,85000,21500,QLD,2020
2015 Toyota Corolla,silver,OTHER,TOYOTA,COROLLA,AUTOMATIC,80983,17500,SA,2015
2010 Jeep Cherokee,black,PETROL,JEEP,CHEROKEE,AUTOMATIC,91000,12000,SA,2010
2017 Nissan XTRAIL ST 4WD AUTO REGO&RWC ,blue,PETROL,NISSAN,XTRAIL ST 4WD AUTO REGO&RWC,AUTOMATIC,160959,12900,QLD,2017
2006 Nissan X-Trail,grey,PETROL,NISSAN,X-TRAIL,AUTOMATIC,206737,3300,WA,2006
2020 Hyundai Santa Fe,white,DIESEL,HYUNDAI,SANTA FE,AUTOMATIC,50000,31990,SA,2020
2013 BMW 316i,black,PETROL,BMW,SERIES 3,AUTOMATIC,115000,14990,SA,2013
2006 Nissan Pathfinder,silver,PETROL,NISSAN,PATHFINDER,AUTOMATIC,150000,6000,SA,2006
2008 Ford Falcon ,grey,PETROL,FORD,FALCON,AUTOMATIC,219000,14500,SA,2008
2004 Nissan Navara,white,DIESEL,NISSAN,NAVARA,MANUAL,220000,9500,SA,2004
2014 Toyota Corolla,grey,PETROL,TOYOTA,COROLLA,AUTOMATIC,85000,16500,SA,2014
2019 Volkswagen Golf,grey,PETROL,VOLKSWAGEN,GOLF,AUTOMATIC,65000,20000,SA,2019
2019 Holden Commodore,white,PETROL,HOLDEN,COMMODORE,AUTOMATIC,131515,18990,SA,2019
1996 Holden Commodore,grey,PETROL,HOLDEN,COMMODORE,AUTOMATIC,200000,2900,SA,1996
1997 Nissan Patrol,white,DIESEL,NISSAN,PATROL,MANUAL,453118,20000,SA,1997
2008 Holden Caprice,grey,PETROL,HOLDEN,CAPRICE,AUTOMATIC,200000,10000,SA,2008
2004 Toyota Camry,silver,PETROL,TOYOTA,CAMRY,AUTOMATIC,310000,3800,SA,2004
2009 Toyota RAV4,charcoal,PETROL,TOYOTA,RAV4,AUTOMATIC,321000,6000,NSW,2009
2016 Mazda CX-3,red,PETROL,MAZDA,CX-3,AUTOMATIC,99160,18500,NSW,2016
2016 Toyota Landcruiser 200,silver,DIESEL,TOYOTA,LANDCRUISER,AUTOMATIC,169555,80000,SA,2016
2019 Land Rover Discovery,black,DIESEL,LAND-ROVER,DISCOVERY,AUTOMATIC,130000,57000,NSW,2019
2007 Mazda CX-7,grey,PETROL,MAZDA,CX-7,AUTOMATIC,155157,6000,NSW,2007
2007 Volkswagen Jetta,blue,PETROL,VOLKSWAGEN,JETTA,AUTOMATIC,115571,3900,NSW,2007
2015 Volkswagen Golf,grey,PETROL,VOLKSWAGEN,GOLF,MANUAL,89200,7999,NSW,2015
2000 Mercedes-Benz Mercedes-Benz X250,white,DIESEL,MERCEDES-BENZ,MERCEDES-BENZ X250,MANUAL,800000,25000,NSW,2000
2015 BMW X4,white,DIESEL,BMW,X4,AUTOMATIC,150000,28500,NSW,2015
2017 Volkswagen Caddy,white,PETROL,VOLKSWAGEN,CADDY,AUTOMATIC,96000,25000,NSW,2017
2012 Ford Ranger,white,DIESEL,FORD,RANGER,MANUAL,216750,18000,NSW,2012
2012 BMW X5,white,DIESEL,BMW,X5,AUTOMATIC,126000,11500,NSW,2012
2014 Ford Ranger,white,DIESEL,FORD,RANGER,AUTOMATIC,148000,20900,NSW,2014
"2013 Subaru XV 2.0i-S LUXURY AWD 8/2013 MY14 AUTOMATIC LONG 28 FEB 2026 REG LOW 171,399 KMS 💥💥💥 FREE 5 YEAR WARRANTY 💥💥💥",white,PETROL,SUBARU,XV,AUTOMATIC,171399,12950,NSW,2013
2009 Toyota RAV4,white,PETROL,TOYOTA,RAV4,AUTOMATIC,273000,6500,NSW,2009
2011 Toyota Yaris,blue,PETROL,TOYOTA,YARIS,AUTOMATIC,128559,9999,NSW,2011
2011 Mitsubishi Outlander,black,PETROL,MITSUBISHI,OUTLANDER,AUTOMATIC,258273,6000,NSW,2011
2013 BMW series 3 328i M Sport,black,PETROL,BMW,SERIES 3,AUTOMATIC,167500,17500,NSW,2013
2006 Lexus LS460,white,OTHER,LEXUS,LS,AUTOMATIC,88000,18990,VIC,2006
2016 Renault Captur,white,OTHER,RENAULT,CAPTUR,AUTOMATIC,69000,14000,VIC,2016
2022 Kia Sportage,red,PETROL,KIA,SPORTAGE,AUTOMATIC,28000,34399,VIC,2022
2015 Nissan Pulsar,white,PETROL,NISSAN,PULSAR,AUTOMATIC,188585,4800,VIC,2015
2017 Ford Mustang,black,PETROL,FORD,MUSTANG,AUTOMATIC,49900,53000,VIC,2017
2008 Mercedes-Benz Viano,gold,DIESEL,MERCEDES-BENZ,VIANO,AUTOMATIC,275625,12000,VIC,2008
2015 MINI Clubman,black,PETROL,MINI,CLUBMAN,AUTOMATIC,93000,23500,VIC,2015
1993 Nissan Patrol,green,PETROL,NISSAN,PATROL,AUTOMATIC,346000,6000,VIC,1993
1996 Toyota Starlet,white,PETROL,TOYOTA,STARLET,MANUAL,127401,4500,VIC,1996
1976 Mercedes-Benz Mercedes-Benz 280SL,blue,PETROL,MERCEDES-BENZ,SL,AUTOMATIC,545500,13000,VIC,1976
2008 Subaru Forester,red,PETROL,SUBARU,FORESTER,AUTOMATIC,175800,12000,VIC,2008
1997 Honda Civic,red,PETROL,HONDA,CIVIC,MANUAL,257000,8000,VIC,1997
2021 Hyundai Kona,black,OTHER,HYUNDAI,KONA,AUTOMATIC,45000,19500,VIC,2021
2004 HSV Club Sport,red,OTHER,HSV,CLUB SPORT,AUTOMATIC,200000,30000,VIC,2004
2014 Toyota RAV4,black,PETROL,TOYOTA,RAV4,AUTOMATIC,140000,21500,VIC,2014
2017 Suzuki Baleno GL Auto Hatch,blue,PETROL,SUZUKI,BALENO,AUTOMATIC,133747,12999,VIC,2017
2010 Mazda CX-7,black,PETROL,MAZDA,CX-7,AUTOMATIC,305190,11000,VIC,2010
1997 Nissan Skyline,green,PETROL,NISSAN,SKYLINE,MANUAL,230000,42888,SA,1997
2017 Toyota Toyota Vitz,pink,HYBRID,TOYOTA,TOYOTA VITZ,AUTOMATIC,92000,15900,SA,2017
2001 Volkswagen Golf,silver,PETROL,VOLKSWAGEN,GOLF,MANUAL,290000,5500,VIC,2001
2007 Nissan Navara,black,DIESEL,NISSAN,NAVARA,AUTOMATIC,29000,5000,QLD,2007
2003 Mitsubishi pajero exceed,silver,PETROL,MITSUBISHI,PAJERO,AUTOMATIC,250000,5500,SA,2003
2001 Nissan Patrol,grey,DIESEL,NISSAN,PATROL,MANUAL,300,28500,NSW,2001
2022 Ford Ranger,charcoal,DIESEL,FORD,RANGER,AUTOMATIC,57000,80000,WA,2022
2018 Jeep Wrangler Unlimited,black,PETROL,JEEP,WRANGLER,AUTOMATIC,68000,42000,WA,2018
2020 Toyota Landcruiser,white,DIESEL,TOYOTA,LANDCRUISER,MANUAL,107812,90990,WA,2020
2017 Toyota Corolla,black,PETROL,TOYOTA,COROLLA,AUTOMATIC,152482,15700,WA,2017
2008 Ford Falcon,silver,PETROL,FORD,FALCON,AUTOMATIC,231000,6000,VIC,2008
2014 Mazda CX-9,silver,PETROL,MAZDA,CX-9,AUTOMATIC,212000,10500,WA,2014
2014 Nissan Pathfinder,blue,PETROL,NISSAN,PATHFINDER,AUTOMATIC,238500,14000,SA,2014
2008 Toyota Camry,red,PETROL,TOYOTA,CAMRY,AUTOMATIC,161000,8600,WA,2008
2021 Subaru Impreza,blue,PETROL,SUBARU,IMPREZA,AUTOMATIC,46524,26990,WA,2021
2010 Holden Commodore,red,PETROL,HOLDEN,COMMODORE,AUTOMATIC,82000,23000,WA,2010
2006 Holden Commodore,black,PETROL,HOLDEN,COMMODORE,AUTOMATIC,148000,25000,WA,2006
2001 Holden Commodore,orange,PETROL,HOLDEN,COMMODORE,AUTOMATIC,1500,14000,WA,2001
2012 Ford Ranger,white,DIESEL,FORD,RANGER,MANUAL,270000,8500,WA,2012
2010 Toyota Corolla,white,PETROL,TOYOTA,COROLLA,AUTOMATIC,257734,5999,WA,2010
2013 Holden Cruze,green,PETROL,HOLDEN,CRUZE,AUTOMATIC,170000,3000,WA,2013
2013 Nissan Altima,white,PETROL,NISSAN,ALTIMA,AUTOMATIC,96000,9999,NSW,2013
2009 Hyundai Tucson,green,PETROL,HYUNDAI,TUCSON,AUTOMATIC,224500,5000,NSW,2009
2011 Holden Commodore,red,PETROL,HOLDEN,COMMODORE,AUTOMATIC,198000,123456,WA,2011
2021 Toyota Camry,black,OTHER,TOYOTA,CAMRY,AUTOMATIC,60000,9999,NSW,2021
2024 Toyota 2024 Toyota Vellfire Hybrid ,black,HYBRID,TOYOTA,2024 TOYOTA VELLFIRE HYBRID,AUTOMATIC,2300,99000,NSW,2024
2008 Holden Barina,black,PETROL,HOLDEN,BARINA,MANUAL,178000,3000,WA,2008
2007 Honda Accord,white,PETROL,HONDA,ACCORD,AUTOMATIC,225000,4000,NSW,2007
2007 Toyota Corolla,red,PETROL,TOYOTA,COROLLA,MANUAL,292000,3500,NSW,2007
2013 Holden Commodore,white,PETROL,HOLDEN,COMMODORE,MANUAL,250000,6000,NSW,2013
2003 Subaru Forester,grey,DIESEL,SUBARU,FORESTER,MANUAL,306000,5000,WA,2003
2023 Toyota yaris cross,silver,PETROL,TOYOTA,YARIS CROSS,AUTOMATIC,18000,32999,NSW,2023
2017 Toyota Corolla,white,PETROL,TOYOTA,COROLLA,AUTOMATIC,196730,15000,NSW,2017
2013 Hyundai i30,white,PETROL,HYUNDAI,I30,AUTOMATIC,8888,8888,NSW,2013
2019 Audi S3,white,OTHER,AUDI,S3,AUTOMATIC,55000,41000,NSW,2019
2014 Land Rover Discovery,white,OTHER,LAND-ROVER,DISCOVERY,AUTOMATIC,273000,15000,NSW,2014
2011 Honda Odyssey,white,PETROL,HONDA,ODYSSEY,AUTOMATIC,317000,8000,NSW,2011
2016 Volkswagen transporter,grey,DIESEL,VOLKSWAGEN,TRANSPORTER,AUTOMATIC,280000,17999,QLD,2016
2013 Honda Civic,red,PETROL,HONDA,CIVIC,MANUAL,175000,7200,QLD,2013
2025 Toyota Hilux,silver,DIESEL,TOYOTA,HILUX,AUTOMATIC,14000,80000,QLD,2025
1996 Ford Fairmont,grey,PETROL,FORD,FAIRMONT,AUTOMATIC,145000,4500,NSW,1996
2007 Mitsubishi Outlander,white,PETROL,MITSUBISHI,OUTLANDER,AUTOMATIC,234672,3800,QLD,2007
2016 Nissan Qashqai,white,OTHER,NISSAN,QASHQAI,AUTOMATIC,160000,16000,NSW,2016
2019 Land Rover Discovery Sport,black,DIESEL,LAND-ROVER,DISCOVERY SPORT,AUTOMATIC,35473,42000,QLD,2019
2017 Toyota RAV4,red,PETROL,TOYOTA,RAV4,AUTOMATIC,175907,30000,QLD,2017
2013 BMW series 1,grey,PETROL,BMW,SERIES 1,AUTOMATIC,133000,17000,QLD,2013
2020 Toyota Landcruiser,white,DIESEL,TOYOTA,LANDCRUISER,MANUAL,72104,98000,QLD,2020
2012 Nissan X-Trail,gold,PETROL,NISSAN,X-TRAIL,AUTOMATIC,310000,6000,QLD,2012
2012 Toyota Camry,white,PETROL,TOYOTA,CAMRY,AUTOMATIC,166112,11800,QLD,2012
2019 Toyota kluger gx,grey,PETROL,TOYOTA,KLUGER,AUTOMATIC,92500,35000,QLD,2019
2015 Audi A5,white,DIESEL,AUDI,A5,AUTOMATIC,123000,19500,QLD,2015
2010 Toyota Camry,brown,HYBRID,TOYOTA,CAMRY,AUTOMATIC,208615,7500,QLD,2010
2020 Toyota Corolla Hybrid,white,PETROL,TOYOTA,COROLLA,AUTOMATIC,86653,24200,QLD,2020
2012 Holden Calais,gold,OTHER,HOLDEN,CALAIS,AUTOMATIC,20000,3800,QLD,2012
2008 Ford Focus,black,PETROL,FORD,FOCUS,AUTOMATIC,123003,7000,SA,2008
2007 Jeep Cherokee,green,PETROL,JEEP,CHEROKEE,AUTOMATIC,110000,7500,QLD,2007
2014 Ford Focus,red,PETROL,FORD,FOCUS,AUTOMATIC,174039,7500,SA,2014
2011 Hyundai Santa Fe,charcoal,DIESEL,HYUNDAI,SANTA FE,AUTOMATIC,300000,7200,SA,2011
2010 Toyota Hilux,white,DIESEL,TOYOTA,HILUX,MANUAL,348119,9995,QLD,2010
2002 Mitsubishi Pajero,red,PETROL,MITSUBISHI,PAJERO,AUTOMATIC,302000,6300,SA,2002
2017 Mazda CX-9,charcoal,PETROL,MAZDA,CX-9,AUTOMATIC,165000,28500,SA,2017
1994 Ford Ford Capri,white,PETROL,FORD,FORD CAPRI,AUTOMATIC,203000,5500,SA,1994
2011 Ford Falcon,blue,PETROL,FORD,FALCON,AUTOMATIC,100000,9000,SA,2011
2017 Ford Mustang,black,PETROL,FORD,MUSTANG,AUTOMATIC,45000,40000,SA,2017
2014 Mercedes-Benz A45 AMG,black,PETROL,MERCEDES-BENZ,A-CLASS,AUTOMATIC,133000,26000,SA,2014
1948 Ford F-100,black,PETROL,FORD,F-100,AUTOMATIC,666,70000,VIC,1948
2020 Toyota Hilux,white,DIESEL,TOYOTA,HILUX,AUTOMATIC,71000,56000,VIC,2020
2003 Toyota Avensis,grey,PETROL,TOYOTA,AVENSIS,AUTOMATIC,190000,4500,VIC,2003
2013 Holden Holden HJ,white,PETROL,HOLDEN,HOLDEN HJ,AUTOMATIC,140800,4000,VIC,2013
2011 Nissan Pathfinder,silver,DIESEL,NISSAN,PATHFINDER,AUTOMATIC,345000,9990,VIC,2011
2004 Toyota Landcruiser,black,PETROL,TOYOTA,LANDCRUISER,AUTOMATIC,350000,35000,VIC,2004
2006 Volkswagen Passat,black,PETROL,VOLKSWAGEN,PASSAT,AUTOMATIC,176000,7999,VIC,2006
2010 Subaru Forester,white,PETROL,SUBARU,FORESTER,AUTOMATIC,200000,7599,VIC,2010
2009 Holden Commodore,blue,PETROL,HOLDEN,COMMODORE,AUTOMATIC,275000,12000,VIC,2009
2006 Toyota Yaris,turquoise,PETROL,TOYOTA,YARIS,AUTOMATIC,300000,3500,QLD,2006
2008 Honda Civic,black,PETROL,HONDA,CIVIC,AUTOMATIC,200000,6000,QLD,2008
2022 Honda HR-V,blue,PETROL,HONDA,HR-V,AUTOMATIC,29000,29999,QLD,2022
2010 Audi A5,grey,DIESEL,AUDI,A5,AUTOMATIC,148000,13999,VIC,2010
2001 Toyota Hilux,purple,OTHER,TOYOTA,HILUX,MANUAL,12345,123456,VIC,2001
2017 Mitsubishi Lancer,white,PETROL,MITSUBISHI,LANCER,AUTOMATIC,71000,17999,QLD,2017
1976 Holden Holden Torana,grey,PETROL,HOLDEN,TORANA,MANUAL,123456,60000,QLD,1976
2008 Subaru Impreza,black,PETROL,SUBARU,IMPREZA,AUTOMATIC,206330,6500,QLD,2008
2017 Mitsubishi Lancer,red,OTHER,MITSUBISHI,LANCER,AUTOMATIC,75000,19000,QLD,2017
2017 Subaru Forester,grey,PETROL,SUBARU,FORESTER,AUTOMATIC,86000,21500,QLD,2017
2016 Nissan X-Trail,white,DIESEL,NISSAN,X-TRAIL,AUTOMATIC,310000,5900,QLD,2016
2006 Honda Civic,silver,HYBRID,HONDA,CIVIC,AUTOMATIC,183000,4500,NSW,2006
2015 Hyundai i20,white,PETROL,HYUNDAI,I20,AUTOMATIC,188000,7000,NSW,2015
2009 Hyundai Getz,green,PETROL,HYUNDAI,GETZ,AUTOMATIC,190000,5499,WA,2009
2003 Toyota Corolla,blue,PETROL,TOYOTA,COROLLA,AUTOMATIC,151000,6800,WA,2003
2024 Nissan X-Trail,white,PETROL,NISSAN,X-TRAIL,AUTOMATIC,12764,32888,WA,2024
2015 Nissan X-Trail,red,PETROL,NISSAN,X-TRAIL,AUTOMATIC,170400,14000,WA,2015
2000 Mitsubishi Lancer,white,PETROL,MITSUBISHI,LANCER,MANUAL,240000,3900,WA,2000
2012 Hyundai Santa Fe,grey,DIESEL,HYUNDAI,SANTA FE,AUTOMATIC,177400,8900,WA,2012
2014 Holden Commodore,blue,PETROL,HOLDEN,COMMODORE,MANUAL,117000,37000,WA,2014
2016 Nissan Micra,black,OTHER,NISSAN,MICRA,MANUAL,120000,6500,NSW,2016
1969 Mercedes-Benz Mercedes-Benz 300 SEL,blue,PETROL,MERCEDES-BENZ,MERCEDES-BENZ 300 SEL,AUTOMATIC,327000,20000,QLD,1969
2016 Volkswagen Passat TDi Highline Turbo Diesel GPS Camera Logbooks 2 Keys,white,DIESEL,VOLKSWAGEN,PASSAT,AUTOMATIC,137517,17999,NSW,2016
2016 Hyundai i30,red,PETROL,HYUNDAI,I30,AUTOMATIC,189000,8999,NSW,2016
2022 Mazda CX-30,silver,PETROL,MAZDA,CX-30,AUTOMATIC,131600,22999,WA,2022
2013 Hyundai Elantra,blue,PETROL,HYUNDAI,ELANTRA,AUTOMATIC,247661,3950,NSW,2013
2014 Hyundai i30,silver,PETROL,HYUNDAI,I30,MANUAL,143335,8300,NSW,2014
2018 Toyota Hilux,white,DIESEL,TOYOTA,HILUX,AUTOMATIC,162000,52000,NSW,2018
2011 Hyundai Accent,blue,PETROL,HYUNDAI,ACCENT,AUTOMATIC,172300,8499,NSW,2011
2008 Toyota Landcruiser Prado,grey,DIESEL,TOYOTA,LANDCRUISER,MANUAL,390000,20787,WA,2008
2007 Toyota Aurion,white,PETROL,TOYOTA,AURION,AUTOMATIC,159700,7900,NSW,2007
2003 Nissan navara d22 zd30,blue,DIESEL,NISSAN,NAVARA,MANUAL,30000,6700,SA,2003
2012 Toyota Landcruiser Prado Kakadu,grey,DIESEL,TOYOTA,LANDCRUISER,AUTOMATIC,397600,26000,NSW,2012
1993 Nissan Patrol,blue,PETROL,NISSAN,PATROL,MANUAL,300,10000,SA,1993
2007 Honda Accord,silver,PETROL,HONDA,ACCORD,AUTOMATIC,170500,6499,NSW,2007
2020 Kia carnival wagon s yp my20,white,DIESEL,KIA,CARNIVAL,AUTOMATIC,128171,28477,SA,2020
2012 Mitsubishi Pajero,white,DIESEL,MITSUBISHI,PAJERO,AUTOMATIC,238000,24000,SA,2012
2006 Ford BF MK2 ford falcon sedan ,blue,OTHER,FORD,FALCON,AUTOMATIC,258000,4500,SA,2006
2010 Ford Ranger,grey,OTHER,FORD,RANGER,MANUAL,151556,7950,SA,2010
2014 Hyundai Ix35,burgundy,PETROL,HYUNDAI,IX35,AUTOMATIC,173000,11500,SA,2014
2003 Holden Astra,silver,PETROL,HOLDEN,ASTRA,AUTOMATIC,170000,3500,SA,2003
2015 MINI cooper s hatch,orange,PETROL,MINI,COOPER,AUTOMATIC,144725,19490,SA,2015
2012 Volkswagen Tiguan,brown,PETROL,VOLKSWAGEN,TIGUAN,AUTOMATIC,125083,10500,SA,2012
2006 Mitsubishi Triton,white,PETROL,MITSUBISHI,TRITON,AUTOMATIC,314000,4500,SA,2006
2006 Mazda MX-5,silver,PETROL,MAZDA,MX-5,MANUAL,49000,30000,SA,2006
2015 Toyota Camry,red,PETROL,TOYOTA,CAMRY,AUTOMATIC,140000,15999,VIC,2015
2016 Audi q5 tdi sport edition,blue,DIESEL,AUDI,Q5,AUTOMATIC,106787,21990,VIC,2016
2018 Ford Ranger 3.2 *Tray 4x4 + Low kms*,white,DIESEL,FORD,RANGER,AUTOMATIC,130880,23888,VIC,2018
2016 Toyota Yaris,orange,PETROL,TOYOTA,YARIS,AUTOMATIC,126000,13000,VIC,2016
2001 BMW e46 325i,blue,PETROL,BMW,E46 325I,AUTOMATIC,247270,4500,VIC,2001
2012 Mitsubishi Lancer,blue,OTHER,MITSUBISHI,LANCER,AUTOMATIC,162500,8700,SA,2012
2013 Toyota Toyota Aqua,black,PETROL,TOYOTA,TOYOTA AQUA,AUTOMATIC,107032,17000,VIC,2013
2010 Holden Commodore,blue,PETROL,HOLDEN,COMMODORE,AUTOMATIC,197000,12600,VIC,2010
2009 Toyota Corolla,grey,PETROL,TOYOTA,COROLLA,AUTOMATIC,240000,5400,VIC,2009
2007 Mercedes-Benz Mercedes-Benz ML320 CDI,silver,DIESEL,MERCEDES-BENZ,MERCEDES-BENZ ML320 CDI,AUTOMATIC,257000,6900,VIC,2007
2010 Mitsubishi Outlander,red,PETROL,MITSUBISHI,OUTLANDER,AUTOMATIC,190000,8000,VIC,2010
2000 Mercedes-Benz S430,grey,OTHER,MERCEDES-BENZ,S-CLASS,AUTOMATIC,240000,8000,VIC,2000
2001 Holden Commodore,red,PETROL,HOLDEN,COMMODORE,AUTOMATIC,230000,2500,VIC,2001
2009 Holden Commodore,grey,PETROL,HOLDEN,COMMODORE,AUTOMATIC,240000,5500,VIC,2009
1995 Holden Calais,black,PETROL,HOLDEN,CALAIS,AUTOMATIC,240000,28500,VIC,1995
2007 Toyota HILUX,white,DIESEL,TOYOTA,HILUX,AUTOMATIC,282713,19990,VIC,2007
1991 Holden Commodore,red,OTHER,HOLDEN,COMMODORE,AUTOMATIC,200000,22222,VIC,1991
2020 Toyota Hilux,charcoal,OTHER,TOYOTA,HILUX,AUTOMATIC,90000,49500,VIC,2020
2019 Jeep grand cherokee night eagle rwc,black,DIESEL,JEEP,GRAND CHEROKEE,AUTOMATIC,147273,25500,QLD,2019
1991 Toyota Landcruiser,black,DIESEL,TOYOTA,LANDCRUISER,MANUAL,290000,18000,VIC,1991
2017 Toyota Camry,white,OTHER,TOYOTA,CAMRY,AUTOMATIC,316000,12000,VIC,2017
2015 Mercedes-Benz Mercedes-Benz C230,silver,DIESEL,MERCEDES-BENZ,MERCEDES-BENZ C230,AUTOMATIC,113371,22400,QLD,2015
2012 Mazda CX-5 Maxx Sport,white,PETROL,MAZDA,CX-5,AUTOMATIC,183000,13500,QLD,2012
1975 Volkswagen Kombi,pink,PETROL,VOLKSWAGEN,KOMBI,MANUAL,1000,18000,QLD,1975
2013 Toyota Landcruiser Prado,silver,DIESEL,TOYOTA,LANDCRUISER,AUTOMATIC,238000,25999,VIC,2013
2019 Mercedes-Benz cla-class,grey,PETROL,MERCEDES-BENZ,A-CLASS,AUTOMATIC,60000,45000,VIC,2019
2022 BMW X3,black,PETROL,BMW,X3,AUTOMATIC,75000,56500,VIC,2022
2019 Hyundai Tucson,white,PETROL,HYUNDAI,TUCSON,AUTOMATIC,96000,21700,VIC,2019
2008 Nissan Patrol,white,DIESEL,NISSAN,PATROL,MANUAL,245000,14000,VIC,2008
2015 Volkswagen Polo GTI RWC+REGO,black,PETROL,VOLKSWAGEN,POLO,AUTOMATIC,166000,14500,VIC,2015
2020 Volvo XC60,blue,PETROL,VOLVO,XC60,AUTOMATIC,99500,29000,VIC,2020
2019 Ford RANGER WILDTRAK PX MKlll AUTO,silver,DIESEL,FORD,RANGER,AUTOMATIC,247000,27999,SA,2019
2002 Mercedes-Benz Sedan,white,PETROL,MERCEDES-BENZ,SEDAN,AUTOMATIC,181000,5900,SA,2002
2021 Nissan Qashqai,grey,PETROL,NISSAN,QASHQAI,AUTOMATIC,67502,24950,VIC,2021
2013 Hyundai 2013 Hyundai ix35 LM3 Elite Wagon 5dr Spts Auto 6sp 473kg 2.0i,grey,PETROL,HYUNDAI,IX35,AUTOMATIC,232045,8990,VIC,2013
2015 Mitsubishi Lancer,white,PETROL,MITSUBISHI,LANCER,AUTOMATIC,252433,9500,VIC,2015
